customer_id,region,segment,signup_date
C00001,Cuyo,SMB,2026-03-16
C00002,Buenos Aires,SMB,2026-02-03
C00003,Córdoba,Consumer,2026-03-16
C00004,Cuyo,Consumer,2026-02-27
C00005,Cuyo,SMB,2025-12-10
C00006,NOA,Enterprise,2026-03-23
C00007,Cuyo,SMB,2025-12-22
C00008,Cuyo,SMB,2026-03-07
C00009,NOA,Consumer,2026-01-15
C00010,Córdoba,SMB,2025-10-06
C00011,Buenos Aires,Enterprise,2026-03-30
C00012,Buenos Aires,Consumer,2026-02-02
C00013,Córdoba,Enterprise,2025-10-13
C00014,Cuyo,SMB,2026-01-13
C00015,Cuyo,Consumer,2026-02-18
C00016,Córdoba,Consumer,2025-12-09
C00017,Córdoba,Enterprise,2025-12-16
C00018,Buenos Aires,SMB,2025-10-21
C00019,Patagonia,Consumer,2025-12-09
C00020,Buenos Aires,SMB,2025-10-27
C00021,NOA,SMB,2025-12-01
C00022,Cuyo,SMB,2026-02-19
C00023,Buenos Aires,Consumer,2025-10-23
C00024,Buenos Aires,SMB,2025-11-28
C00025,Buenos Aires,SMB,2026-03-27
C00026,Buenos Aires,SMB,2026-01-24
C00027,Cuyo,SMB,2025-11-25
C00028,Patagonia,SMB,2026-01-14
C00029,Patagonia,Consumer,2025-11-04
C00030,Cuyo,Consumer,2026-02-09
C00031,Buenos Aires,SMB,2025-11-29
C00032,Cuyo,SMB,2026-02-07
C00033,Cuyo,SMB,2026-02-01
C00034,Patagonia,Consumer,2025-12-09
C00035,Buenos Aires,SMB,2025-11-27
C00036,Cuyo,Consumer,2025-10-28
C00037,Córdoba,Enterprise,2025-11-29
C00038,Cuyo,Consumer,2026-01-01
C00039,NOA,SMB,2026-01-06
C00040,Cuyo,Consumer,2025-11-17
C00041,Cuyo,Consumer,2026-02-08
C00042,Cuyo,SMB,2026-02-13
C00043,Buenos Aires,Consumer,2026-02-26
C00044,Buenos Aires,Consumer,2026-01-11
C00045,NOA,SMB,2025-10-07
C00046,Córdoba,SMB,2026-01-15
C00047,Buenos Aires,SMB,2026-02-22
C00048,Cuyo,Consumer,2026-02-11
C00049,Cuyo,SMB,2026-01-02
C00050,NOA,Consumer,2026-02-08
C00051,Buenos Aires,SMB,2025-11-23
C00052,Córdoba,Consumer,2025-12-26
C00053,Cuyo,Consumer,2025-11-17
C00054,Cuyo,Consumer,2026-02-26
C00055,Patagonia,SMB,2026-02-09
C00056,Buenos Aires,Consumer,2026-02-18
C00057,Buenos Aires,Enterprise,2026-03-21
C00058,Buenos Aires,SMB,2026-02-21
C00059,Cuyo,Consumer,2026-01-19
C00060,Cuyo,Consumer,2025-10-18
C00061,Cuyo,Consumer,2025-12-03
C00062,Patagonia,Consumer,2026-02-20
C00063,Buenos Aires,SMB,2025-11-14
C00064,Cuyo,SMB,2026-01-10
C00065,Córdoba,SMB,2025-10-05
C00066,Cuyo,Enterprise,2025-12-25
C00067,Cuyo,Consumer,2026-03-28
C00068,Buenos Aires,Consumer,2026-02-18
C00069,Patagonia,SMB,2025-12-01
C00070,Cuyo,Consumer,2026-03-09
C00071,Patagonia,Consumer,2025-10-21
C00072,Cuyo,Enterprise,2026-02-27
C00073,Cuyo,SMB,2026-02-19
C00074,Cuyo,SMB,2025-10-10
C00075,Cuyo,SMB,2025-11-14
C00076,Córdoba,SMB,2026-03-10
C00077,Buenos Aires,Enterprise,2025-12-02
C00078,Patagonia,Enterprise,2025-11-01
C00079,Cuyo,Enterprise,2026-01-12
C00080,Buenos Aires,SMB,2026-01-09
C00081,Cuyo,Consumer,2025-12-20
C00082,NOA,SMB,2026-03-17
C00083,NOA,SMB,2025-12-01
C00084,Buenos Aires,Consumer,2025-11-08
C00085,Buenos Aires,Enterprise,2025-11-16
C00086,Buenos Aires,Enterprise,2026-02-01
C00087,Córdoba,SMB,2025-12-30
C00088,Cuyo,SMB,2025-11-30
C00089,Cuyo,SMB,2026-03-19
C00090,Buenos Aires,Enterprise,2025-10-30
C00091,Cuyo,Consumer,2026-03-14
C00092,Patagonia,SMB,2026-03-06
C00093,Córdoba,Consumer,2025-10-06
C00094,Buenos Aires,SMB,2026-02-22
C00095,Córdoba,SMB,2025-11-23
C00096,Córdoba,Consumer,2026-03-16
C00097,Córdoba,SMB,2026-01-25
C00098,NOA,Consumer,2025-10-12
C00099,Cuyo,Enterprise,2026-03-15
C00100,Córdoba,Enterprise,2025-11-06
C00101,Cuyo,Consumer,2025-12-27
C00102,Buenos Aires,SMB,2025-10-15
C00103,Córdoba,SMB,2025-11-19
C00104,Patagonia,Consumer,2025-10-14
C00105,Córdoba,Consumer,2026-02-27
C00106,Cuyo,SMB,2025-12-29
C00107,Buenos Aires,Consumer,2026-01-31
C00108,Cuyo,SMB,2026-02-27
C00109,NOA,Consumer,2025-11-12
C00110,Cuyo,Consumer,2026-02-27
C00111,Cuyo,Consumer,2025-12-20
C00112,Buenos Aires,SMB,2025-10-02
C00113,Cuyo,Consumer,2025-10-12
C00114,Patagonia,Enterprise,2025-11-28
C00115,Córdoba,Consumer,2025-11-15
C00116,Cuyo,Consumer,2025-11-28
C00117,Buenos Aires,Consumer,2026-01-05
C00118,Cuyo,Consumer,2026-03-24
C00119,Córdoba,SMB,2025-10-19
C00120,Cuyo,SMB,2025-11-21
C00121,Cuyo,Consumer,2025-11-29
C00122,Cuyo,Enterprise,2026-02-17
C00123,Buenos Aires,Consumer,2026-02-18
C00124,Córdoba,SMB,2025-11-01
C00125,Buenos Aires,SMB,2026-02-15
C00126,Córdoba,Consumer,2025-11-06
C00127,Buenos Aires,SMB,2026-01-28
C00128,Cuyo,SMB,2026-01-28
C00129,Buenos Aires,SMB,2025-11-04
C00130,Buenos Aires,Consumer,2026-01-12
C00131,NOA,Consumer,2025-12-22
C00132,Cuyo,Consumer,2026-01-11
C00133,Cuyo,SMB,2025-12-17
C00134,Buenos Aires,Consumer,2025-10-30
C00135,NOA,SMB,2026-02-23
C00136,NOA,SMB,2026-03-02
C00137,Córdoba,Enterprise,2025-12-10
C00138,Cuyo,Consumer,2026-03-03
C00139,Patagonia,SMB,2026-01-09
C00140,Córdoba,Consumer,2025-11-14
C00141,Cuyo,SMB,2025-12-13
C00142,Buenos Aires,SMB,2026-01-13
C00143,Cuyo,SMB,2025-10-28
C00144,Patagonia,Consumer,2025-11-30
C00145,Córdoba,Consumer,2025-11-03
C00146,Patagonia,Consumer,2025-11-04
C00147,Córdoba,Enterprise,2025-11-11
C00148,Cuyo,SMB,2026-03-21
C00149,Córdoba,SMB,2025-11-27
C00150,Cuyo,SMB,2026-01-10
C00151,Cuyo,SMB,2026-02-05
C00152,Buenos Aires,SMB,2025-10-18
C00153,Buenos Aires,Consumer,2025-12-21
C00154,Cuyo,SMB,2025-12-19
C00155,Córdoba,Enterprise,2026-02-04
C00156,Córdoba,Consumer,2025-11-16
C00157,Cuyo,SMB,2025-12-30
C00158,Córdoba,SMB,2026-03-27
C00159,Buenos Aires,SMB,2026-02-22
C00160,Córdoba,SMB,2025-11-21
C00161,Cuyo,Enterprise,2026-01-28
C00162,Córdoba,Enterprise,2025-12-26
C00163,Buenos Aires,Enterprise,2025-10-05
C00164,Buenos Aires,Consumer,2025-11-30
C00165,Córdoba,Enterprise,2025-12-23
C00166,Buenos Aires,Enterprise,2025-10-20
C00167,Cuyo,Consumer,2026-03-27
C00168,NOA,Consumer,2026-03-11
C00169,Cuyo,Enterprise,2025-10-12
C00170,Buenos Aires,Enterprise,2026-02-06
C00171,Buenos Aires,SMB,2025-10-15
C00172,Cuyo,SMB,2026-03-17
C00173,Cuyo,SMB,2026-02-12
C00174,Córdoba,Enterprise,2026-03-06
C00175,Córdoba,SMB,2026-02-08
C00176,Córdoba,Enterprise,2026-01-18
C00177,NOA,SMB,2026-02-06
C00178,Córdoba,SMB,2026-01-14
C00179,Cuyo,SMB,2026-02-28
C00180,Córdoba,Consumer,2026-02-05
C00181,Buenos Aires,SMB,2026-01-16
C00182,Córdoba,Consumer,2025-12-10
C00183,Buenos Aires,SMB,2025-11-19
C00184,Cuyo,Enterprise,2026-02-10
C00185,Patagonia,SMB,2025-10-30
C00186,Córdoba,Consumer,2025-10-25
C00187,Córdoba,Consumer,2025-12-12
C00188,Buenos Aires,SMB,2026-01-15
C00189,Córdoba,SMB,2026-03-01
C00190,Buenos Aires,Consumer,2026-02-05
C00191,Buenos Aires,Enterprise,2025-10-08
C00192,Cuyo,SMB,2025-10-25
C00193,Buenos Aires,SMB,2025-12-12
C00194,Patagonia,Consumer,2025-10-09
C00195,Córdoba,Consumer,2025-12-17
C00196,Patagonia,SMB,2025-12-15
C00197,Buenos Aires,Enterprise,2026-03-06
C00198,Patagonia,SMB,2026-02-18
C00199,Cuyo,Consumer,2026-02-15
C00200,Patagonia,Consumer,2025-11-26
C00201,Buenos Aires,Consumer,2025-10-07
C00202,Cuyo,Consumer,2025-10-31
C00203,Córdoba,SMB,2026-03-26
C00204,Buenos Aires,Consumer,2026-02-05
C00205,Buenos Aires,Enterprise,2025-10-17
C00206,Patagonia,Consumer,2026-02-10
C00207,Cuyo,Consumer,2026-02-17
C00208,Córdoba,Consumer,2025-11-21
C00209,Buenos Aires,Consumer,2026-03-04
C00210,Buenos Aires,Consumer,2025-10-30
C00211,Buenos Aires,Enterprise,2025-10-14
C00212,Cuyo,SMB,2025-12-19
C00213,Buenos Aires,SMB,2025-11-01
C00214,Patagonia,Consumer,2025-11-02
C00215,Cuyo,Consumer,2026-01-23
C00216,Cuyo,SMB,2025-10-03
C00217,Cuyo,SMB,2026-01-09
C00218,Buenos Aires,Consumer,2026-02-28
C00219,NOA,SMB,2025-10-29
C00220,Cuyo,Enterprise,2026-01-04
C00221,NOA,Consumer,2025-11-26
C00222,Buenos Aires,SMB,2025-11-03
C00223,Cuyo,Consumer,2026-02-18
C00224,Buenos Aires,Enterprise,2025-11-23
C00225,Cuyo,Consumer,2025-12-12
C00226,Córdoba,Consumer,2025-11-28
C00227,Buenos Aires,Enterprise,2026-03-24
C00228,Cuyo,SMB,2025-12-18
C00229,Cuyo,Consumer,2026-03-13
C00230,Patagonia,SMB,2026-03-19
C00231,Córdoba,SMB,2025-12-22
C00232,Buenos Aires,Enterprise,2026-02-24
C00233,Buenos Aires,Consumer,2025-11-23
C00234,Córdoba,Consumer,2025-10-20
C00235,NOA,Consumer,2025-10-14
C00236,Cuyo,Consumer,2026-02-06
C00237,Cuyo,Consumer,2026-01-28
C00238,Buenos Aires,SMB,2025-12-22
C00239,Buenos Aires,Consumer,2025-11-09
C00240,Cuyo,SMB,2025-11-16
C00241,Cuyo,SMB,2026-02-13
C00242,Cuyo,Consumer,2025-10-13
C00243,Buenos Aires,Enterprise,2026-01-29
C00244,Córdoba,Consumer,2026-01-22
C00245,Córdoba,SMB,2026-03-04
C00246,Cuyo,Enterprise,2026-03-26
C00247,Cuyo,SMB,2025-10-05
C00248,Buenos Aires,Consumer,2025-10-06
C00249,Patagonia,Consumer,2026-02-25
C00250,NOA,SMB,2026-03-15
C00251,Buenos Aires,SMB,2026-02-08
C00252,Patagonia,SMB,2026-03-05
C00253,NOA,SMB,2025-10-16
C00254,Buenos Aires,SMB,2025-11-29
C00255,Córdoba,Consumer,2026-02-12
C00256,Buenos Aires,Consumer,2026-02-08
C00257,Cuyo,SMB,2025-11-06
C00258,Buenos Aires,SMB,2026-02-06
C00259,Cuyo,SMB,2025-10-02
C00260,Córdoba,SMB,2026-02-04
C00261,Patagonia,SMB,2026-03-23
C00262,NOA,SMB,2026-01-22
C00263,Buenos Aires,Consumer,2026-02-22
C00264,Cuyo,SMB,2026-02-25
C00265,NOA,SMB,2025-11-30
C00266,Patagonia,SMB,2026-03-07
C00267,NOA,Consumer,2026-01-25
C00268,Buenos Aires,SMB,2025-11-13
C00269,Córdoba,SMB,2025-12-21
C00270,Buenos Aires,Consumer,2026-01-01
C00271,Cuyo,Enterprise,2025-11-01
C00272,Cuyo,SMB,2026-03-15
C00273,Córdoba,Enterprise,2025-12-03
C00274,Buenos Aires,SMB,2025-10-19
C00275,Córdoba,SMB,2026-01-19
C00276,Buenos Aires,Consumer,2026-01-09
C00277,Buenos Aires,SMB,2025-12-06
C00278,NOA,SMB,2026-02-23
C00279,Cuyo,SMB,2026-01-27
C00280,Buenos Aires,SMB,2026-03-13
C00281,Cuyo,Enterprise,2025-12-18
C00282,NOA,Consumer,2026-01-28
C00283,Buenos Aires,Consumer,2025-10-03
C00284,Buenos Aires,Consumer,2026-01-04
C00285,Cuyo,Enterprise,2025-10-04
C00286,Buenos Aires,SMB,2025-12-30
C00287,Buenos Aires,SMB,2026-02-03
C00288,Cuyo,Consumer,2025-11-18
C00289,Cuyo,SMB,2026-01-07
C00290,Buenos Aires,Enterprise,2025-12-01
C00291,Buenos Aires,SMB,2025-10-30
C00292,Buenos Aires,Consumer,2026-02-03
C00293,NOA,SMB,2026-03-14
C00294,NOA,SMB,2026-03-10
C00295,NOA,SMB,2026-02-26
C00296,Córdoba,SMB,2026-03-22
C00297,Buenos Aires,SMB,2025-11-22
C00298,Buenos Aires,Enterprise,2026-03-18
C00299,Buenos Aires,Consumer,2026-03-28
C00300,Buenos Aires,SMB,2025-11-18
C00301,Cuyo,Consumer,2025-11-06
C00302,Córdoba,SMB,2025-11-14
C00303,Cuyo,SMB,2025-11-07
C00304,Cuyo,Consumer,2025-10-15
C00305,Buenos Aires,Enterprise,2026-03-16
C00306,Córdoba,SMB,2026-03-13
C00307,Buenos Aires,SMB,2025-11-23
C00308,Buenos Aires,Consumer,2026-01-10
C00309,Córdoba,Consumer,2026-03-03
C00310,Cuyo,SMB,2025-11-30
C00311,Cuyo,Enterprise,2025-12-11
C00312,Buenos Aires,SMB,2026-01-27
C00313,Buenos Aires,SMB,2025-11-20
C00314,Patagonia,SMB,2026-02-28
C00315,Buenos Aires,SMB,2026-02-17
C00316,Córdoba,Consumer,2026-02-10
C00317,Cuyo,SMB,2025-12-22
C00318,Cuyo,SMB,2025-11-04
C00319,Buenos Aires,SMB,2025-10-12
C00320,Cuyo,SMB,2026-01-11
C00321,Cuyo,SMB,2025-12-06
C00322,Cuyo,Consumer,2025-10-04
C00323,Buenos Aires,Consumer,2025-10-11
C00324,Buenos Aires,SMB,2025-11-20
C00325,Buenos Aires,SMB,2026-01-30
C00326,Patagonia,SMB,2026-01-12
C00327,Buenos Aires,Consumer,2026-03-20
C00328,Cuyo,Enterprise,2026-01-25
C00329,Buenos Aires,Consumer,2026-03-10
C00330,Cuyo,SMB,2025-11-08
C00331,Buenos Aires,Enterprise,2026-01-25
C00332,Buenos Aires,Consumer,2026-02-02
C00333,Buenos Aires,Consumer,2025-11-28
C00334,Cuyo,SMB,2025-12-03
C00335,Buenos Aires,SMB,2025-10-30
C00336,Córdoba,Consumer,2025-10-11
C00337,Córdoba,Enterprise,2026-01-29
C00338,NOA,SMB,2026-03-29
C00339,Buenos Aires,SMB,2026-01-28
C00340,Córdoba,Enterprise,2026-01-11
C00341,Buenos Aires,SMB,2026-02-17
C00342,Cuyo,SMB,2026-01-19
C00343,Patagonia,SMB,2026-03-12
C00344,Córdoba,Consumer,2025-10-30
C00345,NOA,Enterprise,2026-01-25
C00346,Patagonia,Enterprise,2026-02-15
C00347,NOA,SMB,2025-12-10
C00348,Cuyo,SMB,2025-10-13
C00349,Cuyo,SMB,2026-01-11
C00350,Cuyo,Enterprise,2025-10-30
C00351,Buenos Aires,SMB,2026-03-15
C00352,Córdoba,Enterprise,2026-03-01
C00353,Buenos Aires,SMB,2025-12-23
C00354,Buenos Aires,SMB,2026-02-17
C00355,Córdoba,Enterprise,2026-03-14
C00356,Cuyo,SMB,2025-12-20
C00357,Córdoba,SMB,2026-03-06
C00358,Cuyo,Consumer,2025-10-29
C00359,Cuyo,SMB,2025-11-17
C00360,Córdoba,Consumer,2025-12-28
C00361,Córdoba,Consumer,2026-02-12
C00362,Buenos Aires,Consumer,2025-11-19
C00363,Cuyo,SMB,2026-01-12
C00364,Patagonia,Enterprise,2025-12-07
C00365,Cuyo,SMB,2025-10-01
C00366,Cuyo,Consumer,2025-11-01
C00367,Cuyo,Consumer,2025-12-26
C00368,Cuyo,SMB,2026-03-15
C00369,Patagonia,SMB,2025-10-26
C00370,Cuyo,Enterprise,2026-02-28
C00371,NOA,Consumer,2026-03-31
C00372,Cuyo,Enterprise,2026-03-29
C00373,Buenos Aires,Consumer,2026-03-29
C00374,Buenos Aires,Consumer,2025-12-03
C00375,Buenos Aires,SMB,2026-01-21
C00376,Buenos Aires,SMB,2025-12-18
C00377,Cuyo,Consumer,2025-10-29
C00378,Buenos Aires,SMB,2026-02-02
C00379,Cuyo,Enterprise,2025-10-24
C00380,Cuyo,Consumer,2026-03-17
C00381,NOA,Consumer,2025-10-31
C00382,Cuyo,Enterprise,2025-10-24
C00383,Cuyo,Enterprise,2025-12-05
C00384,Córdoba,Consumer,2025-10-25
C00385,Patagonia,Consumer,2026-01-17
C00386,Cuyo,SMB,2025-10-13
C00387,Buenos Aires,Consumer,2026-01-06
C00388,Córdoba,Consumer,2025-10-09
C00389,Córdoba,SMB,2026-02-21
C00390,Córdoba,SMB,2025-11-09
C00391,Cuyo,SMB,2025-10-14
C00392,Cuyo,Enterprise,2025-11-24
C00393,Córdoba,Consumer,2025-11-26
C00394,Córdoba,SMB,2025-12-21
C00395,Patagonia,Consumer,2026-01-17
C00396,Córdoba,SMB,2026-02-03
C00397,Buenos Aires,SMB,2026-01-09
C00398,Cuyo,SMB,2026-02-14
C00399,Patagonia,SMB,2026-03-11
C00400,Córdoba,Consumer,2026-03-13
C00401,Buenos Aires,SMB,2026-03-04
C00402,Córdoba,SMB,2026-02-22
C00403,Buenos Aires,Consumer,2026-03-05
C00404,Buenos Aires,SMB,2025-11-26
C00405,Buenos Aires,SMB,2026-02-16
C00406,Buenos Aires,Consumer,2026-03-30
C00407,Córdoba,Consumer,2026-03-18
C00408,NOA,Consumer,2025-12-02
C00409,Patagonia,SMB,2025-12-04
C00410,Buenos Aires,Enterprise,2025-10-26
C00411,Buenos Aires,SMB,2026-03-26
C00412,NOA,SMB,2026-03-12
C00413,Buenos Aires,Consumer,2026-03-01
C00414,Patagonia,SMB,2026-03-16
C00415,Cuyo,Consumer,2026-03-15
C00416,Buenos Aires,Consumer,2025-12-18
C00417,Buenos Aires,Consumer,2026-03-28
C00418,Patagonia,SMB,2025-11-04
C00419,Patagonia,Consumer,2025-12-30
C00420,Cuyo,SMB,2025-11-27
C00421,Córdoba,Consumer,2026-03-14
C00422,Córdoba,SMB,2026-03-21
C00423,Cuyo,Consumer,2025-10-21
C00424,Patagonia,SMB,2025-10-18
C00425,Buenos Aires,Consumer,2025-10-27
C00426,NOA,Enterprise,2026-02-09
C00427,Cuyo,SMB,2026-01-23
C00428,Buenos Aires,Enterprise,2025-10-07
C00429,Buenos Aires,Consumer,2025-10-28
C00430,Córdoba,Consumer,2026-01-26
C00431,Córdoba,Consumer,2026-02-01
C00432,Buenos Aires,SMB,2026-02-25
C00433,Buenos Aires,SMB,2026-03-29
C00434,Buenos Aires,SMB,2026-01-18
C00435,Buenos Aires,Consumer,2026-03-25
C00436,Patagonia,SMB,2025-10-02
C00437,Buenos Aires,Enterprise,2025-10-18
C00438,Buenos Aires,SMB,2025-10-13
C00439,Cuyo,SMB,2025-10-08
C00440,Cuyo,Consumer,2025-12-29
C00441,NOA,Enterprise,2025-10-29
C00442,Buenos Aires,Consumer,2026-02-16
C00443,Patagonia,Consumer,2026-01-21
C00444,Buenos Aires,Consumer,2025-10-24
C00445,NOA,SMB,2026-01-04
C00446,Cuyo,SMB,2025-12-09
C00447,NOA,Consumer,2025-12-15
C00448,Córdoba,SMB,2026-03-24
C00449,Buenos Aires,Consumer,2026-01-12
C00450,Córdoba,SMB,2025-10-02
C00451,Córdoba,Enterprise,2026-02-28
C00452,Buenos Aires,SMB,2026-03-27
C00453,Córdoba,Consumer,2026-01-14
C00454,Cuyo,SMB,2025-11-04
C00455,Cuyo,SMB,2026-03-29
C00456,Córdoba,SMB,2025-11-04
C00457,Buenos Aires,Consumer,2025-11-15
C00458,NOA,SMB,2026-03-05
C00459,Cuyo,SMB,2026-03-09
C00460,Patagonia,Consumer,2026-03-26
C00461,NOA,SMB,2025-10-25
C00462,Patagonia,SMB,2026-02-12
C00463,NOA,Enterprise,2025-11-17
C00464,Cuyo,SMB,2025-10-02
C00465,Cuyo,Consumer,2025-12-06
C00466,Cuyo,SMB,2025-10-31
C00467,Buenos Aires,Consumer,2026-03-17
C00468,Cuyo,SMB,2026-03-26
C00469,Cuyo,Consumer,2026-02-01
C00470,Cuyo,Consumer,2026-01-10
C00471,NOA,SMB,2025-12-19
C00472,Buenos Aires,SMB,2026-02-23
C00473,Córdoba,Consumer,2025-11-05
C00474,Buenos Aires,SMB,2026-02-26
C00475,Córdoba,SMB,2025-10-26
C00476,Patagonia,Enterprise,2026-01-13
C00477,Buenos Aires,Enterprise,2025-12-26
C00478,Buenos Aires,Consumer,2025-11-12
C00479,Cuyo,Consumer,2026-02-22
C00480,Cuyo,Consumer,2025-11-26
C00481,Cuyo,SMB,2026-02-28
C00482,Buenos Aires,Enterprise,2026-03-06
C00483,Buenos Aires,Consumer,2026-02-18
C00484,Buenos Aires,Consumer,2026-03-26
C00485,Buenos Aires,Enterprise,2025-10-26
C00486,Buenos Aires,Enterprise,2025-11-07
C00487,Patagonia,SMB,2026-02-12
C00488,Cuyo,SMB,2026-02-02
C00489,Cuyo,SMB,2025-10-29
C00490,Cuyo,SMB,2026-02-19
C00491,Patagonia,SMB,2025-11-09
C00492,Córdoba,SMB,2025-11-03
C00493,Córdoba,SMB,2025-11-05
C00494,NOA,SMB,2026-01-13
C00495,Cuyo,Consumer,2026-02-08
C00496,NOA,SMB,2026-01-30
C00497,Cuyo,Enterprise,2026-03-19
C00498,Buenos Aires,Consumer,2025-12-10
C00499,Córdoba,SMB,2026-02-09
C00500,Córdoba,SMB,2025-12-09
C00501,Cuyo,SMB,2026-03-10
C00502,Buenos Aires,Enterprise,2025-11-28
C00503,Cuyo,SMB,2025-11-23
C00504,Cuyo,SMB,2026-02-12
C00505,NOA,SMB,2026-02-18
C00506,NOA,SMB,2026-03-12
C00507,Buenos Aires,SMB,2026-02-13
C00508,Córdoba,Consumer,2026-01-17
C00509,NOA,SMB,2025-12-12
C00510,Buenos Aires,Consumer,2025-10-17
C00511,NOA,SMB,2025-12-08
C00512,Buenos Aires,SMB,2026-02-11
C00513,Cuyo,Consumer,2025-12-06
C00514,Buenos Aires,SMB,2025-12-08
C00515,Buenos Aires,SMB,2025-11-11
C00516,Córdoba,Consumer,2026-03-17
C00517,Córdoba,Consumer,2026-02-24
C00518,Cuyo,SMB,2025-12-23
C00519,Córdoba,SMB,2026-03-07
C00520,NOA,SMB,2026-01-19
C00521,Córdoba,SMB,2025-11-30
C00522,NOA,Consumer,2026-01-17
C00523,Buenos Aires,SMB,2026-02-11
C00524,Patagonia,Consumer,2026-03-12
C00525,Cuyo,Consumer,2025-12-12
C00526,Patagonia,Consumer,2026-02-02
C00527,Buenos Aires,Consumer,2026-01-31
C00528,Patagonia,SMB,2026-01-09
C00529,Buenos Aires,SMB,2025-12-11
C00530,Córdoba,SMB,2026-01-16
C00531,Patagonia,Enterprise,2025-12-22
C00532,Córdoba,Enterprise,2026-01-19
C00533,Córdoba,SMB,2025-12-30
C00534,NOA,Consumer,2026-02-08
C00535,Cuyo,SMB,2025-12-20
C00536,Cuyo,Enterprise,2026-03-18
C00537,Buenos Aires,SMB,2026-01-28
C00538,NOA,SMB,2025-12-15
C00539,Córdoba,Consumer,2026-02-06
C00540,Buenos Aires,SMB,2025-12-29
C00541,Cuyo,Enterprise,2026-03-03
C00542,Buenos Aires,SMB,2026-02-13
C00543,Buenos Aires,Consumer,2026-02-22
C00544,Buenos Aires,Consumer,2026-03-08
C00545,Córdoba,Consumer,2025-10-20
C00546,Cuyo,Consumer,2026-02-26
C00547,Patagonia,SMB,2025-12-18
C00548,Cuyo,Enterprise,2026-02-07
C00549,Cuyo,Consumer,2026-02-12
C00550,Buenos Aires,SMB,2026-01-15
C00551,NOA,Consumer,2026-03-21
C00552,Cuyo,Consumer,2025-10-25
C00553,Cuyo,SMB,2026-03-11
C00554,NOA,Enterprise,2025-10-12
C00555,Buenos Aires,Enterprise,2025-12-18
C00556,Patagonia,SMB,2025-10-23
C00557,Cuyo,SMB,2026-01-22
C00558,Patagonia,SMB,2026-02-16
C00559,Cuyo,Enterprise,2026-03-08
C00560,Cuyo,Consumer,2025-10-10
C00561,Córdoba,SMB,2025-10-08
C00562,NOA,Enterprise,2025-11-10
C00563,NOA,Consumer,2025-10-01
C00564,Córdoba,Consumer,2026-01-25
C00565,NOA,Consumer,2026-01-01
C00566,NOA,Consumer,2025-12-12
C00567,Buenos Aires,Enterprise,2025-10-20
C00568,Cuyo,Consumer,2025-10-05
C00569,Patagonia,SMB,2025-12-27
C00570,Buenos Aires,Consumer,2026-03-22
C00571,Buenos Aires,SMB,2026-01-13
C00572,Buenos Aires,Consumer,2026-03-07
C00573,Cuyo,Consumer,2025-10-14
C00574,Cuyo,Enterprise,2025-10-03
C00575,Cuyo,Consumer,2026-03-15
C00576,Buenos Aires,SMB,2026-01-14
C00577,Córdoba,SMB,2025-11-10
C00578,NOA,SMB,2026-03-18
C00579,Patagonia,SMB,2025-11-28
C00580,NOA,SMB,2025-10-21
C00581,Córdoba,Consumer,2026-01-06
C00582,Córdoba,SMB,2025-12-27
C00583,Buenos Aires,Consumer,2026-01-13
C00584,Cuyo,SMB,2025-12-08
C00585,Cuyo,Enterprise,2025-10-01
C00586,Córdoba,SMB,2026-03-31
C00587,Cuyo,Enterprise,2025-12-22
C00588,Córdoba,Consumer,2025-10-13
C00589,Buenos Aires,Enterprise,2026-02-18
C00590,Cuyo,SMB,2025-10-13
C00591,Buenos Aires,Consumer,2026-02-18
C00592,Buenos Aires,SMB,2025-12-20
C00593,Cuyo,Consumer,2025-11-06
C00594,Cuyo,SMB,2025-12-25
C00595,Buenos Aires,SMB,2025-11-03
C00596,Buenos Aires,SMB,2025-12-11
C00597,Córdoba,Consumer,2026-01-02
C00598,Cuyo,SMB,2026-01-18
C00599,Buenos Aires,Consumer,2025-12-11
C00600,Córdoba,SMB,2025-11-21
C00601,NOA,SMB,2025-11-28
C00602,Cuyo,SMB,2026-02-12
C00603,Cuyo,SMB,2026-02-20
C00604,Cuyo,Consumer,2025-12-19
C00605,Cuyo,Consumer,2025-12-01
C00606,Cuyo,SMB,2026-03-28
C00607,Cuyo,Consumer,2026-02-13
C00608,Cuyo,Consumer,2025-10-15
C00609,Cuyo,Consumer,2025-11-22
C00610,Buenos Aires,Consumer,2026-01-24
C00611,Córdoba,SMB,2025-10-22
C00612,Buenos Aires,Consumer,2025-11-06
C00613,Cuyo,SMB,2026-03-09
C00614,Cuyo,SMB,2026-01-22
C00615,Cuyo,SMB,2025-10-27
C00616,Cuyo,Consumer,2026-01-07
C00617,Buenos Aires,SMB,2026-01-14
C00618,Patagonia,SMB,2025-11-16
C00619,Córdoba,Consumer,2026-03-24
C00620,Cuyo,Consumer,2025-12-10
C00621,Cuyo,SMB,2026-01-29
C00622,Cuyo,SMB,2026-01-04
C00623,Buenos Aires,SMB,2025-11-28
C00624,Buenos Aires,SMB,2026-01-23
C00625,Córdoba,Consumer,2025-12-07
C00626,Cuyo,Consumer,2026-03-13
C00627,Cuyo,SMB,2025-10-14
C00628,Córdoba,SMB,2026-01-13
C00629,Buenos Aires,SMB,2026-03-22
C00630,Buenos Aires,Consumer,2026-03-11
C00631,NOA,Consumer,2026-01-29
C00632,Cuyo,SMB,2026-01-15
C00633,Cuyo,SMB,2026-02-14
C00634,Buenos Aires,Enterprise,2026-01-11
C00635,Buenos Aires,SMB,2026-03-05
C00636,NOA,SMB,2025-10-26
C00637,NOA,Enterprise,2025-11-02
C00638,Buenos Aires,Enterprise,2026-02-02
C00639,Córdoba,SMB,2025-10-18
C00640,Córdoba,SMB,2026-03-31
C00641,Cuyo,Enterprise,2026-01-19
C00642,Córdoba,SMB,2025-11-09
C00643,Buenos Aires,Consumer,2026-01-17
C00644,Buenos Aires,SMB,2026-02-25
C00645,Cuyo,Consumer,2025-10-24
C00646,Cuyo,SMB,2026-01-19
C00647,Patagonia,SMB,2026-01-19
C00648,Córdoba,Consumer,2025-10-15
C00649,Córdoba,Consumer,2025-10-27
C00650,Cuyo,SMB,2025-11-13
C00651,Buenos Aires,SMB,2026-03-25
C00652,Cuyo,SMB,2025-12-28
C00653,Córdoba,Enterprise,2026-01-11
C00654,Patagonia,Consumer,2025-10-22
C00655,Córdoba,SMB,2026-03-18
C00656,NOA,SMB,2025-10-16
C00657,Cuyo,Enterprise,2025-10-11
C00658,Córdoba,SMB,2025-12-08
C00659,Cuyo,Consumer,2026-03-08
C00660,Buenos Aires,SMB,2026-03-25
C00661,Cuyo,Consumer,2026-03-31
C00662,Buenos Aires,Consumer,2025-11-17
C00663,Buenos Aires,SMB,2025-11-15
C00664,Buenos Aires,Consumer,2026-03-27
C00665,Buenos Aires,Consumer,2026-01-31
C00666,Córdoba,Consumer,2025-11-02
C00667,Buenos Aires,Consumer,2025-10-19
C00668,Buenos Aires,Enterprise,2025-12-12
C00669,Cuyo,SMB,2025-11-09
C00670,Cuyo,SMB,2026-03-08
C00671,Patagonia,SMB,2026-02-18
C00672,NOA,Enterprise,2025-12-13
C00673,Buenos Aires,Enterprise,2025-11-16
C00674,Patagonia,SMB,2026-03-08
C00675,Patagonia,SMB,2026-01-08
C00676,Cuyo,SMB,2026-01-12
C00677,Cuyo,SMB,2025-10-13
C00678,Córdoba,SMB,2026-01-15
C00679,Buenos Aires,Consumer,2025-11-26
C00680,NOA,SMB,2026-02-25
C00681,Buenos Aires,SMB,2026-01-12
C00682,Córdoba,Consumer,2026-02-19
C00683,Córdoba,Consumer,2025-11-23
C00684,Cuyo,Consumer,2025-10-24
C00685,Patagonia,SMB,2026-01-28
C00686,Buenos Aires,Consumer,2026-01-08
C00687,Cuyo,Consumer,2025-10-09
C00688,Cuyo,Enterprise,2026-03-20
C00689,Buenos Aires,Consumer,2025-11-17
C00690,Córdoba,Consumer,2025-11-24
C00691,Cuyo,Enterprise,2025-12-03
C00692,Patagonia,Consumer,2025-10-28
C00693,Cuyo,Consumer,2025-11-12
C00694,Patagonia,Consumer,2026-03-18
C00695,Cuyo,Consumer,2025-10-05
C00696,Cuyo,SMB,2026-01-28
C00697,Cuyo,SMB,2026-03-28
C00698,Buenos Aires,Consumer,2026-02-20
C00699,Buenos Aires,Enterprise,2026-01-21
C00700,Buenos Aires,Consumer,2026-01-25
C00701,Patagonia,SMB,2025-12-26
C00702,Buenos Aires,SMB,2025-10-21
C00703,Córdoba,Consumer,2025-10-25
C00704,Buenos Aires,Consumer,2026-03-14
C00705,Patagonia,SMB,2025-12-08
C00706,Buenos Aires,Enterprise,2025-11-09
C00707,Córdoba,Consumer,2025-12-19
C00708,NOA,Consumer,2026-03-03
C00709,Córdoba,Enterprise,2025-12-22
C00710,Buenos Aires,SMB,2025-12-30
C00711,Cuyo,SMB,2025-12-11
C00712,NOA,SMB,2025-12-07
C00713,Córdoba,SMB,2025-12-08
C00714,Córdoba,Consumer,2025-11-11
C00715,Cuyo,Consumer,2025-12-14
C00716,Buenos Aires,Consumer,2026-03-14
C00717,Patagonia,SMB,2026-03-18
C00718,Cuyo,SMB,2026-03-02
C00719,Patagonia,Enterprise,2025-12-14
C00720,Buenos Aires,Consumer,2025-10-27
C00721,Cuyo,SMB,2025-11-11
C00722,Buenos Aires,SMB,2026-03-27
C00723,Cuyo,SMB,2025-11-19
C00724,Córdoba,Consumer,2025-11-05
C00725,Córdoba,SMB,2026-02-03
C00726,Cuyo,SMB,2026-03-25
C00727,Buenos Aires,Consumer,2025-10-26
C00728,Córdoba,Consumer,2026-01-22
C00729,Cuyo,Consumer,2026-03-10
C00730,Buenos Aires,SMB,2026-01-02
C00731,Patagonia,SMB,2026-03-01
C00732,Buenos Aires,Enterprise,2026-02-12
C00733,Cuyo,SMB,2026-03-09
C00734,NOA,SMB,2026-03-02
C00735,Córdoba,SMB,2025-12-11
C00736,Buenos Aires,SMB,2025-12-15
C00737,Buenos Aires,Enterprise,2026-03-05
C00738,Buenos Aires,Consumer,2026-03-05
C00739,Buenos Aires,Consumer,2026-03-03
C00740,Cuyo,Enterprise,2026-03-10
C00741,Cuyo,SMB,2025-10-26
C00742,Cuyo,SMB,2025-12-17
C00743,Cuyo,Consumer,2025-12-10
C00744,Cuyo,Enterprise,2026-02-12
C00745,Córdoba,Consumer,2025-12-17
C00746,Buenos Aires,SMB,2026-01-23
C00747,Buenos Aires,Consumer,2025-10-09
C00748,Patagonia,Enterprise,2026-01-14
C00749,Cuyo,Enterprise,2025-10-25
C00750,Buenos Aires,Consumer,2026-01-15
C00751,Cuyo,Enterprise,2025-10-13
C00752,Buenos Aires,Consumer,2025-10-29
C00753,Cuyo,SMB,2026-03-22
C00754,Cuyo,SMB,2026-03-05
C00755,Cuyo,SMB,2025-10-20
C00756,Buenos Aires,Consumer,2026-01-29
C00757,Córdoba,Consumer,2026-02-14
C00758,Cuyo,SMB,2025-10-19
C00759,Córdoba,Consumer,2025-11-04
C00760,Cuyo,Consumer,2026-01-06
C00761,Cuyo,Consumer,2025-12-07
C00762,Buenos Aires,Consumer,2025-11-10
C00763,Cuyo,SMB,2025-11-16
C00764,Buenos Aires,Consumer,2025-12-23
C00765,Buenos Aires,Consumer,2026-03-27
C00766,Patagonia,SMB,2026-02-17
C00767,Cuyo,Consumer,2026-01-22
C00768,Córdoba,SMB,2025-10-08
C00769,Buenos Aires,Consumer,2026-03-17
C00770,Buenos Aires,SMB,2026-02-13
C00771,Cuyo,SMB,2025-10-21
C00772,Patagonia,SMB,2025-12-13
C00773,Cuyo,Enterprise,2026-03-10
C00774,Buenos Aires,SMB,2025-10-18
C00775,Buenos Aires,SMB,2026-03-04
C00776,NOA,Consumer,2025-10-19
C00777,Córdoba,SMB,2025-12-09
C00778,NOA,SMB,2026-03-26
C00779,Cuyo,Consumer,2026-02-08
C00780,Córdoba,SMB,2025-12-16
C00781,Buenos Aires,Enterprise,2025-12-06
C00782,Buenos Aires,SMB,2025-11-19
C00783,Córdoba,Consumer,2026-01-17
C00784,Buenos Aires,Enterprise,2026-02-17
C00785,Buenos Aires,SMB,2026-02-24
C00786,Córdoba,SMB,2025-10-01
C00787,Cuyo,Consumer,2025-11-13
C00788,Buenos Aires,SMB,2026-03-24
C00789,Buenos Aires,Consumer,2025-12-25
C00790,Cuyo,Consumer,2026-01-09
C00791,Buenos Aires,Enterprise,2026-03-18
C00792,Córdoba,Consumer,2025-10-13
C00793,Cuyo,Enterprise,2026-01-11
C00794,Cuyo,Enterprise,2026-01-12
C00795,Cuyo,Consumer,2026-03-30
C00796,Buenos Aires,SMB,2026-03-04
C00797,Cuyo,SMB,2026-02-08
C00798,Cuyo,SMB,2026-01-06
C00799,Buenos Aires,SMB,2026-03-17
C00800,Buenos Aires,SMB,2025-10-08
C00801,Cuyo,Enterprise,2026-03-21
C00802,NOA,SMB,2025-12-06
C00803,Cuyo,SMB,2025-12-23
C00804,Córdoba,SMB,2025-10-28
C00805,Cuyo,Consumer,2026-02-06
C00806,Buenos Aires,SMB,2025-10-02
C00807,Buenos Aires,SMB,2026-02-26
C00808,Buenos Aires,Consumer,2026-02-06
C00809,Buenos Aires,SMB,2026-02-27
C00810,Buenos Aires,Consumer,2026-02-05
C00811,Buenos Aires,SMB,2026-03-16
C00812,Córdoba,SMB,2025-10-19
C00813,Cuyo,Enterprise,2025-12-03
C00814,Cuyo,Consumer,2025-12-13
C00815,Cuyo,SMB,2026-02-23
C00816,Buenos Aires,SMB,2026-02-08
C00817,Córdoba,SMB,2026-03-08
C00818,Buenos Aires,Consumer,2025-11-05
C00819,Buenos Aires,SMB,2025-12-01
C00820,Cuyo,Enterprise,2026-01-07
C00821,Buenos Aires,Consumer,2026-01-05
C00822,Cuyo,SMB,2025-10-25
C00823,Buenos Aires,Consumer,2026-02-28
C00824,Córdoba,SMB,2025-10-15
C00825,Córdoba,Consumer,2026-01-13
C00826,Cuyo,Consumer,2026-02-09
C00827,Buenos Aires,SMB,2026-03-22
C00828,NOA,SMB,2025-11-28
C00829,Cuyo,Consumer,2025-12-16
C00830,Córdoba,Consumer,2026-01-28
C00831,Buenos Aires,SMB,2026-02-11
C00832,Córdoba,Consumer,2026-01-23
C00833,Buenos Aires,Enterprise,2025-10-15
C00834,Cuyo,SMB,2026-03-03
C00835,Buenos Aires,SMB,2026-03-08
C00836,Cuyo,SMB,2025-10-20
C00837,Patagonia,SMB,2026-02-21
C00838,Córdoba,SMB,2025-12-27
C00839,Buenos Aires,SMB,2025-11-06
C00840,Buenos Aires,Consumer,2025-10-10
C00841,Buenos Aires,Consumer,2025-10-28
C00842,NOA,SMB,2026-02-22
C00843,Cuyo,SMB,2026-02-14
C00844,Cuyo,SMB,2025-12-25
C00845,Buenos Aires,SMB,2025-12-08
C00846,Córdoba,SMB,2026-02-04
C00847,Córdoba,SMB,2025-12-14
C00848,Buenos Aires,SMB,2026-03-10
C00849,Cuyo,SMB,2026-02-20
C00850,Córdoba,Enterprise,2026-01-29
C00851,Buenos Aires,SMB,2025-11-28
C00852,Cuyo,Consumer,2025-10-30
C00853,Córdoba,Consumer,2026-03-30
C00854,Buenos Aires,Enterprise,2025-11-30
C00855,Buenos Aires,Enterprise,2025-12-18
C00856,Cuyo,SMB,2026-02-24
C00857,Buenos Aires,Enterprise,2026-01-24
C00858,Cuyo,Consumer,2025-12-01
C00859,Buenos Aires,Consumer,2026-01-21
C00860,NOA,Consumer,2026-01-20
C00861,Buenos Aires,Consumer,2026-03-06
C00862,Cuyo,SMB,2025-12-24
C00863,Buenos Aires,SMB,2026-01-04
C00864,NOA,SMB,2026-01-31
C00865,Patagonia,SMB,2026-01-12
C00866,Córdoba,SMB,2026-02-22
C00867,Patagonia,SMB,2026-03-28
C00868,Córdoba,Consumer,2026-01-27
C00869,Córdoba,Consumer,2026-02-09
C00870,Buenos Aires,Consumer,2026-03-07
C00871,Cuyo,SMB,2026-03-17
C00872,Córdoba,Enterprise,2025-11-04
C00873,Córdoba,SMB,2026-01-04
C00874,NOA,Consumer,2026-02-25
C00875,Buenos Aires,Consumer,2026-01-20
C00876,Patagonia,SMB,2025-11-05
C00877,Cuyo,SMB,2025-11-17
C00878,NOA,SMB,2026-01-20
C00879,NOA,SMB,2025-12-02
C00880,Cuyo,Enterprise,2026-03-04
C00881,Buenos Aires,SMB,2026-03-14
C00882,NOA,Consumer,2026-02-03
C00883,NOA,Consumer,2025-12-13
C00884,Córdoba,Enterprise,2025-10-09
C00885,Cuyo,SMB,2026-03-05
C00886,Cuyo,Consumer,2026-03-01
C00887,Cuyo,Consumer,2025-10-26
C00888,NOA,Consumer,2025-11-30
C00889,Patagonia,SMB,2026-02-18
C00890,Buenos Aires,SMB,2025-10-24
C00891,Córdoba,SMB,2026-02-10
C00892,NOA,SMB,2026-03-26
C00893,Cuyo,SMB,2026-03-06
C00894,Patagonia,SMB,2025-12-08
C00895,Cuyo,SMB,2025-12-17
C00896,Buenos Aires,SMB,2025-10-25
C00897,Cuyo,SMB,2026-02-05
C00898,Cuyo,Consumer,2026-03-03
C00899,Buenos Aires,SMB,2026-03-30
C00900,Cuyo,Consumer,2026-01-27
C00901,Buenos Aires,Consumer,2025-12-02
C00902,Cuyo,SMB,2025-10-20
C00903,Córdoba,Consumer,2025-11-05
C00904,Cuyo,SMB,2025-10-05
C00905,Cuyo,SMB,2025-10-28
C00906,Cuyo,SMB,2026-03-17
C00907,Buenos Aires,SMB,2026-01-08
C00908,Patagonia,SMB,2026-03-24
C00909,Córdoba,SMB,2026-02-02
C00910,Córdoba,SMB,2026-03-15
C00911,Córdoba,SMB,2026-02-20
C00912,Buenos Aires,Consumer,2026-02-27
C00913,Buenos Aires,Consumer,2025-11-15
C00914,Cuyo,SMB,2025-10-10
C00915,Patagonia,Consumer,2025-10-16
C00916,Buenos Aires,SMB,2026-03-17
C00917,Córdoba,Consumer,2026-02-27
C00918,Cuyo,Enterprise,2025-11-27
C00919,Buenos Aires,Consumer,2025-10-10
C00920,Cuyo,Consumer,2025-12-09
C00921,Buenos Aires,SMB,2025-11-12
C00922,Córdoba,Consumer,2025-11-03
C00923,Buenos Aires,SMB,2025-10-19
C00924,Córdoba,Consumer,2025-11-20
C00925,Cuyo,SMB,2026-02-11
C00926,Buenos Aires,SMB,2025-10-06
C00927,Buenos Aires,SMB,2026-01-15
C00928,Buenos Aires,SMB,2026-03-22
C00929,Cuyo,Consumer,2025-12-06
C00930,Córdoba,SMB,2025-10-13
C00931,Patagonia,SMB,2025-10-25
C00932,Patagonia,Enterprise,2026-03-30
C00933,Cuyo,Consumer,2025-12-10
C00934,Buenos Aires,Consumer,2025-10-10
C00935,Buenos Aires,Enterprise,2025-12-24
C00936,Buenos Aires,SMB,2025-11-14
C00937,Cuyo,SMB,2025-12-26
C00938,Córdoba,Enterprise,2025-10-16
C00939,Buenos Aires,SMB,2026-01-26
C00940,NOA,Consumer,2026-03-22
C00941,Cuyo,Consumer,2025-10-21
C00942,Buenos Aires,Consumer,2025-10-26
C00943,Buenos Aires,Consumer,2026-01-19
C00944,Patagonia,SMB,2026-02-10
C00945,Córdoba,Consumer,2025-10-19
C00946,Cuyo,SMB,2026-02-18
C00947,Buenos Aires,SMB,2026-01-28
C00948,Córdoba,Enterprise,2026-02-08
C00949,Buenos Aires,Consumer,2025-10-20
C00950,Cuyo,SMB,2025-11-04
C00951,NOA,Consumer,2026-01-01
C00952,Patagonia,SMB,2026-02-27
C00953,Buenos Aires,Consumer,2025-10-09
C00954,Buenos Aires,Consumer,2025-11-23
C00955,NOA,Consumer,2025-12-11
C00956,Cuyo,Enterprise,2026-03-09
C00957,NOA,SMB,2026-03-20
C00958,Patagonia,SMB,2025-10-11
C00959,Córdoba,SMB,2025-11-23
C00960,Córdoba,Enterprise,2025-10-11
C00961,Córdoba,SMB,2026-01-13
C00962,Buenos Aires,SMB,2025-10-19
C00963,Buenos Aires,SMB,2026-02-05
C00964,Cuyo,Enterprise,2025-11-04
C00965,Buenos Aires,SMB,2026-01-10
C00966,Córdoba,SMB,2026-03-17
C00967,Buenos Aires,Consumer,2025-10-05
C00968,Córdoba,SMB,2025-11-19
C00969,Buenos Aires,SMB,2025-12-28
C00970,Patagonia,Consumer,2025-10-02
C00971,Córdoba,Consumer,2026-01-19
C00972,Cuyo,SMB,2026-01-10
C00973,Córdoba,SMB,2026-01-18
C00974,Cuyo,Consumer,2026-01-04
C00975,Cuyo,Consumer,2026-01-04
C00976,Cuyo,Consumer,2025-11-11
C00977,Buenos Aires,Consumer,2026-02-02
C00978,Buenos Aires,Consumer,2026-02-08
C00979,Buenos Aires,Consumer,2026-01-05
C00980,Cuyo,SMB,2025-12-16
C00981,Córdoba,SMB,2025-10-16
C00982,Buenos Aires,SMB,2025-10-01
C00983,Patagonia,SMB,2026-02-11
C00984,Cuyo,SMB,2025-12-04
C00985,Córdoba,Consumer,2025-12-16
C00986,Buenos Aires,Consumer,2025-12-09
C00987,Patagonia,Consumer,2025-12-10
C00988,Córdoba,Enterprise,2025-11-19
C00989,Córdoba,SMB,2026-03-31
C00990,Cuyo,SMB,2025-10-31
C00991,Córdoba,Consumer,2025-10-21
C00992,Buenos Aires,Consumer,2025-12-25
C00993,Córdoba,SMB,2025-12-06
C00994,Patagonia,SMB,2026-03-11
C00995,Cuyo,SMB,2025-12-13
C00996,Cuyo,SMB,2025-11-05
C00997,Córdoba,SMB,2026-02-27
C00998,NOA,SMB,2026-03-13
C00999,NOA,Consumer,2025-10-13
C01000,Buenos Aires,SMB,2025-10-15
C01001,Patagonia,SMB,2026-02-08
C01002,Cuyo,SMB,2026-01-21
C01003,Cuyo,SMB,2026-01-23
C01004,Buenos Aires,Consumer,2025-10-22
C01005,Buenos Aires,SMB,2026-01-04
C01006,Patagonia,Enterprise,2026-01-23
C01007,Cuyo,Enterprise,2025-12-08
C01008,Buenos Aires,Enterprise,2025-11-22
C01009,NOA,Enterprise,2025-11-17
C01010,Buenos Aires,Enterprise,2026-02-05
C01011,Buenos Aires,SMB,2026-03-24
C01012,Córdoba,SMB,2026-03-02
C01013,NOA,Consumer,2025-11-09
C01014,Cuyo,SMB,2025-11-20
C01015,Córdoba,Consumer,2025-12-21
C01016,Buenos Aires,Consumer,2026-02-28
C01017,Buenos Aires,Enterprise,2025-11-18
C01018,Cuyo,SMB,2025-11-12
C01019,Buenos Aires,SMB,2025-10-25
C01020,Buenos Aires,Enterprise,2025-12-22
C01021,Buenos Aires,Consumer,2025-11-09
C01022,Buenos Aires,Consumer,2025-10-15
C01023,Córdoba,SMB,2026-03-15
C01024,Patagonia,SMB,2025-12-19
C01025,Buenos Aires,SMB,2025-12-31
C01026,Buenos Aires,Consumer,2026-03-21
C01027,NOA,SMB,2026-03-27
C01028,Cuyo,SMB,2025-10-30
C01029,Cuyo,SMB,2025-12-28
C01030,NOA,Enterprise,2025-12-28
C01031,Cuyo,SMB,2025-10-03
C01032,Cuyo,Consumer,2025-10-12
C01033,Buenos Aires,Enterprise,2026-03-03
C01034,Buenos Aires,Consumer,2026-02-10
C01035,Buenos Aires,Consumer,2025-10-01
C01036,Patagonia,SMB,2025-11-12
C01037,Cuyo,SMB,2026-01-01
C01038,Cuyo,SMB,2026-02-16
C01039,Cuyo,SMB,2026-03-19
C01040,NOA,SMB,2026-01-23
C01041,Buenos Aires,SMB,2025-10-30
C01042,Buenos Aires,SMB,2026-03-25
C01043,Córdoba,Enterprise,2025-11-23
C01044,NOA,SMB,2025-11-08
C01045,Buenos Aires,SMB,2026-02-27
C01046,Patagonia,Consumer,2026-02-06
C01047,Cuyo,SMB,2026-02-05
C01048,Buenos Aires,SMB,2026-01-20
C01049,Buenos Aires,SMB,2026-02-28
C01050,Cuyo,SMB,2025-10-15
C01051,Cuyo,Consumer,2025-10-26
C01052,Cuyo,SMB,2026-01-03
C01053,Cuyo,Enterprise,2025-10-12
C01054,Patagonia,Consumer,2026-03-25
C01055,Córdoba,Consumer,2025-12-09
C01056,Cuyo,Enterprise,2026-03-02
C01057,Buenos Aires,Consumer,2025-10-24
C01058,Córdoba,Enterprise,2025-12-02
C01059,Patagonia,Consumer,2026-02-07
C01060,Buenos Aires,SMB,2026-01-21
C01061,Córdoba,SMB,2025-11-17
C01062,Cuyo,SMB,2025-11-30
C01063,Córdoba,SMB,2025-12-09
C01064,Patagonia,SMB,2026-02-19
C01065,Buenos Aires,SMB,2025-12-15
C01066,Cuyo,SMB,2026-02-10
C01067,Cuyo,SMB,2026-02-13
C01068,Córdoba,SMB,2025-11-01
C01069,Córdoba,Enterprise,2025-11-07
C01070,Cuyo,Consumer,2026-02-19
C01071,Buenos Aires,Consumer,2026-02-27
C01072,NOA,Consumer,2026-03-23
C01073,Cuyo,SMB,2025-11-15
C01074,Cuyo,Consumer,2026-01-24
C01075,Cuyo,Consumer,2025-11-08
C01076,Buenos Aires,Consumer,2026-02-26
C01077,Buenos Aires,SMB,2025-12-31
C01078,Patagonia,Enterprise,2025-12-05
C01079,Cuyo,SMB,2025-12-04
C01080,Cuyo,Consumer,2025-10-19
C01081,NOA,Consumer,2026-03-19
C01082,Cuyo,Consumer,2026-02-08
C01083,Cuyo,SMB,2026-03-12
C01084,Buenos Aires,Consumer,2026-02-14
C01085,Cuyo,SMB,2026-02-28
C01086,Cuyo,SMB,2026-01-22
C01087,Córdoba,Consumer,2025-11-18
C01088,Córdoba,Consumer,2026-03-10
C01089,Córdoba,SMB,2025-12-04
C01090,Córdoba,Consumer,2025-10-29
C01091,Córdoba,SMB,2025-12-12
C01092,Cuyo,SMB,2026-01-05
C01093,Córdoba,SMB,2026-01-31
C01094,Buenos Aires,Consumer,2025-10-20
C01095,Cuyo,SMB,2026-03-23
C01096,Buenos Aires,Consumer,2026-02-25
C01097,Cuyo,Enterprise,2025-10-10
C01098,Patagonia,Consumer,2025-11-10
C01099,Cuyo,SMB,2025-12-13
C01100,Cuyo,SMB,2025-10-22
C01101,Córdoba,Enterprise,2025-11-18
C01102,Córdoba,SMB,2026-02-25
C01103,Patagonia,Consumer,2026-03-12
C01104,Córdoba,SMB,2026-01-01
C01105,Buenos Aires,SMB,2026-01-17
C01106,Buenos Aires,Consumer,2026-01-30
C01107,Buenos Aires,SMB,2026-01-17
C01108,Buenos Aires,Consumer,2026-02-26
C01109,NOA,Enterprise,2025-10-15
C01110,Cuyo,Consumer,2026-02-16
C01111,Córdoba,Consumer,2025-10-13
C01112,Cuyo,Consumer,2026-03-28
C01113,Cuyo,Consumer,2026-03-01
C01114,NOA,SMB,2026-02-28
C01115,Cuyo,Enterprise,2026-03-04
C01116,Buenos Aires,SMB,2026-03-13
C01117,NOA,Consumer,2025-12-31
C01118,Córdoba,Consumer,2025-10-30
C01119,Buenos Aires,Consumer,2026-02-06
C01120,Córdoba,Enterprise,2025-10-13
C01121,NOA,Consumer,2025-10-22
C01122,NOA,SMB,2026-03-09
C01123,Cuyo,SMB,2025-12-26
C01124,Cuyo,Consumer,2025-12-18
C01125,Cuyo,Consumer,2026-01-18
C01126,Cuyo,SMB,2026-03-03
C01127,Córdoba,Enterprise,2025-12-21
C01128,Patagonia,SMB,2026-03-07
C01129,Cuyo,SMB,2026-01-29
C01130,Cuyo,SMB,2026-02-07
C01131,Buenos Aires,Consumer,2025-12-28
C01132,Córdoba,Consumer,2025-12-19
C01133,Córdoba,Enterprise,2025-12-28
C01134,Buenos Aires,SMB,2026-02-01
C01135,Córdoba,Consumer,2026-02-24
C01136,NOA,SMB,2026-01-08
C01137,Patagonia,SMB,2025-12-21
C01138,Cuyo,Consumer,2026-02-07
C01139,Córdoba,Consumer,2026-01-13
C01140,Córdoba,Consumer,2025-10-14
C01141,NOA,SMB,2026-01-30
C01142,Buenos Aires,SMB,2025-11-26
C01143,Cuyo,SMB,2026-02-21
C01144,Buenos Aires,Enterprise,2026-01-06
C01145,Buenos Aires,SMB,2026-01-06
C01146,Buenos Aires,Consumer,2026-01-21
C01147,Patagonia,Consumer,2026-02-17
C01148,Córdoba,Consumer,2025-11-27
C01149,Córdoba,SMB,2025-10-11
C01150,Córdoba,Enterprise,2025-11-28
C01151,Cuyo,SMB,2026-03-13
C01152,Cuyo,SMB,2025-10-15
C01153,Buenos Aires,SMB,2026-01-21
C01154,Patagonia,Enterprise,2026-03-12
C01155,Córdoba,SMB,2025-11-08
C01156,Córdoba,SMB,2026-03-16
C01157,Córdoba,Consumer,2026-01-04
C01158,Córdoba,SMB,2025-11-16
C01159,NOA,SMB,2026-03-27
C01160,Córdoba,SMB,2025-11-20
C01161,Patagonia,SMB,2026-03-10
C01162,NOA,SMB,2025-10-22
C01163,Córdoba,Enterprise,2026-01-21
C01164,Patagonia,SMB,2026-02-03
C01165,Cuyo,Enterprise,2026-01-11
C01166,Cuyo,Consumer,2026-01-26
C01167,NOA,SMB,2025-11-30
C01168,Cuyo,Consumer,2025-12-09
C01169,Buenos Aires,SMB,2025-10-11
C01170,Cuyo,SMB,2026-02-22
C01171,Córdoba,Consumer,2026-02-06
C01172,Cuyo,Consumer,2026-02-25
C01173,Córdoba,SMB,2025-11-21
C01174,Cuyo,Enterprise,2025-10-11
C01175,Córdoba,SMB,2026-01-08
C01176,NOA,SMB,2025-10-10
C01177,Córdoba,SMB,2025-12-22
C01178,Buenos Aires,Enterprise,2026-01-30
C01179,Córdoba,Consumer,2025-11-29
C01180,Patagonia,SMB,2025-11-28
C01181,Córdoba,Consumer,2026-01-16
C01182,Cuyo,Enterprise,2026-03-10
C01183,Cuyo,SMB,2026-02-13
C01184,Patagonia,Consumer,2025-11-02
C01185,Córdoba,SMB,2025-10-24
C01186,Cuyo,SMB,2025-11-28
C01187,Buenos Aires,SMB,2026-03-23
C01188,Buenos Aires,Enterprise,2025-10-23
C01189,Cuyo,SMB,2025-11-17
C01190,Patagonia,SMB,2026-03-05
C01191,Cuyo,Consumer,2026-01-24
C01192,Cuyo,Enterprise,2026-03-10
C01193,Buenos Aires,Consumer,2026-02-05
C01194,Buenos Aires,Consumer,2026-01-24
C01195,Patagonia,SMB,2025-10-29
C01196,Córdoba,SMB,2026-03-28
C01197,Cuyo,Consumer,2025-11-26
C01198,Buenos Aires,SMB,2026-02-05
C01199,Cuyo,Consumer,2025-12-21
C01200,Córdoba,Consumer,2025-11-08
C01201,Patagonia,Consumer,2026-02-03
C01202,Cuyo,SMB,2025-12-05
C01203,Buenos Aires,Consumer,2026-03-03
C01204,Cuyo,SMB,2026-03-06
C01205,Cuyo,SMB,2026-03-11
C01206,Córdoba,SMB,2025-11-27
C01207,NOA,SMB,2026-02-03
C01208,Cuyo,Consumer,2025-11-26
C01209,Buenos Aires,SMB,2025-12-09
C01210,Buenos Aires,Consumer,2026-02-08
C01211,Cuyo,SMB,2025-12-03
C01212,Córdoba,SMB,2026-03-03
C01213,Cuyo,SMB,2025-11-23
C01214,Córdoba,SMB,2026-03-18
C01215,Córdoba,Consumer,2025-10-17
C01216,Cuyo,Consumer,2026-01-31
C01217,Buenos Aires,Enterprise,2026-02-23
C01218,Cuyo,SMB,2025-10-22
C01219,Córdoba,Enterprise,2025-11-29
C01220,Cuyo,SMB,2025-11-04
C01221,Córdoba,Consumer,2025-10-30
C01222,Córdoba,Consumer,2026-02-26
C01223,Buenos Aires,Consumer,2025-11-09
C01224,Cuyo,SMB,2025-11-28
C01225,Patagonia,Consumer,2026-02-07
C01226,Buenos Aires,SMB,2026-02-16
C01227,Córdoba,Consumer,2026-03-31
C01228,Buenos Aires,Consumer,2025-10-18
C01229,Buenos Aires,SMB,2025-11-27
C01230,Córdoba,Consumer,2025-12-12
C01231,Buenos Aires,Consumer,2025-11-26
C01232,Córdoba,SMB,2026-02-13
C01233,Buenos Aires,SMB,2026-02-06
C01234,Córdoba,SMB,2026-02-01
C01235,Córdoba,SMB,2026-02-26
C01236,NOA,Consumer,2026-02-19
C01237,Buenos Aires,SMB,2026-02-15
C01238,Buenos Aires,SMB,2026-02-15
C01239,NOA,Enterprise,2025-12-20
C01240,Buenos Aires,Consumer,2026-01-24
C01241,Buenos Aires,Consumer,2026-03-27
C01242,Córdoba,Consumer,2026-03-26
C01243,Cuyo,SMB,2026-03-27
C01244,NOA,SMB,2026-01-24
C01245,Córdoba,SMB,2026-02-15
C01246,Córdoba,Consumer,2025-11-22
C01247,Cuyo,SMB,2025-12-16
C01248,Patagonia,Consumer,2026-01-30
C01249,NOA,SMB,2026-03-25
C01250,Córdoba,Consumer,2025-12-15
C01251,NOA,SMB,2026-03-29
C01252,Cuyo,Consumer,2025-12-03
C01253,Córdoba,SMB,2025-10-30
C01254,Patagonia,SMB,2026-02-11
C01255,Buenos Aires,Consumer,2025-12-14
C01256,Cuyo,Enterprise,2026-02-01
C01257,Buenos Aires,SMB,2026-02-10
C01258,Cuyo,Consumer,2025-10-11
C01259,Cuyo,Consumer,2025-10-31
C01260,NOA,Consumer,2026-03-20
C01261,Patagonia,Enterprise,2026-02-19
C01262,Córdoba,SMB,2025-10-16
C01263,Córdoba,Consumer,2026-03-16
C01264,Córdoba,SMB,2026-02-09
C01265,Buenos Aires,Consumer,2026-03-05
C01266,Cuyo,SMB,2025-11-18
C01267,Cuyo,Consumer,2025-12-09
C01268,Buenos Aires,Enterprise,2026-01-17
C01269,Buenos Aires,SMB,2025-10-28
C01270,Buenos Aires,Consumer,2026-01-15
C01271,Cuyo,Consumer,2025-11-16
C01272,Buenos Aires,SMB,2025-12-14
C01273,Cuyo,Enterprise,2025-12-19
C01274,NOA,Enterprise,2026-02-10
C01275,Cuyo,Consumer,2026-01-18
C01276,Buenos Aires,SMB,2026-03-13
C01277,Buenos Aires,Consumer,2026-01-22
C01278,Cuyo,Consumer,2026-01-08
C01279,Buenos Aires,SMB,2026-02-17
C01280,Buenos Aires,Consumer,2025-10-25
C01281,Cuyo,SMB,2025-11-14
C01282,NOA,SMB,2026-01-10
C01283,Buenos Aires,SMB,2026-01-19
C01284,Cuyo,SMB,2026-03-20
C01285,NOA,Consumer,2026-03-17
C01286,Cuyo,SMB,2025-12-10
C01287,Córdoba,Enterprise,2025-11-20
C01288,Buenos Aires,Consumer,2025-10-02
C01289,Cuyo,Enterprise,2026-02-06
C01290,Buenos Aires,Consumer,2025-12-17
C01291,Buenos Aires,Consumer,2025-11-19
C01292,Buenos Aires,Enterprise,2025-11-17
C01293,Cuyo,Consumer,2025-11-23
C01294,Buenos Aires,Enterprise,2026-01-09
C01295,Buenos Aires,SMB,2026-02-03
C01296,Córdoba,SMB,2025-10-28
C01297,Cuyo,Consumer,2026-02-26
C01298,Cuyo,Consumer,2026-03-26
C01299,Patagonia,SMB,2025-11-23
C01300,Cuyo,SMB,2026-03-05
C01301,Córdoba,SMB,2025-12-19
C01302,Buenos Aires,Consumer,2025-10-08
C01303,NOA,Consumer,2026-02-16
C01304,Cuyo,Consumer,2026-03-21
C01305,Patagonia,SMB,2025-10-29
C01306,Cuyo,Consumer,2025-10-13
C01307,Cuyo,SMB,2026-03-07
C01308,Córdoba,SMB,2025-10-02
C01309,Cuyo,Enterprise,2026-03-26
C01310,Buenos Aires,SMB,2026-02-28
C01311,Córdoba,SMB,2025-12-22
C01312,Cuyo,SMB,2025-10-05
C01313,Córdoba,SMB,2026-01-18
C01314,Buenos Aires,SMB,2026-02-01
C01315,NOA,Enterprise,2026-01-21
C01316,Cuyo,Consumer,2025-12-21
C01317,Cuyo,Consumer,2025-10-16
C01318,Córdoba,SMB,2025-11-17
C01319,Cuyo,SMB,2026-01-23
C01320,Buenos Aires,SMB,2025-12-05
C01321,NOA,SMB,2025-12-21
C01322,Buenos Aires,SMB,2025-11-01
C01323,Cuyo,Enterprise,2025-12-07
C01324,Cuyo,Consumer,2025-10-25
C01325,Buenos Aires,Consumer,2026-01-10
C01326,Córdoba,Consumer,2025-12-12
C01327,Córdoba,Consumer,2025-12-03
C01328,Buenos Aires,Consumer,2025-12-22
C01329,Cuyo,Consumer,2026-02-24
C01330,Cuyo,SMB,2025-10-31
C01331,Cuyo,SMB,2026-02-15
C01332,Cuyo,SMB,2025-10-04
C01333,NOA,Consumer,2026-03-08
C01334,Buenos Aires,SMB,2025-10-26
C01335,Cuyo,Consumer,2025-12-04
C01336,Córdoba,Enterprise,2026-02-10
C01337,Buenos Aires,SMB,2026-01-04
C01338,Cuyo,SMB,2026-03-16
C01339,NOA,SMB,2026-01-09
C01340,NOA,SMB,2026-03-28
C01341,Cuyo,Enterprise,2025-12-05
C01342,Patagonia,SMB,2025-11-04
C01343,Buenos Aires,SMB,2025-12-02
C01344,Córdoba,SMB,2025-12-24
C01345,Córdoba,SMB,2025-10-21
C01346,Córdoba,Consumer,2026-03-24
C01347,Buenos Aires,Enterprise,2026-03-25
C01348,Cuyo,Consumer,2025-10-27
C01349,Patagonia,SMB,2025-10-14
C01350,Buenos Aires,SMB,2026-03-13
C01351,Buenos Aires,SMB,2025-12-11
C01352,Córdoba,SMB,2025-10-14
C01353,Córdoba,SMB,2026-02-12
C01354,NOA,SMB,2025-12-21
C01355,Buenos Aires,SMB,2025-10-26
C01356,Córdoba,SMB,2025-12-01
C01357,Cuyo,SMB,2026-02-16
C01358,Cuyo,SMB,2026-02-13
C01359,Cuyo,Consumer,2025-11-29
C01360,Cuyo,Enterprise,2026-03-27
C01361,Buenos Aires,Enterprise,2026-02-22
C01362,Cuyo,SMB,2025-12-30
C01363,NOA,Enterprise,2026-03-31
C01364,Buenos Aires,Consumer,2026-03-15
C01365,Buenos Aires,SMB,2026-02-13
C01366,NOA,Enterprise,2026-03-13
C01367,Córdoba,SMB,2026-02-18
C01368,Córdoba,SMB,2026-02-19
C01369,NOA,SMB,2025-11-05
C01370,Córdoba,Consumer,2025-12-05
C01371,Buenos Aires,Consumer,2026-03-08
C01372,NOA,Consumer,2025-10-07
C01373,Cuyo,Consumer,2026-01-08
C01374,Patagonia,SMB,2026-02-16
C01375,Buenos Aires,Enterprise,2026-02-16
C01376,Buenos Aires,SMB,2025-10-29
C01377,Buenos Aires,Enterprise,2026-01-11
C01378,Buenos Aires,SMB,2025-12-27
C01379,Patagonia,SMB,2026-02-12
C01380,Patagonia,SMB,2026-01-28
C01381,Córdoba,Enterprise,2026-01-03
C01382,Cuyo,SMB,2025-10-09
C01383,Buenos Aires,SMB,2026-01-31
C01384,Cuyo,SMB,2026-01-14
C01385,Córdoba,Consumer,2025-12-21
C01386,Cuyo,Consumer,2026-03-19
C01387,Buenos Aires,Enterprise,2026-01-30
C01388,Cuyo,Consumer,2026-01-27
C01389,Patagonia,SMB,2025-12-07
C01390,NOA,SMB,2026-03-22
C01391,Cuyo,SMB,2025-11-29
C01392,Patagonia,Consumer,2026-02-21
C01393,Cuyo,SMB,2025-11-13
C01394,Córdoba,Consumer,2025-12-01
C01395,Cuyo,SMB,2026-01-24
C01396,Buenos Aires,Consumer,2025-12-20
C01397,Córdoba,Consumer,2025-12-15
C01398,Buenos Aires,SMB,2026-01-19
C01399,Cuyo,SMB,2025-11-27
C01400,Buenos Aires,SMB,2025-12-19
C01401,Córdoba,SMB,2026-02-06
C01402,NOA,Consumer,2026-03-13
C01403,Buenos Aires,SMB,2026-03-26
C01404,Cuyo,Consumer,2026-03-18
C01405,Cuyo,Consumer,2026-02-19
C01406,Cuyo,SMB,2025-11-14
C01407,Cuyo,Consumer,2025-12-18
C01408,Cuyo,Enterprise,2025-10-08
C01409,Córdoba,SMB,2026-01-17
C01410,Cuyo,SMB,2026-02-01
C01411,Córdoba,SMB,2026-01-03
C01412,Cuyo,SMB,2026-02-02
C01413,Cuyo,SMB,2025-10-04
C01414,Buenos Aires,Consumer,2026-03-03
C01415,Buenos Aires,SMB,2026-01-09
C01416,Buenos Aires,Consumer,2025-12-09
C01417,Cuyo,SMB,2026-03-30
C01418,Buenos Aires,SMB,2026-03-08
C01419,NOA,SMB,2026-03-08
C01420,Cuyo,Consumer,2025-12-07
C01421,Cuyo,SMB,2026-03-13
C01422,Buenos Aires,SMB,2026-02-18
C01423,Buenos Aires,Consumer,2025-10-27
C01424,Cuyo,Consumer,2026-02-11
C01425,NOA,SMB,2025-12-05
C01426,Buenos Aires,SMB,2026-02-19
C01427,NOA,SMB,2025-12-20
C01428,Córdoba,Consumer,2026-01-18
C01429,Cuyo,SMB,2025-10-08
C01430,Cuyo,Consumer,2026-01-14
C01431,Cuyo,Enterprise,2025-10-25
C01432,Buenos Aires,Consumer,2026-03-03
C01433,NOA,Consumer,2025-10-05
C01434,Cuyo,SMB,2025-12-20
C01435,Cuyo,SMB,2026-02-26
C01436,Cuyo,SMB,2025-12-11
C01437,Cuyo,Enterprise,2025-11-10
C01438,Cuyo,Consumer,2025-11-01
C01439,NOA,SMB,2025-11-29
C01440,Córdoba,Consumer,2025-10-20
C01441,NOA,SMB,2026-02-10
C01442,Buenos Aires,Enterprise,2026-02-16
C01443,Patagonia,Consumer,2026-01-08
C01444,Córdoba,SMB,2026-01-29
C01445,Cuyo,Consumer,2025-11-06
C01446,Córdoba,Consumer,2025-10-31
C01447,Cuyo,Consumer,2025-10-12
C01448,Buenos Aires,Consumer,2025-11-24
C01449,Patagonia,SMB,2025-11-10
C01450,Cuyo,SMB,2026-01-26
C01451,Cuyo,SMB,2026-02-08
C01452,Patagonia,Consumer,2025-11-30
C01453,Buenos Aires,Consumer,2025-11-29
C01454,Cuyo,Enterprise,2025-12-21
C01455,Buenos Aires,SMB,2026-03-17
C01456,Cuyo,SMB,2025-12-23
C01457,Patagonia,Enterprise,2026-03-09
C01458,Buenos Aires,Consumer,2025-12-17
C01459,NOA,Enterprise,2026-03-20
C01460,Buenos Aires,SMB,2025-11-08
C01461,NOA,SMB,2026-01-15
C01462,NOA,SMB,2025-12-03
C01463,Buenos Aires,Enterprise,2025-12-15
C01464,Córdoba,SMB,2026-02-18
C01465,Cuyo,Enterprise,2025-12-01
C01466,Cuyo,SMB,2026-02-16
C01467,Córdoba,Enterprise,2025-12-19
C01468,Cuyo,SMB,2026-03-14
C01469,Buenos Aires,SMB,2025-10-31
C01470,Córdoba,Consumer,2026-02-06
C01471,Córdoba,Consumer,2026-02-10
C01472,Patagonia,SMB,2026-03-14
C01473,Cuyo,Enterprise,2026-02-04
C01474,Patagonia,Consumer,2026-03-16
C01475,Buenos Aires,Enterprise,2026-01-06
C01476,Córdoba,Consumer,2026-03-19
C01477,Buenos Aires,SMB,2026-03-25
C01478,Patagonia,SMB,2025-12-31
C01479,Cuyo,SMB,2026-01-30
C01480,Cuyo,Consumer,2026-02-28
C01481,Patagonia,SMB,2026-03-16
C01482,Córdoba,Consumer,2026-01-28
C01483,Córdoba,SMB,2025-11-02
C01484,Cuyo,SMB,2025-12-15
C01485,Cuyo,SMB,2026-02-10
C01486,Córdoba,Consumer,2025-11-27
C01487,Córdoba,Consumer,2026-02-03
C01488,Córdoba,Consumer,2025-12-22
C01489,Buenos Aires,Enterprise,2025-10-06
C01490,Córdoba,SMB,2026-02-01
C01491,Cuyo,Consumer,2026-02-10
C01492,Buenos Aires,Consumer,2026-02-17
C01493,Buenos Aires,Consumer,2025-12-05
C01494,Córdoba,SMB,2025-11-23
C01495,Buenos Aires,SMB,2025-11-23
C01496,Córdoba,SMB,2025-11-05
C01497,Córdoba,Consumer,2025-11-25
C01498,NOA,SMB,2025-12-13
C01499,Patagonia,Consumer,2025-10-21
C01500,Cuyo,SMB,2025-12-08
C01501,Córdoba,SMB,2026-02-08
C01502,Buenos Aires,SMB,2025-12-09
C01503,Cuyo,Enterprise,2026-03-25
C01504,Buenos Aires,Consumer,2026-03-09
C01505,Patagonia,SMB,2025-12-06
C01506,Córdoba,SMB,2026-03-07
C01507,Cuyo,SMB,2026-01-21
C01508,Cuyo,SMB,2025-10-07
C01509,Córdoba,SMB,2026-03-08
C01510,NOA,Consumer,2025-12-04
C01511,Cuyo,SMB,2026-03-03
C01512,Cuyo,Consumer,2025-11-19
C01513,Córdoba,Consumer,2025-10-25
C01514,Córdoba,Enterprise,2026-03-17
C01515,Patagonia,SMB,2025-12-17
C01516,Cuyo,Consumer,2026-03-31
C01517,Buenos Aires,Consumer,2026-02-22
C01518,Patagonia,SMB,2026-01-12
C01519,Buenos Aires,Consumer,2026-01-08
C01520,Buenos Aires,Consumer,2025-10-23
C01521,Cuyo,Consumer,2025-12-09
C01522,Córdoba,Consumer,2025-10-12
C01523,Buenos Aires,Consumer,2025-10-04
C01524,Buenos Aires,Enterprise,2025-12-28
C01525,Córdoba,Consumer,2026-01-15
C01526,Patagonia,SMB,2026-01-17
C01527,Patagonia,Consumer,2025-12-07
C01528,Buenos Aires,SMB,2025-10-16
C01529,Córdoba,SMB,2025-12-02
C01530,Buenos Aires,Enterprise,2026-01-28
C01531,Patagonia,Consumer,2025-11-22
C01532,Córdoba,Consumer,2025-10-06
C01533,Córdoba,SMB,2026-03-25
C01534,Patagonia,SMB,2026-02-23
C01535,Buenos Aires,SMB,2026-03-09
C01536,Buenos Aires,Enterprise,2025-10-09
C01537,Cuyo,SMB,2026-03-25
C01538,Córdoba,Consumer,2026-02-13
C01539,Cuyo,Consumer,2025-12-31
C01540,Buenos Aires,SMB,2026-02-17
C01541,Cuyo,Enterprise,2026-01-19
C01542,Buenos Aires,SMB,2025-11-11
C01543,Córdoba,Enterprise,2026-03-05
C01544,Córdoba,SMB,2025-11-09
C01545,Buenos Aires,Enterprise,2025-12-15
C01546,Cuyo,SMB,2026-01-01
C01547,Córdoba,Enterprise,2025-12-01
C01548,Córdoba,Consumer,2025-10-12
C01549,Buenos Aires,SMB,2025-11-12
C01550,Buenos Aires,SMB,2025-12-18
C01551,Cuyo,SMB,2026-02-20
C01552,Buenos Aires,Consumer,2026-02-10
C01553,Cuyo,Consumer,2025-11-04
C01554,NOA,Enterprise,2026-03-08
C01555,Buenos Aires,SMB,2025-10-14
C01556,Cuyo,Enterprise,2025-12-14
C01557,Buenos Aires,SMB,2026-03-28
C01558,Cuyo,SMB,2025-10-28
C01559,Patagonia,Consumer,2026-03-10
C01560,NOA,Consumer,2025-10-24
C01561,Patagonia,Enterprise,2026-03-24
C01562,Buenos Aires,Enterprise,2025-11-09
C01563,NOA,Consumer,2025-11-24
C01564,Buenos Aires,SMB,2025-11-13
C01565,Buenos Aires,Consumer,2026-02-02
C01566,Cuyo,Consumer,2026-03-27
C01567,Buenos Aires,Consumer,2026-01-09
C01568,NOA,Enterprise,2026-03-29
C01569,Córdoba,Consumer,2026-03-23
C01570,Buenos Aires,SMB,2025-12-29
C01571,Buenos Aires,SMB,2026-03-06
C01572,Córdoba,SMB,2026-03-12
C01573,Córdoba,SMB,2025-11-25
C01574,Buenos Aires,SMB,2026-03-21
C01575,Buenos Aires,Enterprise,2026-03-10
C01576,Cuyo,Enterprise,2025-11-05
C01577,Buenos Aires,SMB,2026-02-15
C01578,Córdoba,Consumer,2025-11-09
C01579,Cuyo,SMB,2026-01-24
C01580,Cuyo,SMB,2026-02-26
C01581,Patagonia,SMB,2026-03-25
C01582,Cuyo,Consumer,2025-11-16
C01583,Cuyo,SMB,2026-03-06
C01584,Patagonia,Consumer,2025-11-25
C01585,Cuyo,Consumer,2025-12-02
C01586,Buenos Aires,Enterprise,2025-12-20
C01587,NOA,Consumer,2026-03-31
C01588,Buenos Aires,SMB,2025-11-30
C01589,Patagonia,Enterprise,2026-03-12
C01590,Córdoba,Enterprise,2025-11-17
C01591,Cuyo,SMB,2026-02-08
C01592,Cuyo,SMB,2025-10-09
C01593,NOA,Consumer,2026-02-10
C01594,Buenos Aires,SMB,2026-01-20
C01595,Buenos Aires,Consumer,2025-12-26
C01596,NOA,SMB,2026-01-22
C01597,Cuyo,SMB,2026-03-04
C01598,NOA,SMB,2025-12-20
C01599,Córdoba,SMB,2026-02-17
C01600,Córdoba,Consumer,2025-12-25
C01601,Cuyo,SMB,2025-12-29
C01602,Córdoba,Enterprise,2025-12-05
C01603,Patagonia,SMB,2025-10-29
C01604,Buenos Aires,Enterprise,2026-03-14
C01605,Cuyo,SMB,2026-02-02
C01606,Cuyo,SMB,2025-10-31
C01607,Cuyo,Consumer,2026-02-14
C01608,Buenos Aires,SMB,2025-10-25
C01609,Patagonia,Consumer,2025-10-15
C01610,Cuyo,Consumer,2026-03-22
C01611,Buenos Aires,SMB,2025-12-02
C01612,Buenos Aires,SMB,2025-11-20
C01613,Buenos Aires,Enterprise,2026-01-25
C01614,Buenos Aires,SMB,2025-11-28
C01615,Buenos Aires,SMB,2025-12-20
C01616,Cuyo,Enterprise,2025-12-10
C01617,Córdoba,Consumer,2025-12-25
C01618,Buenos Aires,SMB,2026-02-11
C01619,Buenos Aires,Enterprise,2025-11-27
C01620,NOA,SMB,2026-02-12
C01621,Córdoba,Enterprise,2026-01-27
C01622,Cuyo,Consumer,2026-03-11
C01623,NOA,SMB,2026-01-16
C01624,Buenos Aires,SMB,2025-11-06
C01625,Buenos Aires,SMB,2026-01-16
C01626,Cuyo,Enterprise,2026-02-25
C01627,Cuyo,Consumer,2025-11-10
C01628,Cuyo,Enterprise,2025-10-07
C01629,Cuyo,SMB,2026-01-09
C01630,Buenos Aires,Enterprise,2026-03-22
C01631,NOA,SMB,2026-03-16
C01632,Buenos Aires,SMB,2026-02-24
C01633,Cuyo,SMB,2026-01-18
C01634,Buenos Aires,Consumer,2026-03-11
C01635,Buenos Aires,Consumer,2026-02-20
C01636,Cuyo,Consumer,2025-12-08
C01637,Buenos Aires,SMB,2025-12-23
C01638,Buenos Aires,SMB,2025-11-17
C01639,NOA,SMB,2025-12-22
C01640,Buenos Aires,SMB,2025-11-21
C01641,Córdoba,SMB,2026-03-03
C01642,Córdoba,Enterprise,2025-11-21
C01643,Cuyo,Consumer,2026-03-26
C01644,Buenos Aires,Consumer,2026-02-13
C01645,Buenos Aires,SMB,2025-11-29
C01646,Cuyo,SMB,2025-12-27
C01647,Cuyo,Consumer,2025-10-12
C01648,NOA,SMB,2026-03-11
C01649,Cuyo,SMB,2026-03-25
C01650,Patagonia,SMB,2025-11-27
C01651,Buenos Aires,Consumer,2025-10-12
C01652,Cuyo,Consumer,2025-10-02
C01653,NOA,SMB,2025-11-18
C01654,Córdoba,Enterprise,2025-10-08
C01655,Buenos Aires,SMB,2025-11-17
C01656,Patagonia,Consumer,2026-03-02
C01657,Córdoba,SMB,2025-10-31
C01658,Buenos Aires,SMB,2026-01-14
C01659,Córdoba,Enterprise,2025-11-22
C01660,Córdoba,SMB,2026-03-08
C01661,Cuyo,Consumer,2025-11-19
C01662,Córdoba,SMB,2025-11-05
C01663,NOA,SMB,2025-10-04
C01664,Córdoba,SMB,2025-12-06
C01665,Córdoba,SMB,2025-10-17
C01666,NOA,Consumer,2026-02-14
C01667,Córdoba,Consumer,2025-11-19
C01668,Buenos Aires,Consumer,2026-01-01
C01669,Buenos Aires,SMB,2025-10-26
C01670,Córdoba,SMB,2026-02-02
C01671,Córdoba,SMB,2025-12-24
C01672,Cuyo,Enterprise,2026-03-01
C01673,Cuyo,Consumer,2026-01-28
C01674,Cuyo,Enterprise,2025-11-06
C01675,Patagonia,SMB,2025-10-31
C01676,Cuyo,Consumer,2025-10-19
C01677,Buenos Aires,Enterprise,2026-01-28
C01678,Patagonia,SMB,2026-03-03
C01679,Cuyo,Enterprise,2026-01-07
C01680,Cuyo,SMB,2025-12-18
C01681,Cuyo,SMB,2026-03-04
C01682,Cuyo,Enterprise,2026-02-17
C01683,Córdoba,SMB,2026-01-03
C01684,Buenos Aires,SMB,2026-03-30
C01685,Buenos Aires,SMB,2025-11-19
C01686,Buenos Aires,Consumer,2025-10-22
C01687,Cuyo,Enterprise,2026-03-07
C01688,Patagonia,Consumer,2025-11-19
C01689,Cuyo,Enterprise,2026-03-30
C01690,Cuyo,SMB,2026-03-29
C01691,Córdoba,SMB,2025-11-12
C01692,Buenos Aires,SMB,2025-12-04
C01693,Buenos Aires,SMB,2026-03-24
C01694,Buenos Aires,SMB,2026-03-14
C01695,Buenos Aires,SMB,2025-12-20
C01696,Buenos Aires,Consumer,2026-01-21
C01697,Buenos Aires,SMB,2026-03-03
C01698,Cuyo,SMB,2026-01-22
C01699,Cuyo,Consumer,2025-11-29
C01700,Buenos Aires,Consumer,2025-10-11
C01701,Patagonia,SMB,2025-12-02
C01702,NOA,SMB,2025-10-13
C01703,Patagonia,SMB,2026-02-23
C01704,Buenos Aires,Consumer,2026-02-10
C01705,Córdoba,SMB,2025-12-13
C01706,Córdoba,Enterprise,2026-02-12
C01707,Córdoba,SMB,2025-11-17
C01708,NOA,Consumer,2025-11-24
C01709,Buenos Aires,Enterprise,2025-11-02
C01710,Buenos Aires,SMB,2026-02-04
C01711,Córdoba,SMB,2026-01-30
C01712,Cuyo,SMB,2026-03-11
C01713,Cuyo,Consumer,2025-12-04
C01714,Patagonia,SMB,2025-10-22
C01715,Cuyo,SMB,2026-02-27
C01716,Patagonia,SMB,2025-12-23
C01717,NOA,Consumer,2025-10-06
C01718,Cuyo,Enterprise,2026-03-10
C01719,Córdoba,SMB,2025-12-31
C01720,Cuyo,Enterprise,2025-10-20
C01721,Cuyo,Consumer,2025-12-10
C01722,NOA,Consumer,2025-11-28
C01723,Patagonia,SMB,2025-12-12
C01724,Córdoba,SMB,2026-02-10
C01725,Buenos Aires,SMB,2025-12-19
C01726,NOA,SMB,2026-03-12
C01727,Buenos Aires,Consumer,2025-11-12
C01728,NOA,Consumer,2026-02-20
C01729,Córdoba,SMB,2026-02-28
C01730,Cuyo,Consumer,2025-10-06
C01731,Córdoba,Enterprise,2025-10-14
C01732,Patagonia,SMB,2025-12-15
C01733,Patagonia,SMB,2026-01-16
C01734,Córdoba,SMB,2025-10-30
C01735,Cuyo,Consumer,2026-01-10
C01736,Patagonia,Enterprise,2025-10-10
C01737,Buenos Aires,SMB,2025-12-19
C01738,Cuyo,Consumer,2025-12-11
C01739,Cuyo,SMB,2026-02-14
C01740,Cuyo,Consumer,2025-11-29
C01741,Patagonia,Enterprise,2025-12-22
C01742,Cuyo,SMB,2026-02-15
C01743,NOA,SMB,2025-10-05
C01744,Cuyo,Consumer,2026-01-05
C01745,Córdoba,SMB,2025-12-11
C01746,Cuyo,Consumer,2025-11-22
C01747,Buenos Aires,SMB,2025-12-30
C01748,Cuyo,SMB,2026-01-05
C01749,Patagonia,SMB,2025-11-16
C01750,Cuyo,Enterprise,2025-12-01
C01751,Buenos Aires,SMB,2026-02-06
C01752,Córdoba,Consumer,2025-11-26
C01753,Buenos Aires,Consumer,2025-10-16
C01754,Cuyo,SMB,2026-02-09
C01755,Cuyo,SMB,2026-01-16
C01756,NOA,Consumer,2025-10-28
C01757,Cuyo,Consumer,2025-12-10
C01758,Cuyo,Consumer,2025-10-03
C01759,NOA,SMB,2025-10-16
C01760,Patagonia,SMB,2025-10-01
C01761,Córdoba,Consumer,2025-12-12
C01762,Buenos Aires,Enterprise,2025-11-29
C01763,NOA,Consumer,2026-01-08
C01764,Buenos Aires,SMB,2025-12-26
C01765,Cuyo,SMB,2025-12-15
C01766,Buenos Aires,SMB,2026-03-27
C01767,Buenos Aires,Consumer,2026-01-17
C01768,Buenos Aires,SMB,2026-03-24
C01769,Patagonia,SMB,2026-01-02
C01770,Cuyo,SMB,2025-10-29
C01771,Patagonia,Enterprise,2026-02-19
C01772,Buenos Aires,SMB,2026-02-03
C01773,Córdoba,Consumer,2026-02-23
C01774,Buenos Aires,Enterprise,2025-10-02
C01775,Cuyo,SMB,2026-02-07
C01776,Buenos Aires,Enterprise,2026-01-31
C01777,Cuyo,SMB,2025-10-28
C01778,Buenos Aires,Consumer,2026-03-30
C01779,Buenos Aires,SMB,2025-10-15
C01780,Patagonia,SMB,2026-01-18
C01781,Cuyo,SMB,2025-11-03
C01782,Buenos Aires,SMB,2026-02-03
C01783,Buenos Aires,SMB,2025-12-29
C01784,Patagonia,Enterprise,2026-01-25
C01785,Córdoba,Enterprise,2025-10-31
C01786,Córdoba,SMB,2025-10-02
C01787,Córdoba,SMB,2026-02-24
C01788,Buenos Aires,SMB,2025-11-21
C01789,Patagonia,SMB,2025-10-17
C01790,Patagonia,Enterprise,2025-12-20
C01791,Buenos Aires,SMB,2026-02-02
C01792,Cuyo,SMB,2026-01-03
C01793,Buenos Aires,Consumer,2026-01-20
C01794,Cuyo,SMB,2026-01-08
C01795,Cuyo,SMB,2026-03-10
C01796,Cuyo,Consumer,2026-01-31
C01797,Patagonia,SMB,2025-11-17
C01798,Buenos Aires,Enterprise,2025-12-21
C01799,Buenos Aires,Enterprise,2026-01-16
C01800,Buenos Aires,SMB,2025-11-21
C01801,Cuyo,SMB,2025-12-24
C01802,Buenos Aires,SMB,2026-02-04
C01803,Buenos Aires,SMB,2025-12-07
C01804,NOA,SMB,2025-10-10
C01805,Córdoba,SMB,2025-11-07
C01806,NOA,SMB,2025-10-12
C01807,Patagonia,Consumer,2026-03-01
C01808,Buenos Aires,SMB,2025-12-27
C01809,Cuyo,Enterprise,2026-01-31
C01810,Cuyo,SMB,2025-12-08
C01811,Cuyo,Consumer,2025-10-22
C01812,Córdoba,Consumer,2025-11-22
C01813,Cuyo,SMB,2026-03-02
C01814,Córdoba,SMB,2025-11-24
C01815,Buenos Aires,Consumer,2026-02-03
C01816,Buenos Aires,Consumer,2026-02-27
C01817,Córdoba,Consumer,2025-12-24
C01818,Cuyo,SMB,2026-01-22
C01819,Cuyo,SMB,2026-01-17
C01820,Cuyo,SMB,2025-10-04
C01821,NOA,SMB,2025-10-01
C01822,Buenos Aires,SMB,2025-11-14
C01823,Cuyo,SMB,2026-01-03
C01824,Cuyo,SMB,2025-12-19
C01825,Cuyo,Consumer,2026-03-02
C01826,Buenos Aires,Consumer,2025-11-13
C01827,Córdoba,Enterprise,2025-11-19
C01828,Buenos Aires,Enterprise,2025-12-16
C01829,Patagonia,Consumer,2025-12-26
C01830,NOA,SMB,2025-12-28
C01831,Buenos Aires,Consumer,2026-02-16
C01832,Buenos Aires,SMB,2025-10-21
C01833,Córdoba,SMB,2026-02-27
C01834,Cuyo,SMB,2025-12-07
C01835,Córdoba,SMB,2025-10-22
C01836,Patagonia,Consumer,2026-01-01
C01837,Córdoba,Consumer,2026-02-08
C01838,Cuyo,SMB,2025-12-23
C01839,Buenos Aires,SMB,2026-02-21
C01840,Patagonia,Consumer,2026-01-22
C01841,Buenos Aires,SMB,2025-10-15
C01842,Patagonia,Consumer,2025-12-04
C01843,Cuyo,Enterprise,2025-12-17
C01844,Buenos Aires,Consumer,2025-12-04
C01845,Buenos Aires,Enterprise,2026-02-08
C01846,Córdoba,Consumer,2025-12-21
C01847,Buenos Aires,SMB,2026-01-28
C01848,Cuyo,Consumer,2026-02-27
C01849,Córdoba,Enterprise,2025-11-28
C01850,Cuyo,Consumer,2026-03-18
C01851,Buenos Aires,Consumer,2025-11-04
C01852,Buenos Aires,SMB,2026-01-09
C01853,Córdoba,SMB,2025-12-18
C01854,Buenos Aires,Consumer,2026-02-16
C01855,Buenos Aires,Consumer,2026-02-24
C01856,Córdoba,SMB,2025-12-27
C01857,Córdoba,SMB,2026-02-24
C01858,NOA,Consumer,2026-02-06
C01859,Buenos Aires,Consumer,2026-02-10
C01860,Buenos Aires,Consumer,2025-12-23
C01861,Cuyo,SMB,2026-03-23
C01862,Cuyo,SMB,2026-01-01
C01863,Cuyo,SMB,2026-03-06
C01864,Cuyo,SMB,2026-02-07
C01865,Buenos Aires,Consumer,2025-10-27
C01866,Cuyo,SMB,2026-03-13
C01867,Buenos Aires,SMB,2025-12-17
C01868,Patagonia,Enterprise,2025-11-27
C01869,Cuyo,Consumer,2026-02-28
C01870,Cuyo,Enterprise,2026-03-26
C01871,Buenos Aires,Consumer,2026-02-12
C01872,Cuyo,Consumer,2026-01-17
C01873,Cuyo,Consumer,2026-01-23
C01874,Buenos Aires,Consumer,2025-10-06
C01875,Buenos Aires,SMB,2025-12-07
C01876,NOA,Enterprise,2025-12-19
C01877,Buenos Aires,SMB,2026-03-16
C01878,Córdoba,SMB,2026-03-26
C01879,Buenos Aires,Enterprise,2026-03-31
C01880,Buenos Aires,Consumer,2025-11-11
C01881,Patagonia,Consumer,2025-12-25
C01882,Córdoba,Consumer,2026-02-08
C01883,NOA,SMB,2026-01-22
C01884,Cuyo,SMB,2026-02-28
C01885,Cuyo,Consumer,2025-12-01
C01886,Córdoba,SMB,2026-01-23
C01887,Cuyo,Consumer,2026-03-12
C01888,Cuyo,SMB,2026-01-10
C01889,Buenos Aires,SMB,2026-03-23
C01890,Córdoba,SMB,2026-03-20
C01891,Buenos Aires,SMB,2025-10-20
C01892,Córdoba,Consumer,2025-10-14
C01893,Buenos Aires,Consumer,2026-02-07
C01894,Cuyo,SMB,2025-12-02
C01895,Buenos Aires,SMB,2025-12-17
C01896,Córdoba,SMB,2026-03-31
C01897,Cuyo,Consumer,2025-12-01
C01898,Buenos Aires,SMB,2026-03-24
C01899,Cuyo,Consumer,2025-12-16
C01900,NOA,SMB,2025-10-07
C01901,Buenos Aires,SMB,2026-01-19
C01902,Cuyo,Consumer,2025-12-23
C01903,Cuyo,SMB,2025-10-25
C01904,Cuyo,Consumer,2025-12-31
C01905,Buenos Aires,SMB,2026-03-11
C01906,Buenos Aires,Consumer,2025-10-20
C01907,Córdoba,Consumer,2025-11-27
C01908,Córdoba,Consumer,2025-10-19
C01909,Buenos Aires,Enterprise,2025-11-06
C01910,Córdoba,Consumer,2025-10-22
C01911,Buenos Aires,Consumer,2025-12-02
C01912,Cuyo,SMB,2025-10-16
C01913,Cuyo,SMB,2025-12-21
C01914,Buenos Aires,SMB,2025-10-29
C01915,Córdoba,Consumer,2025-11-05
C01916,Cuyo,Consumer,2025-11-16
C01917,Córdoba,SMB,2025-10-22
C01918,Cuyo,SMB,2026-02-27
C01919,Cuyo,SMB,2026-03-29
C01920,Córdoba,SMB,2025-10-29
C01921,Patagonia,SMB,2026-03-11
C01922,Córdoba,Consumer,2026-02-04
C01923,Córdoba,Consumer,2026-03-23
C01924,Cuyo,Consumer,2026-02-22
C01925,NOA,SMB,2025-12-13
C01926,Córdoba,Consumer,2026-03-23
C01927,NOA,Consumer,2025-11-07
C01928,NOA,Consumer,2025-11-07
C01929,Cuyo,SMB,2025-11-17
C01930,NOA,SMB,2026-01-22
C01931,Cuyo,Enterprise,2026-01-26
C01932,Córdoba,Consumer,2025-10-14
C01933,Cuyo,SMB,2025-10-04
C01934,Cuyo,SMB,2025-10-19
C01935,Buenos Aires,SMB,2026-03-19
C01936,Cuyo,SMB,2026-02-23
C01937,Córdoba,SMB,2025-11-17
C01938,Buenos Aires,SMB,2026-03-05
C01939,Cuyo,SMB,2025-10-19
C01940,Cuyo,SMB,2026-03-25
C01941,Córdoba,SMB,2026-03-11
C01942,Córdoba,Enterprise,2026-03-25
C01943,Patagonia,SMB,2025-11-27
C01944,Buenos Aires,Consumer,2025-11-28
C01945,NOA,Enterprise,2026-02-02
C01946,Cuyo,Consumer,2026-01-04
C01947,NOA,SMB,2025-10-07
C01948,Córdoba,Consumer,2026-03-30
C01949,Cuyo,Consumer,2026-02-02
C01950,NOA,SMB,2026-02-05
C01951,Cuyo,SMB,2026-01-31
C01952,Córdoba,SMB,2025-11-10
C01953,Cuyo,Enterprise,2025-11-01
C01954,Córdoba,SMB,2025-11-06
C01955,Patagonia,SMB,2026-01-10
C01956,Cuyo,SMB,2025-12-28
C01957,Buenos Aires,Consumer,2026-03-17
C01958,Patagonia,Enterprise,2025-12-10
C01959,Buenos Aires,Consumer,2025-12-03
C01960,Cuyo,Consumer,2026-03-07
C01961,Cuyo,Enterprise,2026-03-02
C01962,Cuyo,SMB,2026-01-17
C01963,Cuyo,SMB,2026-01-15
C01964,Buenos Aires,Enterprise,2026-01-08
C01965,Córdoba,SMB,2025-10-09
C01966,Buenos Aires,SMB,2025-11-18
C01967,Cuyo,SMB,2025-10-30
C01968,Buenos Aires,SMB,2026-01-14
C01969,Buenos Aires,Consumer,2025-11-13
C01970,Buenos Aires,Consumer,2026-01-02
C01971,Córdoba,Consumer,2025-12-23
C01972,Córdoba,Enterprise,2025-12-21
C01973,Córdoba,SMB,2026-02-22
C01974,Buenos Aires,SMB,2025-12-07
C01975,Cuyo,Consumer,2025-10-05
C01976,Córdoba,Consumer,2026-01-11
C01977,Córdoba,SMB,2026-01-18
C01978,Córdoba,Consumer,2025-12-27
C01979,Buenos Aires,SMB,2026-02-28
C01980,Patagonia,Consumer,2025-10-04
C01981,Cuyo,SMB,2025-12-20
C01982,Córdoba,Consumer,2025-10-31
C01983,Buenos Aires,Consumer,2025-11-07
C01984,Córdoba,SMB,2025-10-13
C01985,Cuyo,SMB,2025-11-11
C01986,NOA,Enterprise,2025-12-20
C01987,Cuyo,SMB,2026-02-10
C01988,Cuyo,Consumer,2026-03-23
C01989,Buenos Aires,SMB,2026-03-29
C01990,Buenos Aires,SMB,2026-03-19
C01991,Cuyo,Consumer,2026-03-25
C01992,Cuyo,Enterprise,2025-12-14
C01993,NOA,Enterprise,2025-10-10
C01994,Buenos Aires,Enterprise,2026-03-26
C01995,Buenos Aires,Consumer,2025-12-17
C01996,Cuyo,SMB,2025-11-11
C01997,Buenos Aires,SMB,2026-01-11
C01998,Córdoba,Consumer,2025-12-09
C01999,Córdoba,Enterprise,2025-10-25
C02000,Cuyo,SMB,2026-03-13
C02001,Buenos Aires,Consumer,2026-03-27
C02002,Córdoba,Enterprise,2026-01-01
C02003,NOA,SMB,2026-02-25
C02004,Córdoba,SMB,2025-11-15
C02005,Cuyo,Enterprise,2026-01-18
C02006,Cuyo,Consumer,2026-01-21
C02007,Buenos Aires,Consumer,2025-12-20
C02008,Buenos Aires,Enterprise,2025-11-02
C02009,Cuyo,Consumer,2025-12-22
C02010,Córdoba,SMB,2026-01-12
C02011,Cuyo,Consumer,2025-11-26
C02012,Cuyo,Consumer,2025-12-05
C02013,Córdoba,SMB,2025-11-08
C02014,Córdoba,Consumer,2025-11-17
C02015,Cuyo,Consumer,2025-11-07
C02016,Buenos Aires,Consumer,2025-10-28
C02017,Cuyo,SMB,2025-11-11
C02018,Cuyo,SMB,2026-01-09
C02019,Córdoba,Enterprise,2025-12-21
C02020,Cuyo,SMB,2026-02-11
C02021,Córdoba,Enterprise,2025-10-02
C02022,Córdoba,Consumer,2026-02-15
C02023,Buenos Aires,Enterprise,2025-10-16
C02024,Cuyo,Consumer,2025-11-08
C02025,Cuyo,Consumer,2026-03-11
C02026,Buenos Aires,SMB,2025-11-29
C02027,Buenos Aires,SMB,2025-12-17
C02028,Cuyo,Consumer,2025-11-11
C02029,Cuyo,Enterprise,2025-12-07
C02030,Córdoba,Consumer,2026-02-05
C02031,Buenos Aires,SMB,2025-11-01
C02032,Córdoba,Consumer,2026-03-30
C02033,Cuyo,SMB,2026-01-05
C02034,Cuyo,Enterprise,2026-01-29
C02035,Patagonia,Enterprise,2026-02-05
C02036,Cuyo,Enterprise,2026-02-07
C02037,Buenos Aires,Consumer,2025-11-09
C02038,Buenos Aires,SMB,2025-11-04
C02039,Córdoba,SMB,2026-03-28
C02040,Buenos Aires,SMB,2025-12-18
C02041,Córdoba,SMB,2026-01-15
C02042,Cuyo,Consumer,2025-12-12
C02043,Córdoba,SMB,2026-01-23
C02044,Cuyo,SMB,2026-02-14
C02045,Cuyo,Enterprise,2025-12-20
C02046,Cuyo,SMB,2025-10-05
C02047,Cuyo,Enterprise,2025-11-21
C02048,Córdoba,Consumer,2026-01-13
C02049,Buenos Aires,SMB,2026-01-20
C02050,Córdoba,Consumer,2025-12-29
C02051,NOA,Consumer,2025-11-07
C02052,Cuyo,Consumer,2026-02-05
C02053,Córdoba,SMB,2025-11-02
C02054,NOA,SMB,2026-02-08
C02055,Buenos Aires,Enterprise,2025-12-13
C02056,Cuyo,Consumer,2025-10-26
C02057,Buenos Aires,SMB,2025-12-22
C02058,Buenos Aires,SMB,2025-12-16
C02059,Córdoba,Consumer,2026-03-11
C02060,Buenos Aires,SMB,2026-02-23
C02061,Buenos Aires,SMB,2025-12-12
C02062,Cuyo,Consumer,2025-12-10
C02063,Buenos Aires,Enterprise,2026-01-25
C02064,Buenos Aires,Consumer,2025-10-01
C02065,Cuyo,SMB,2026-02-20
C02066,Cuyo,SMB,2026-03-22
C02067,Patagonia,SMB,2025-10-09
C02068,Buenos Aires,SMB,2025-11-06
C02069,Cuyo,SMB,2025-12-24
C02070,Córdoba,SMB,2026-01-08
C02071,Buenos Aires,Consumer,2025-11-15
C02072,Buenos Aires,SMB,2025-10-20
C02073,Buenos Aires,Consumer,2025-12-30
C02074,Cuyo,SMB,2026-02-25
C02075,Córdoba,SMB,2025-12-01
C02076,Buenos Aires,SMB,2025-11-20
C02077,NOA,SMB,2026-03-16
C02078,Cuyo,Enterprise,2025-10-07
C02079,Buenos Aires,Enterprise,2025-11-05
C02080,Buenos Aires,SMB,2026-01-07
C02081,Buenos Aires,SMB,2025-12-27
C02082,Córdoba,Consumer,2025-11-10
C02083,Cuyo,SMB,2025-12-24
C02084,Buenos Aires,Consumer,2025-12-22
C02085,Cuyo,Enterprise,2025-11-15
C02086,Buenos Aires,SMB,2026-03-24
C02087,Buenos Aires,Consumer,2025-12-24
C02088,Cuyo,Enterprise,2025-10-15
C02089,Cuyo,Enterprise,2025-10-12
C02090,Buenos Aires,SMB,2025-10-23
C02091,Buenos Aires,SMB,2025-12-06
C02092,Cuyo,Enterprise,2025-12-21
C02093,Córdoba,SMB,2025-10-02
C02094,Patagonia,SMB,2025-11-09
C02095,Buenos Aires,SMB,2026-01-17
C02096,Cuyo,SMB,2026-03-08
C02097,Cuyo,Consumer,2026-01-04
C02098,Córdoba,Enterprise,2025-10-17
C02099,Buenos Aires,SMB,2025-12-26
C02100,Cuyo,SMB,2026-03-12
C02101,Cuyo,SMB,2026-03-23
C02102,Patagonia,SMB,2025-10-08
C02103,Córdoba,SMB,2026-02-24
C02104,Córdoba,SMB,2025-11-12
C02105,Cuyo,SMB,2025-11-05
C02106,NOA,Enterprise,2025-10-03
C02107,Cuyo,Consumer,2026-01-28
C02108,Buenos Aires,SMB,2025-10-21
C02109,Cuyo,Consumer,2025-10-20
C02110,NOA,SMB,2025-12-06
C02111,Córdoba,SMB,2026-02-21
C02112,Buenos Aires,Consumer,2025-12-05
C02113,Buenos Aires,Consumer,2026-02-18
C02114,Córdoba,Consumer,2025-10-26
C02115,Buenos Aires,Consumer,2025-10-29
C02116,Buenos Aires,Consumer,2025-11-07
C02117,Cuyo,Consumer,2025-10-21
C02118,Patagonia,Consumer,2025-12-08
C02119,Cuyo,Consumer,2025-11-07
C02120,NOA,SMB,2025-10-07
C02121,NOA,SMB,2025-10-02
C02122,Buenos Aires,SMB,2026-03-18
C02123,Cuyo,SMB,2026-02-20
C02124,Cuyo,SMB,2026-02-23
C02125,Cuyo,SMB,2026-02-16
C02126,Córdoba,Enterprise,2025-10-08
C02127,Buenos Aires,SMB,2025-12-02
C02128,NOA,SMB,2025-11-26
C02129,Buenos Aires,SMB,2025-11-13
C02130,Buenos Aires,SMB,2025-11-17
C02131,Córdoba,Consumer,2025-11-03
C02132,Patagonia,Consumer,2026-02-01
C02133,Buenos Aires,Consumer,2026-01-14
C02134,Cuyo,Consumer,2026-02-14
C02135,Cuyo,Enterprise,2026-01-27
C02136,Córdoba,SMB,2025-10-12
C02137,Córdoba,Enterprise,2026-01-07
C02138,NOA,SMB,2026-01-29
C02139,Buenos Aires,Enterprise,2026-01-02
C02140,Córdoba,Consumer,2025-10-01
C02141,Córdoba,Consumer,2026-02-28
C02142,Buenos Aires,SMB,2025-10-19
C02143,Patagonia,SMB,2025-10-13
C02144,Cuyo,SMB,2025-12-28
C02145,Cuyo,Consumer,2026-03-13
C02146,Buenos Aires,Consumer,2025-10-24
C02147,Buenos Aires,Enterprise,2026-02-12
C02148,NOA,Consumer,2025-10-23
C02149,Patagonia,SMB,2026-01-02
C02150,Córdoba,Consumer,2026-03-04
C02151,Patagonia,SMB,2025-11-08
C02152,Buenos Aires,Consumer,2026-02-11
C02153,NOA,SMB,2025-12-26
C02154,NOA,SMB,2026-02-17
C02155,Cuyo,SMB,2026-03-16
C02156,Buenos Aires,SMB,2025-10-17
C02157,Buenos Aires,Consumer,2025-11-02
C02158,Cuyo,Consumer,2026-01-04
C02159,NOA,SMB,2025-11-05
C02160,Buenos Aires,Consumer,2025-10-03
C02161,Patagonia,Consumer,2026-03-01
C02162,Buenos Aires,Enterprise,2026-03-05
C02163,Cuyo,Enterprise,2025-12-09
C02164,Buenos Aires,Consumer,2026-01-12
C02165,Córdoba,Consumer,2025-11-21
C02166,Buenos Aires,Enterprise,2025-12-23
C02167,Cuyo,Consumer,2025-11-08
C02168,Cuyo,Enterprise,2025-11-26
C02169,Buenos Aires,Consumer,2026-03-06
C02170,NOA,Consumer,2026-01-21
C02171,Cuyo,SMB,2025-12-31
C02172,Patagonia,Consumer,2025-10-16
C02173,Buenos Aires,SMB,2026-02-18
C02174,Cuyo,Enterprise,2026-02-17
C02175,Patagonia,Consumer,2026-03-15
C02176,NOA,Consumer,2026-03-19
C02177,NOA,SMB,2026-01-15
C02178,Buenos Aires,Consumer,2026-02-19
C02179,Buenos Aires,Consumer,2026-01-15
C02180,Córdoba,Consumer,2025-10-01
C02181,Patagonia,SMB,2025-12-12
C02182,Buenos Aires,Enterprise,2026-02-25
C02183,Buenos Aires,SMB,2025-10-26
C02184,Buenos Aires,Consumer,2026-03-18
C02185,Cuyo,Consumer,2026-02-26
C02186,Patagonia,SMB,2026-03-27
C02187,Buenos Aires,Consumer,2025-12-13
C02188,Buenos Aires,SMB,2025-10-06
C02189,Córdoba,SMB,2025-12-03
C02190,Patagonia,SMB,2025-10-31
C02191,Córdoba,Enterprise,2025-10-22
C02192,Buenos Aires,Consumer,2025-12-18
C02193,Cuyo,SMB,2026-02-01
C02194,Buenos Aires,SMB,2025-11-27
C02195,Buenos Aires,Consumer,2025-11-12
C02196,Patagonia,SMB,2025-11-06
C02197,Cuyo,SMB,2025-10-25
C02198,Córdoba,Consumer,2026-02-02
C02199,Patagonia,SMB,2025-10-19
C02200,Buenos Aires,Enterprise,2025-11-15
C02201,Buenos Aires,SMB,2026-02-18
C02202,Buenos Aires,SMB,2025-12-22
C02203,Buenos Aires,SMB,2025-11-02
C02204,Córdoba,SMB,2026-02-06
C02205,Cuyo,SMB,2025-11-17
C02206,Córdoba,Enterprise,2026-02-20
C02207,Buenos Aires,Enterprise,2026-01-20
C02208,Cuyo,SMB,2026-03-24
C02209,NOA,Enterprise,2025-11-19
C02210,Buenos Aires,Consumer,2025-10-14
C02211,Córdoba,Consumer,2025-10-03
C02212,Cuyo,SMB,2025-11-24
C02213,Buenos Aires,Consumer,2025-12-01
C02214,Cuyo,SMB,2026-03-07
C02215,Cuyo,Consumer,2025-10-06
C02216,Buenos Aires,SMB,2025-11-01
C02217,Cuyo,SMB,2025-12-22
C02218,Córdoba,Consumer,2026-02-22
C02219,Buenos Aires,SMB,2026-03-21
C02220,Buenos Aires,Enterprise,2025-11-28
C02221,Buenos Aires,SMB,2026-01-25
C02222,Cuyo,SMB,2026-03-12
C02223,Buenos Aires,SMB,2025-12-21
C02224,Buenos Aires,Consumer,2025-12-23
C02225,Córdoba,SMB,2025-12-30
C02226,Buenos Aires,Consumer,2026-03-12
C02227,Córdoba,SMB,2025-12-31
C02228,Patagonia,SMB,2026-02-06
C02229,NOA,Consumer,2026-03-28
C02230,Buenos Aires,Enterprise,2025-10-12
C02231,NOA,SMB,2025-11-22
C02232,NOA,SMB,2025-11-30
C02233,Córdoba,SMB,2025-10-12
C02234,Cuyo,SMB,2025-11-23
C02235,Córdoba,SMB,2025-10-03
C02236,Buenos Aires,Enterprise,2025-12-31
C02237,Córdoba,Consumer,2025-10-26
C02238,Cuyo,SMB,2026-01-05
C02239,NOA,Consumer,2026-03-20
C02240,Buenos Aires,Consumer,2025-11-19
C02241,NOA,SMB,2025-11-22
C02242,Cuyo,Consumer,2026-01-14
C02243,Buenos Aires,SMB,2025-12-16
C02244,Córdoba,SMB,2025-10-24
C02245,Cuyo,Enterprise,2025-10-13
C02246,Buenos Aires,SMB,2026-03-13
C02247,Córdoba,Consumer,2025-12-09
C02248,Córdoba,Enterprise,2026-02-09
C02249,NOA,SMB,2025-10-16
C02250,Buenos Aires,SMB,2025-11-19
C02251,NOA,Consumer,2025-12-05
C02252,Cuyo,Consumer,2025-10-29
C02253,Córdoba,SMB,2026-01-29
C02254,Córdoba,Consumer,2026-01-31
C02255,Cuyo,SMB,2026-03-13
C02256,Córdoba,SMB,2025-12-26
C02257,Patagonia,SMB,2025-11-11
C02258,Buenos Aires,Consumer,2026-02-21
C02259,NOA,Enterprise,2026-01-30
C02260,Córdoba,Consumer,2026-03-19
C02261,Buenos Aires,SMB,2025-10-16
C02262,Patagonia,SMB,2025-10-20
C02263,Buenos Aires,SMB,2026-02-25
C02264,Córdoba,Consumer,2025-11-11
C02265,NOA,SMB,2026-03-14
C02266,Córdoba,Enterprise,2025-12-26
C02267,Córdoba,SMB,2026-02-06
C02268,Patagonia,SMB,2025-12-02
C02269,Cuyo,SMB,2025-11-24
C02270,Cuyo,SMB,2026-03-30
C02271,Cuyo,SMB,2025-12-04
C02272,Buenos Aires,Consumer,2025-12-13
C02273,NOA,Enterprise,2026-02-25
C02274,Buenos Aires,SMB,2026-01-26
C02275,NOA,SMB,2025-10-19
C02276,Cuyo,SMB,2025-10-05
C02277,Cuyo,Consumer,2026-02-21
C02278,Buenos Aires,SMB,2026-03-16
C02279,Patagonia,Enterprise,2025-11-19
C02280,NOA,SMB,2025-10-17
C02281,Buenos Aires,Consumer,2026-01-28
C02282,Buenos Aires,SMB,2026-02-03
C02283,Córdoba,SMB,2026-01-26
C02284,Buenos Aires,Enterprise,2025-12-05
C02285,Buenos Aires,SMB,2025-12-14
C02286,Córdoba,Consumer,2025-11-11
C02287,Cuyo,Consumer,2025-10-15
C02288,Córdoba,Consumer,2026-02-18
C02289,NOA,Consumer,2025-10-05
C02290,Cuyo,SMB,2026-03-10
C02291,Córdoba,SMB,2026-03-23
C02292,Cuyo,SMB,2025-11-30
C02293,Cuyo,SMB,2025-12-29
C02294,Cuyo,SMB,2025-11-29
C02295,NOA,SMB,2026-01-02
C02296,Cuyo,SMB,2025-11-03
C02297,Buenos Aires,SMB,2025-11-06
C02298,Buenos Aires,Enterprise,2025-12-01
C02299,Cuyo,SMB,2025-12-25
C02300,NOA,Consumer,2025-12-27
C02301,Cuyo,SMB,2026-01-03
C02302,NOA,SMB,2025-12-25
C02303,Buenos Aires,Enterprise,2025-11-03
C02304,Córdoba,Consumer,2025-10-28
C02305,Córdoba,Consumer,2025-10-06
C02306,Córdoba,Consumer,2025-10-28
C02307,Patagonia,SMB,2026-02-22
C02308,Patagonia,SMB,2026-01-17
C02309,Cuyo,SMB,2025-12-26
C02310,Cuyo,Consumer,2025-10-28
C02311,Buenos Aires,Enterprise,2025-12-25
C02312,Cuyo,Consumer,2026-03-10
C02313,Buenos Aires,Consumer,2026-02-27
C02314,NOA,Consumer,2026-03-02
C02315,Buenos Aires,Consumer,2026-03-22
C02316,Cuyo,SMB,2026-01-07
C02317,Cuyo,Consumer,2026-01-26
C02318,Buenos Aires,Consumer,2025-11-03
C02319,Córdoba,SMB,2025-10-05
C02320,Patagonia,SMB,2026-01-30
C02321,Córdoba,SMB,2026-03-23
C02322,Buenos Aires,Enterprise,2026-01-03
C02323,Patagonia,SMB,2026-03-26
C02324,Buenos Aires,Consumer,2025-12-18
C02325,Córdoba,SMB,2025-11-12
C02326,Cuyo,SMB,2026-02-09
C02327,Buenos Aires,Enterprise,2025-11-05
C02328,Cuyo,SMB,2025-11-19
C02329,Cuyo,Consumer,2025-11-04
C02330,Buenos Aires,Consumer,2026-01-16
C02331,Buenos Aires,Consumer,2026-01-02
C02332,Cuyo,SMB,2026-03-09
C02333,Córdoba,Consumer,2026-01-28
C02334,Buenos Aires,SMB,2025-11-18
C02335,Cuyo,Enterprise,2025-10-28
C02336,NOA,SMB,2025-10-03
C02337,Córdoba,Consumer,2026-01-09
C02338,Buenos Aires,Consumer,2026-01-17
C02339,Cuyo,SMB,2026-03-12
C02340,Buenos Aires,SMB,2025-11-15
C02341,Córdoba,Consumer,2025-10-17
C02342,Buenos Aires,Consumer,2025-10-14
C02343,Buenos Aires,SMB,2026-01-06
C02344,Cuyo,Consumer,2025-11-29
C02345,Cuyo,Enterprise,2026-02-11
C02346,Córdoba,SMB,2025-12-20
C02347,Cuyo,SMB,2026-03-25
C02348,NOA,SMB,2025-11-24
C02349,Córdoba,Enterprise,2026-03-20
C02350,Buenos Aires,Enterprise,2025-12-24
C02351,Cuyo,Enterprise,2026-03-01
C02352,Buenos Aires,SMB,2026-03-14
C02353,NOA,Consumer,2025-11-13
C02354,Cuyo,SMB,2025-12-06
C02355,Cuyo,SMB,2026-03-27
C02356,Cuyo,Consumer,2025-11-14
C02357,Córdoba,Enterprise,2026-02-20
C02358,NOA,SMB,2025-10-19
C02359,Buenos Aires,SMB,2026-01-21
C02360,Cuyo,Consumer,2025-10-06
C02361,NOA,Enterprise,2026-03-03
C02362,Buenos Aires,SMB,2026-03-05
C02363,NOA,Consumer,2026-02-16
C02364,Buenos Aires,SMB,2026-02-12
C02365,Cuyo,SMB,2025-11-14
C02366,Cuyo,SMB,2025-11-11
C02367,Cuyo,Consumer,2026-03-01
C02368,Buenos Aires,SMB,2025-12-08
C02369,Córdoba,Enterprise,2026-01-06
C02370,Buenos Aires,SMB,2026-03-24
C02371,Cuyo,SMB,2025-11-23
C02372,NOA,SMB,2025-12-02
C02373,Buenos Aires,SMB,2025-10-10
C02374,Córdoba,SMB,2025-10-27
C02375,Patagonia,SMB,2026-03-16
C02376,Córdoba,Consumer,2026-01-23
C02377,Cuyo,SMB,2025-11-11
C02378,NOA,SMB,2026-03-28
C02379,Cuyo,Enterprise,2025-11-25
C02380,Cuyo,Enterprise,2025-12-14
C02381,Córdoba,Consumer,2026-01-19
C02382,Buenos Aires,Consumer,2026-02-27
C02383,Cuyo,Consumer,2025-12-22
C02384,Córdoba,SMB,2026-02-11
C02385,Cuyo,Consumer,2026-02-21
C02386,Buenos Aires,Consumer,2026-01-22
C02387,NOA,Consumer,2025-10-16
C02388,Patagonia,Consumer,2025-11-09
C02389,Córdoba,SMB,2026-02-12
C02390,Córdoba,Consumer,2025-10-22
C02391,Córdoba,SMB,2026-03-09
C02392,Cuyo,Consumer,2026-02-06
C02393,Patagonia,SMB,2026-03-11
C02394,Córdoba,Consumer,2026-01-30
C02395,Buenos Aires,Enterprise,2025-10-06
C02396,NOA,SMB,2026-03-17
C02397,Buenos Aires,SMB,2025-10-08
C02398,Buenos Aires,SMB,2025-11-02
C02399,Buenos Aires,SMB,2026-01-21
C02400,Buenos Aires,SMB,2025-11-11
C02401,Patagonia,Consumer,2025-10-26
C02402,Patagonia,SMB,2026-03-20
C02403,Buenos Aires,Consumer,2026-01-20
C02404,Buenos Aires,SMB,2025-12-06
C02405,Cuyo,Consumer,2026-03-20
C02406,Córdoba,Consumer,2026-02-04
C02407,Patagonia,Consumer,2026-01-30
C02408,Cuyo,Consumer,2026-03-12
C02409,Córdoba,Enterprise,2025-12-22
C02410,Cuyo,Consumer,2026-01-07
C02411,Patagonia,Consumer,2026-02-14
C02412,Córdoba,Consumer,2025-10-02
C02413,NOA,Consumer,2025-12-15
C02414,Cuyo,SMB,2026-02-27
C02415,Cuyo,SMB,2026-03-27
C02416,Buenos Aires,SMB,2026-03-24
C02417,Cuyo,Consumer,2026-02-20
C02418,Patagonia,SMB,2026-02-03
C02419,Cuyo,SMB,2025-12-28
C02420,Cuyo,Consumer,2025-11-23
C02421,Cuyo,Consumer,2026-01-19
C02422,Córdoba,SMB,2025-12-19
C02423,Cuyo,Consumer,2025-11-14
C02424,Buenos Aires,SMB,2025-12-02
C02425,Cuyo,SMB,2025-11-26
C02426,Córdoba,Consumer,2025-11-03
C02427,Cuyo,SMB,2026-02-19
C02428,Cuyo,Consumer,2026-01-04
C02429,Córdoba,SMB,2026-02-28
C02430,Buenos Aires,Enterprise,2026-03-05
C02431,Cuyo,SMB,2026-03-25
C02432,NOA,SMB,2026-01-12
C02433,Buenos Aires,Consumer,2025-10-29
C02434,Buenos Aires,SMB,2026-02-23
C02435,Córdoba,Consumer,2026-01-29
C02436,Buenos Aires,Enterprise,2025-12-28
C02437,Patagonia,Consumer,2025-10-10
C02438,Buenos Aires,SMB,2025-10-17
C02439,Cuyo,SMB,2025-10-03
C02440,Buenos Aires,SMB,2025-10-25
C02441,Patagonia,Consumer,2026-03-23
C02442,Cuyo,SMB,2025-10-14
C02443,Córdoba,Consumer,2025-11-06
C02444,Buenos Aires,Consumer,2026-02-14
C02445,Córdoba,SMB,2025-10-24
C02446,Buenos Aires,SMB,2025-12-14
C02447,Cuyo,SMB,2026-01-06
C02448,Córdoba,Enterprise,2025-11-29
C02449,Patagonia,SMB,2025-11-25
C02450,Buenos Aires,Consumer,2026-03-18
C02451,Cuyo,SMB,2026-03-15
C02452,Patagonia,Enterprise,2026-01-10
C02453,Buenos Aires,SMB,2025-10-10
C02454,Córdoba,Enterprise,2025-12-30
C02455,Cuyo,SMB,2025-12-04
C02456,Córdoba,SMB,2025-10-15
C02457,Buenos Aires,Consumer,2026-03-18
C02458,Patagonia,Enterprise,2026-02-25
C02459,Cuyo,SMB,2025-12-29
C02460,Cuyo,SMB,2025-10-21
C02461,Buenos Aires,Consumer,2026-02-16
C02462,Córdoba,Enterprise,2026-01-28
C02463,Córdoba,SMB,2026-02-12
C02464,Patagonia,Enterprise,2025-11-30
C02465,Cuyo,Consumer,2025-12-23
C02466,Buenos Aires,Consumer,2025-12-13
C02467,Cuyo,SMB,2026-03-28
C02468,Cuyo,Consumer,2026-02-11
C02469,Cuyo,SMB,2026-03-08
C02470,Córdoba,Enterprise,2026-02-25
C02471,Patagonia,SMB,2025-11-28
C02472,Córdoba,SMB,2025-10-18
C02473,Córdoba,SMB,2026-01-10
C02474,NOA,Consumer,2026-01-30
C02475,Buenos Aires,SMB,2026-03-15
C02476,Buenos Aires,Consumer,2026-01-08
C02477,Patagonia,SMB,2026-03-15
C02478,Cuyo,SMB,2026-01-09
C02479,Córdoba,SMB,2026-01-19
C02480,Cuyo,SMB,2025-11-17
C02481,Buenos Aires,SMB,2025-10-08
C02482,Cuyo,SMB,2026-02-11
C02483,Buenos Aires,Consumer,2025-12-06
C02484,Cuyo,Consumer,2026-03-15
C02485,Cuyo,Consumer,2025-11-11
C02486,Buenos Aires,Enterprise,2026-01-10
C02487,Buenos Aires,Consumer,2025-10-16
C02488,Córdoba,Enterprise,2025-10-11
C02489,Cuyo,Consumer,2026-02-24
C02490,Córdoba,Consumer,2026-03-21
C02491,Cuyo,Consumer,2026-03-07
C02492,Buenos Aires,SMB,2026-02-12
C02493,Cuyo,Consumer,2025-10-03
C02494,NOA,Consumer,2025-10-31
C02495,Buenos Aires,Consumer,2026-01-13
C02496,Buenos Aires,Consumer,2025-12-13
C02497,Cuyo,Enterprise,2025-12-21
C02498,Córdoba,SMB,2026-02-12
C02499,Cuyo,SMB,2025-12-06
C02500,Buenos Aires,SMB,2026-01-22
C02501,Córdoba,Consumer,2025-11-11
C02502,Córdoba,SMB,2025-12-01
C02503,Buenos Aires,Consumer,2025-11-25
C02504,Cuyo,SMB,2025-12-25
C02505,NOA,SMB,2026-02-05
C02506,Cuyo,Consumer,2026-03-15
C02507,Cuyo,SMB,2025-11-16
C02508,Córdoba,Consumer,2026-02-02
C02509,Patagonia,Enterprise,2026-03-18
C02510,Cuyo,SMB,2026-01-30
C02511,Cuyo,SMB,2025-12-04
C02512,Córdoba,Enterprise,2025-12-18
C02513,Buenos Aires,SMB,2025-10-13
C02514,Cuyo,Enterprise,2025-10-06
C02515,Cuyo,Enterprise,2026-01-23
C02516,Córdoba,SMB,2025-11-11
C02517,Cuyo,SMB,2026-01-15
C02518,Cuyo,Consumer,2026-01-03
C02519,Buenos Aires,SMB,2026-03-16
C02520,Córdoba,Consumer,2025-11-02
C02521,Buenos Aires,Consumer,2025-12-04
C02522,Cuyo,Consumer,2026-01-19
C02523,Córdoba,Consumer,2025-12-12
C02524,Córdoba,SMB,2026-03-25
C02525,Cuyo,Consumer,2026-01-03
C02526,Córdoba,SMB,2026-01-21
C02527,Córdoba,SMB,2025-10-16
C02528,Buenos Aires,Enterprise,2026-01-13
C02529,Buenos Aires,SMB,2026-03-14
C02530,Buenos Aires,Enterprise,2026-01-21
C02531,Córdoba,SMB,2026-01-12
C02532,NOA,Consumer,2025-12-19
C02533,Buenos Aires,SMB,2026-03-14
C02534,Cuyo,SMB,2025-11-29
C02535,Buenos Aires,Consumer,2025-10-29
C02536,Buenos Aires,Consumer,2026-02-03
C02537,Cuyo,SMB,2025-12-28
C02538,Cuyo,SMB,2025-12-20
C02539,Cuyo,SMB,2025-12-04
C02540,Patagonia,Consumer,2025-10-20
C02541,Córdoba,Consumer,2026-01-21
C02542,Cuyo,SMB,2025-10-31
C02543,Cuyo,SMB,2025-12-24
C02544,Cuyo,Consumer,2025-12-13
C02545,Cuyo,SMB,2025-12-04
C02546,Patagonia,SMB,2026-02-18
C02547,Cuyo,SMB,2026-01-30
C02548,Buenos Aires,SMB,2025-10-09
C02549,Buenos Aires,SMB,2026-03-10
C02550,Cuyo,SMB,2026-01-29
C02551,Cuyo,Consumer,2025-12-13
C02552,Córdoba,SMB,2026-03-04
C02553,Córdoba,Consumer,2026-01-08
C02554,Buenos Aires,Enterprise,2025-10-21
C02555,Cuyo,SMB,2026-03-11
C02556,Buenos Aires,SMB,2026-02-22
C02557,Buenos Aires,SMB,2025-12-09
C02558,Cuyo,Consumer,2026-01-29
C02559,Buenos Aires,Enterprise,2026-01-23
C02560,Patagonia,SMB,2026-02-15
C02561,Cuyo,SMB,2025-11-03
C02562,NOA,Enterprise,2025-10-08
C02563,Buenos Aires,Enterprise,2026-03-09
C02564,NOA,Enterprise,2025-12-04
C02565,NOA,Enterprise,2026-03-24
C02566,Cuyo,SMB,2026-02-10
C02567,Córdoba,SMB,2026-03-15
C02568,Cuyo,SMB,2025-11-07
C02569,Córdoba,SMB,2026-02-21
C02570,Patagonia,Consumer,2026-01-05
C02571,Buenos Aires,Consumer,2025-11-01
C02572,Córdoba,Enterprise,2026-01-23
C02573,Córdoba,Consumer,2025-12-14
C02574,Cuyo,Consumer,2025-12-21
C02575,Buenos Aires,SMB,2026-02-18
C02576,Cuyo,Enterprise,2026-01-03
C02577,Buenos Aires,Consumer,2026-02-13
C02578,Córdoba,Consumer,2025-10-03
C02579,Cuyo,Consumer,2026-01-31
C02580,Buenos Aires,SMB,2025-10-20
C02581,Buenos Aires,SMB,2026-01-28
C02582,Buenos Aires,SMB,2025-12-14
C02583,Patagonia,Enterprise,2026-03-11
C02584,Buenos Aires,SMB,2025-11-25
C02585,Córdoba,Consumer,2026-02-21
C02586,Cuyo,SMB,2025-12-29
C02587,Buenos Aires,SMB,2025-11-11
C02588,Cuyo,SMB,2026-01-26
C02589,Patagonia,Consumer,2025-12-30
C02590,Córdoba,SMB,2026-02-19
C02591,Cuyo,Consumer,2025-11-18
C02592,Buenos Aires,Consumer,2025-11-16
C02593,Cuyo,Consumer,2025-11-15
C02594,Patagonia,Consumer,2026-02-21
C02595,Patagonia,Consumer,2026-02-02
C02596,Patagonia,SMB,2026-03-26
C02597,Córdoba,SMB,2025-12-03
C02598,Cuyo,SMB,2025-10-26
C02599,Buenos Aires,SMB,2025-10-27
C02600,Córdoba,SMB,2026-02-25
C02601,Buenos Aires,Consumer,2026-02-24
C02602,Cuyo,Consumer,2025-11-05
C02603,Buenos Aires,Consumer,2025-11-25
C02604,Cuyo,SMB,2025-10-02
C02605,Cuyo,SMB,2025-12-28
C02606,Patagonia,Consumer,2025-12-23
C02607,Córdoba,Enterprise,2025-10-03
C02608,Córdoba,Enterprise,2026-03-25
C02609,Córdoba,SMB,2025-12-29
C02610,Córdoba,Enterprise,2026-03-09
C02611,Cuyo,Consumer,2026-03-22
C02612,Córdoba,SMB,2025-12-15
C02613,Cuyo,SMB,2025-12-06
C02614,Cuyo,SMB,2025-10-30
C02615,Buenos Aires,SMB,2026-03-29
C02616,Cuyo,SMB,2025-12-11
C02617,Córdoba,SMB,2026-01-24
C02618,Cuyo,SMB,2026-02-15
C02619,Cuyo,Consumer,2026-03-13
C02620,Córdoba,Consumer,2025-10-18
C02621,NOA,SMB,2025-11-15
C02622,Córdoba,Consumer,2025-12-23
C02623,NOA,Enterprise,2025-10-24
C02624,Córdoba,SMB,2025-10-29
C02625,NOA,SMB,2025-12-29
C02626,Córdoba,SMB,2026-01-30
C02627,Córdoba,Consumer,2026-01-14
C02628,Córdoba,Consumer,2026-01-14
C02629,Cuyo,Consumer,2026-02-21
C02630,Buenos Aires,Consumer,2026-02-21
C02631,Córdoba,Enterprise,2026-02-04
C02632,Buenos Aires,SMB,2025-11-16
C02633,Patagonia,SMB,2026-01-18
C02634,Cuyo,Consumer,2025-12-28
C02635,Cuyo,SMB,2026-01-04
C02636,Buenos Aires,SMB,2025-10-05
C02637,Buenos Aires,Consumer,2026-02-26
C02638,Patagonia,SMB,2026-02-03
C02639,Cuyo,SMB,2026-01-08
C02640,Patagonia,SMB,2025-12-13
C02641,NOA,SMB,2026-03-06
C02642,Cuyo,SMB,2025-11-04
C02643,NOA,SMB,2025-10-02
C02644,Córdoba,Enterprise,2025-11-29
C02645,Cuyo,SMB,2026-03-01
C02646,Patagonia,SMB,2026-03-16
C02647,Cuyo,SMB,2026-03-16
C02648,Buenos Aires,Enterprise,2025-11-01
C02649,Cuyo,SMB,2026-02-18
C02650,Buenos Aires,SMB,2026-01-07
C02651,Cuyo,SMB,2026-01-12
C02652,Buenos Aires,Consumer,2025-11-06
C02653,Buenos Aires,Consumer,2025-12-12
C02654,Buenos Aires,SMB,2026-03-23
C02655,Buenos Aires,Consumer,2026-03-18
C02656,Patagonia,Consumer,2025-10-21
C02657,Patagonia,Consumer,2026-02-12
C02658,Cuyo,Consumer,2025-10-04
C02659,Córdoba,SMB,2026-03-19
C02660,Córdoba,Consumer,2025-10-22
C02661,NOA,SMB,2025-10-05
C02662,Buenos Aires,Consumer,2026-03-26
C02663,NOA,SMB,2025-11-01
C02664,Buenos Aires,SMB,2025-12-04
C02665,Buenos Aires,SMB,2026-01-08
C02666,Buenos Aires,SMB,2026-02-27
C02667,Buenos Aires,SMB,2025-12-30
C02668,Córdoba,SMB,2025-10-21
C02669,Buenos Aires,Consumer,2026-02-19
C02670,Patagonia,SMB,2025-11-17
C02671,Buenos Aires,SMB,2026-01-31
C02672,Cuyo,SMB,2026-03-01
C02673,Cuyo,SMB,2025-10-23
C02674,Buenos Aires,SMB,2025-12-19
C02675,Buenos Aires,Consumer,2026-02-17
C02676,Patagonia,SMB,2025-10-23
C02677,Buenos Aires,Consumer,2025-10-08
C02678,Cuyo,SMB,2026-02-14
C02679,Buenos Aires,SMB,2025-10-06
C02680,Buenos Aires,Enterprise,2026-02-23
C02681,Córdoba,Consumer,2026-03-18
C02682,Córdoba,SMB,2026-02-09
C02683,Córdoba,Consumer,2025-12-25
C02684,Cuyo,SMB,2025-11-23
C02685,Buenos Aires,Consumer,2026-03-14
C02686,Cuyo,SMB,2026-03-08
C02687,Cuyo,Consumer,2026-02-23
C02688,Córdoba,Enterprise,2025-10-12
C02689,Córdoba,SMB,2025-12-02
C02690,NOA,SMB,2026-02-11
C02691,Córdoba,Consumer,2026-02-14
C02692,Cuyo,SMB,2026-01-24
C02693,Cuyo,SMB,2026-01-05
C02694,Buenos Aires,Consumer,2025-12-26
C02695,Buenos Aires,SMB,2026-03-11
C02696,Buenos Aires,Consumer,2025-12-23
C02697,Buenos Aires,SMB,2026-01-26
C02698,Cuyo,SMB,2026-01-27
C02699,Cuyo,Consumer,2026-02-08
C02700,Buenos Aires,SMB,2026-02-27
C02701,Buenos Aires,SMB,2025-11-14
C02702,Cuyo,SMB,2026-01-29
C02703,Cuyo,Consumer,2026-02-24
C02704,Cuyo,Consumer,2026-03-24
C02705,Córdoba,SMB,2026-02-25
C02706,Córdoba,SMB,2026-03-07
C02707,Buenos Aires,SMB,2025-11-15
C02708,Cuyo,Consumer,2026-02-26
C02709,NOA,Enterprise,2025-12-13
C02710,Patagonia,SMB,2026-03-22
C02711,Buenos Aires,Enterprise,2025-10-21
C02712,Cuyo,Consumer,2025-10-18
C02713,Buenos Aires,SMB,2025-10-19
C02714,Cuyo,SMB,2026-02-15
C02715,Buenos Aires,SMB,2025-12-03
C02716,Buenos Aires,Enterprise,2026-01-08
C02717,Buenos Aires,SMB,2025-12-06
C02718,NOA,SMB,2026-03-22
C02719,Buenos Aires,SMB,2025-12-11
C02720,Cuyo,SMB,2025-11-22
C02721,Buenos Aires,SMB,2025-10-06
C02722,Patagonia,SMB,2026-02-04
C02723,Cuyo,Consumer,2025-12-22
C02724,Buenos Aires,SMB,2026-01-17
C02725,Buenos Aires,Consumer,2026-02-23
C02726,Córdoba,Consumer,2025-12-06
C02727,Buenos Aires,Consumer,2026-02-28
C02728,Cuyo,SMB,2026-02-20
C02729,NOA,SMB,2026-02-22
C02730,Patagonia,Consumer,2026-03-01
C02731,Córdoba,SMB,2026-02-09
C02732,Córdoba,SMB,2026-02-12
C02733,NOA,SMB,2026-03-27
C02734,Cuyo,Enterprise,2026-01-30
C02735,Buenos Aires,Consumer,2025-10-17
C02736,Córdoba,SMB,2025-10-17
C02737,Cuyo,SMB,2025-10-08
C02738,NOA,SMB,2025-12-25
C02739,Córdoba,Consumer,2025-12-24
C02740,Córdoba,Enterprise,2026-02-03
C02741,NOA,SMB,2026-01-16
C02742,Buenos Aires,SMB,2026-02-15
C02743,NOA,SMB,2026-01-06
C02744,Buenos Aires,SMB,2026-03-14
C02745,NOA,Consumer,2025-10-30
C02746,Buenos Aires,SMB,2025-10-01
C02747,Córdoba,Enterprise,2026-03-27
C02748,Cuyo,Consumer,2025-12-11
C02749,Buenos Aires,Enterprise,2025-10-17
C02750,Buenos Aires,SMB,2026-03-06
C02751,Buenos Aires,Enterprise,2025-11-10
C02752,NOA,SMB,2025-12-27
C02753,Buenos Aires,SMB,2025-11-30
C02754,Patagonia,SMB,2025-10-26
C02755,Cuyo,SMB,2025-12-12
C02756,Cuyo,SMB,2025-10-11
C02757,Cuyo,SMB,2025-12-17
C02758,Cuyo,SMB,2026-01-27
C02759,Buenos Aires,Consumer,2025-11-25
C02760,Cuyo,Consumer,2025-10-29
C02761,Córdoba,Consumer,2026-02-02
C02762,Patagonia,Consumer,2025-12-20
C02763,NOA,SMB,2026-01-17
C02764,Cuyo,SMB,2025-12-17
C02765,Cuyo,SMB,2026-01-26
C02766,Buenos Aires,Enterprise,2025-12-09
C02767,Cuyo,SMB,2025-12-10
C02768,Córdoba,Enterprise,2025-12-17
C02769,Buenos Aires,Consumer,2025-11-08
C02770,Buenos Aires,Enterprise,2026-01-17
C02771,Cuyo,SMB,2025-12-02
C02772,Cuyo,Consumer,2026-02-12
C02773,Patagonia,Consumer,2025-10-24
C02774,Buenos Aires,SMB,2026-03-09
C02775,Buenos Aires,Consumer,2025-11-04
C02776,Patagonia,SMB,2025-12-31
C02777,Cuyo,Enterprise,2025-12-01
C02778,Buenos Aires,Enterprise,2026-03-21
C02779,Cuyo,Consumer,2026-02-11
C02780,Córdoba,Consumer,2025-10-07
C02781,Patagonia,SMB,2026-01-30
C02782,Cuyo,SMB,2025-10-19
C02783,Patagonia,Consumer,2025-12-19
C02784,NOA,SMB,2025-10-04
C02785,Cuyo,Consumer,2026-02-09
C02786,NOA,SMB,2025-11-16
C02787,Buenos Aires,SMB,2026-02-11
C02788,Córdoba,Consumer,2026-01-02
C02789,Buenos Aires,Consumer,2026-03-09
C02790,Buenos Aires,SMB,2026-03-26
C02791,Córdoba,Consumer,2026-03-02
C02792,Cuyo,SMB,2025-11-23
C02793,Buenos Aires,Enterprise,2026-02-25
C02794,Buenos Aires,SMB,2025-10-20
C02795,Córdoba,Consumer,2025-11-12
C02796,Córdoba,SMB,2025-11-05
C02797,Patagonia,SMB,2025-12-01
C02798,Patagonia,SMB,2025-10-16
C02799,Patagonia,Consumer,2026-02-25
C02800,Buenos Aires,Consumer,2025-11-04
C02801,Cuyo,Consumer,2026-02-03
C02802,Córdoba,Consumer,2025-11-10
C02803,Cuyo,Consumer,2026-03-08
C02804,NOA,SMB,2025-11-10
C02805,Buenos Aires,SMB,2025-11-17
C02806,Cuyo,SMB,2025-12-22
C02807,Cuyo,SMB,2026-03-11
C02808,Patagonia,SMB,2025-10-08
C02809,Patagonia,SMB,2025-10-09
C02810,Cuyo,SMB,2025-11-08
C02811,Córdoba,Enterprise,2026-01-18
C02812,Cuyo,SMB,2025-10-01
C02813,Córdoba,Consumer,2025-10-15
C02814,Buenos Aires,SMB,2026-02-04
C02815,Córdoba,Consumer,2025-12-19
C02816,Cuyo,Consumer,2026-02-14
C02817,Córdoba,SMB,2025-12-17
C02818,Córdoba,SMB,2026-03-30
C02819,Patagonia,SMB,2025-12-16
C02820,Buenos Aires,Consumer,2026-03-02
C02821,Cuyo,SMB,2025-10-24
C02822,Buenos Aires,Consumer,2026-02-28
C02823,Córdoba,Enterprise,2025-10-24
C02824,Córdoba,Consumer,2025-11-16
C02825,Buenos Aires,SMB,2025-12-29
C02826,Córdoba,Consumer,2026-03-05
C02827,Córdoba,SMB,2025-12-02
C02828,Buenos Aires,Consumer,2025-11-26
C02829,Córdoba,SMB,2025-10-03
C02830,Buenos Aires,Consumer,2026-02-01
C02831,Cuyo,SMB,2025-12-19
C02832,Cuyo,Enterprise,2025-12-18
C02833,Córdoba,SMB,2026-03-18
C02834,NOA,Enterprise,2026-01-07
C02835,Buenos Aires,SMB,2025-11-12
C02836,Córdoba,SMB,2026-03-02
C02837,Buenos Aires,SMB,2025-11-02
C02838,Patagonia,Consumer,2025-10-29
C02839,Cuyo,SMB,2025-10-26
C02840,Córdoba,SMB,2026-03-15
C02841,Patagonia,Consumer,2025-11-05
C02842,NOA,Consumer,2026-01-18
C02843,Buenos Aires,Consumer,2026-03-11
C02844,Buenos Aires,Consumer,2025-10-21
C02845,Patagonia,Consumer,2026-02-12
C02846,NOA,Consumer,2025-12-28
C02847,Cuyo,Enterprise,2026-02-11
C02848,Patagonia,Consumer,2026-03-23
C02849,Cuyo,Consumer,2025-12-05
C02850,Cuyo,SMB,2025-10-22
C02851,Cuyo,SMB,2026-03-31
C02852,Cuyo,SMB,2025-10-04
C02853,Cuyo,Consumer,2025-12-30
C02854,Cuyo,SMB,2025-10-10
C02855,Cuyo,Enterprise,2025-10-03
C02856,NOA,SMB,2026-02-22
C02857,Patagonia,SMB,2026-03-24
C02858,Cuyo,SMB,2025-11-18
C02859,Cuyo,Consumer,2026-01-03
C02860,Córdoba,SMB,2025-12-15
C02861,Córdoba,SMB,2025-12-06
C02862,Buenos Aires,SMB,2026-01-02
C02863,Buenos Aires,SMB,2025-10-09
C02864,Córdoba,SMB,2025-11-30
C02865,Buenos Aires,Consumer,2026-01-08
C02866,Córdoba,SMB,2025-11-06
C02867,Cuyo,Enterprise,2026-01-10
C02868,Cuyo,Enterprise,2026-01-01
C02869,Cuyo,Consumer,2025-12-12
C02870,Buenos Aires,Consumer,2026-01-24
C02871,Buenos Aires,Consumer,2026-03-11
C02872,Patagonia,SMB,2025-11-21
C02873,Patagonia,Enterprise,2025-11-20
C02874,Patagonia,SMB,2026-02-27
C02875,Buenos Aires,SMB,2026-03-24
C02876,Cuyo,Enterprise,2026-01-06
C02877,Patagonia,Consumer,2026-01-12
C02878,NOA,SMB,2025-10-23
C02879,Cuyo,SMB,2025-10-10
C02880,Cuyo,Consumer,2026-01-29
C02881,Cuyo,SMB,2025-10-20
C02882,Buenos Aires,SMB,2025-12-06
C02883,Córdoba,Consumer,2026-01-09
C02884,Buenos Aires,Enterprise,2026-01-22
C02885,Córdoba,Consumer,2025-11-05
C02886,Patagonia,Consumer,2026-02-20
C02887,Cuyo,SMB,2026-01-22
C02888,Buenos Aires,Consumer,2025-10-06
C02889,NOA,Enterprise,2025-12-21
C02890,Buenos Aires,SMB,2025-12-15
C02891,Buenos Aires,Consumer,2026-01-28
C02892,Buenos Aires,SMB,2025-12-16
C02893,Buenos Aires,Enterprise,2025-12-18
C02894,Córdoba,SMB,2025-11-09
C02895,Patagonia,SMB,2025-11-14
C02896,Córdoba,Consumer,2025-11-08
C02897,Córdoba,Enterprise,2025-11-25
C02898,Buenos Aires,SMB,2025-11-25
C02899,Cuyo,Enterprise,2025-12-22
C02900,Córdoba,Consumer,2025-10-28
C02901,Cuyo,Enterprise,2026-03-20
C02902,Cuyo,Consumer,2025-10-13
C02903,Buenos Aires,SMB,2025-10-27
C02904,Buenos Aires,Consumer,2025-11-19
C02905,Patagonia,SMB,2026-02-28
C02906,Buenos Aires,SMB,2025-11-21
C02907,Córdoba,Enterprise,2026-02-26
C02908,Buenos Aires,Consumer,2026-01-28
C02909,Buenos Aires,Consumer,2026-03-12
C02910,NOA,SMB,2026-01-23
C02911,Córdoba,SMB,2025-11-29
C02912,Cuyo,Consumer,2025-12-07
C02913,Patagonia,SMB,2025-11-04
C02914,Buenos Aires,Consumer,2026-01-23
C02915,NOA,SMB,2025-10-10
C02916,Cuyo,SMB,2025-11-16
C02917,NOA,Enterprise,2025-12-11
C02918,Córdoba,Enterprise,2025-12-23
C02919,Córdoba,SMB,2026-03-12
C02920,Buenos Aires,SMB,2025-12-01
C02921,NOA,Consumer,2026-03-11
C02922,Patagonia,Enterprise,2025-10-15
C02923,Buenos Aires,SMB,2025-12-29
C02924,Buenos Aires,SMB,2025-12-01
C02925,Buenos Aires,Consumer,2025-12-25
C02926,Buenos Aires,Consumer,2026-03-03
C02927,Cuyo,Consumer,2026-03-08
C02928,Cuyo,SMB,2026-02-05
C02929,Córdoba,SMB,2026-01-28
C02930,Córdoba,Enterprise,2025-11-03
C02931,NOA,SMB,2025-11-12
C02932,Cuyo,Consumer,2026-03-13
C02933,Buenos Aires,SMB,2025-11-20
C02934,Cuyo,SMB,2026-02-06
C02935,Córdoba,SMB,2026-01-28
C02936,Buenos Aires,SMB,2026-03-25
C02937,Buenos Aires,SMB,2026-02-14
C02938,Cuyo,SMB,2025-11-06
C02939,Córdoba,Consumer,2025-12-24
C02940,NOA,SMB,2026-01-14
C02941,Cuyo,Consumer,2025-12-18
C02942,Buenos Aires,SMB,2026-02-01
C02943,Córdoba,Enterprise,2026-03-26
C02944,Patagonia,Consumer,2025-10-04
C02945,Buenos Aires,SMB,2026-03-10
C02946,Cuyo,SMB,2025-12-15
C02947,Córdoba,Consumer,2026-02-06
C02948,Córdoba,Consumer,2026-02-23
C02949,Buenos Aires,Consumer,2025-11-02
C02950,NOA,SMB,2026-03-04
C02951,Córdoba,SMB,2025-12-20
C02952,Buenos Aires,SMB,2025-10-17
C02953,Buenos Aires,Consumer,2025-11-22
C02954,Cuyo,SMB,2025-11-22
C02955,NOA,SMB,2026-02-05
C02956,NOA,Consumer,2025-11-03
C02957,Cuyo,Consumer,2026-01-14
C02958,Córdoba,Consumer,2026-01-16
C02959,Buenos Aires,SMB,2025-12-23
C02960,Buenos Aires,SMB,2025-10-30
C02961,Buenos Aires,SMB,2025-11-15
C02962,Cuyo,Consumer,2026-02-28
C02963,Buenos Aires,SMB,2025-11-02
C02964,Buenos Aires,SMB,2026-01-24
C02965,Córdoba,SMB,2026-02-14
C02966,Buenos Aires,Consumer,2025-11-03
C02967,Cuyo,Consumer,2026-01-08
C02968,Cuyo,Enterprise,2026-02-17
C02969,Buenos Aires,Enterprise,2026-03-26
C02970,Buenos Aires,Enterprise,2025-10-23
C02971,Córdoba,SMB,2026-02-28
C02972,Patagonia,SMB,2026-02-27
C02973,NOA,Enterprise,2025-12-23
C02974,NOA,SMB,2025-11-09
C02975,Buenos Aires,Enterprise,2026-01-21
C02976,Buenos Aires,SMB,2025-12-31
C02977,Córdoba,SMB,2025-10-12
C02978,Buenos Aires,SMB,2025-10-05
C02979,Cuyo,Consumer,2026-03-31
C02980,Cuyo,Consumer,2025-11-25
C02981,Córdoba,Consumer,2026-03-09
C02982,Córdoba,SMB,2025-11-15
C02983,Buenos Aires,SMB,2025-10-31
C02984,Cuyo,Enterprise,2026-03-25
C02985,Buenos Aires,Consumer,2026-02-20
C02986,Patagonia,SMB,2026-02-07
C02987,Cuyo,SMB,2025-11-20
C02988,Córdoba,Consumer,2026-03-01
C02989,Cuyo,SMB,2025-10-03
C02990,Cuyo,Consumer,2026-02-17
C02991,Buenos Aires,SMB,2026-02-01
C02992,Cuyo,SMB,2025-10-16
C02993,Córdoba,SMB,2025-11-25
C02994,Cuyo,Consumer,2026-01-11
C02995,Buenos Aires,SMB,2025-11-17
C02996,Córdoba,Consumer,2025-11-29
C02997,Patagonia,Consumer,2025-11-13
C02998,Buenos Aires,Enterprise,2025-12-07
C02999,Cuyo,Consumer,2025-11-04
C03000,Patagonia,SMB,2025-10-22
C03001,NOA,SMB,2025-11-23
C03002,Cuyo,Consumer,2026-02-12
C03003,NOA,SMB,2025-11-18
C03004,Córdoba,SMB,2025-11-24
C03005,Buenos Aires,SMB,2025-10-20
C03006,Buenos Aires,SMB,2025-11-04
C03007,Cuyo,SMB,2026-02-28
C03008,Córdoba,SMB,2025-10-05
C03009,Patagonia,Consumer,2026-03-24
C03010,Cuyo,SMB,2026-02-12
C03011,Buenos Aires,SMB,2026-01-20
C03012,Córdoba,Enterprise,2026-03-08
C03013,NOA,Consumer,2025-10-05
C03014,Cuyo,SMB,2025-10-20
C03015,Buenos Aires,SMB,2026-01-18
C03016,Cuyo,Consumer,2025-11-17
C03017,Buenos Aires,SMB,2026-02-10
C03018,NOA,Consumer,2026-01-04
C03019,Cuyo,SMB,2026-02-08
C03020,Buenos Aires,SMB,2026-02-07
C03021,Patagonia,Consumer,2026-01-30
C03022,Córdoba,Consumer,2025-12-30
C03023,NOA,SMB,2026-01-15
C03024,Cuyo,SMB,2026-02-12
C03025,Cuyo,Consumer,2025-10-16
C03026,Cuyo,SMB,2026-02-23
C03027,Buenos Aires,Consumer,2025-12-28
C03028,Córdoba,SMB,2025-12-18
C03029,Cuyo,Enterprise,2026-01-07
C03030,Córdoba,SMB,2026-02-06
C03031,Cuyo,Enterprise,2026-02-25
C03032,NOA,SMB,2026-02-16
C03033,Buenos Aires,SMB,2026-03-18
C03034,Cuyo,SMB,2025-10-22
C03035,Patagonia,Consumer,2026-01-06
C03036,Buenos Aires,Enterprise,2026-01-05
C03037,Córdoba,Enterprise,2025-10-06
C03038,Buenos Aires,Enterprise,2025-11-25
C03039,Patagonia,Enterprise,2025-10-11
C03040,Cuyo,SMB,2025-11-15
C03041,NOA,SMB,2026-02-19
C03042,Cuyo,SMB,2026-03-14
C03043,Buenos Aires,SMB,2026-02-25
C03044,Cuyo,SMB,2026-03-16
C03045,NOA,SMB,2026-02-18
C03046,Cuyo,SMB,2025-10-24
C03047,Cuyo,SMB,2025-11-07
C03048,Buenos Aires,SMB,2026-03-02
C03049,Cuyo,Consumer,2026-03-19
C03050,NOA,Consumer,2026-02-14
C03051,Córdoba,Consumer,2026-01-02
C03052,Buenos Aires,SMB,2025-12-09
C03053,Buenos Aires,Enterprise,2026-01-30
C03054,Cuyo,SMB,2025-12-07
C03055,Cuyo,Consumer,2025-10-22
C03056,Buenos Aires,Consumer,2025-12-05
C03057,Córdoba,SMB,2026-03-07
C03058,Patagonia,SMB,2026-03-11
C03059,Cuyo,SMB,2025-10-24
C03060,Patagonia,Consumer,2025-12-17
C03061,Córdoba,Enterprise,2026-02-14
C03062,Cuyo,SMB,2026-01-01
C03063,Cuyo,SMB,2025-10-08
C03064,Cuyo,Consumer,2026-01-23
C03065,NOA,SMB,2025-10-29
C03066,Cuyo,SMB,2025-10-26
C03067,Cuyo,Enterprise,2026-02-12
C03068,Córdoba,SMB,2025-10-03
C03069,Cuyo,Consumer,2026-01-10
C03070,NOA,Consumer,2026-02-11
C03071,Córdoba,SMB,2026-01-21
C03072,Patagonia,Enterprise,2025-12-11
C03073,Córdoba,Consumer,2025-10-17
C03074,Córdoba,Consumer,2026-02-22
C03075,Buenos Aires,SMB,2026-01-19
C03076,Buenos Aires,SMB,2026-03-03
C03077,Córdoba,Consumer,2025-11-24
C03078,Cuyo,Consumer,2025-10-17
C03079,Cuyo,SMB,2026-03-07
C03080,NOA,Enterprise,2025-11-16
C03081,Buenos Aires,SMB,2025-10-20
C03082,Buenos Aires,Consumer,2025-12-02
C03083,Buenos Aires,SMB,2025-10-17
C03084,Córdoba,SMB,2026-03-13
C03085,Córdoba,Consumer,2025-11-21
C03086,Cuyo,SMB,2025-11-18
C03087,Córdoba,SMB,2026-01-02
C03088,Buenos Aires,Consumer,2025-12-21
C03089,Buenos Aires,Consumer,2025-10-25
C03090,Buenos Aires,Enterprise,2026-01-23
C03091,Patagonia,SMB,2026-02-04
C03092,Buenos Aires,SMB,2026-03-23
C03093,Patagonia,SMB,2026-01-31
C03094,NOA,SMB,2025-12-04
C03095,Buenos Aires,SMB,2025-12-22
C03096,Patagonia,SMB,2026-03-27
C03097,Patagonia,Enterprise,2026-01-23
C03098,Cuyo,SMB,2026-02-19
C03099,Buenos Aires,SMB,2025-10-28
C03100,NOA,SMB,2026-02-26
C03101,Córdoba,SMB,2026-02-26
C03102,Patagonia,SMB,2025-12-24
C03103,Córdoba,SMB,2026-01-28
C03104,Buenos Aires,SMB,2026-02-11
C03105,Córdoba,SMB,2025-11-17
C03106,Buenos Aires,SMB,2025-10-11
C03107,Buenos Aires,SMB,2026-01-12
C03108,Cuyo,SMB,2026-01-26
C03109,Buenos Aires,SMB,2026-01-12
C03110,Buenos Aires,Enterprise,2025-12-07
C03111,Cuyo,Consumer,2026-01-27
C03112,Cuyo,SMB,2025-11-09
C03113,Patagonia,SMB,2026-02-16
C03114,NOA,Consumer,2026-03-12
C03115,Cuyo,Enterprise,2025-10-29
C03116,Buenos Aires,SMB,2025-10-07
C03117,Córdoba,Consumer,2026-01-10
C03118,Cuyo,SMB,2025-12-12
C03119,Cuyo,Enterprise,2025-11-17
C03120,NOA,SMB,2026-01-02
C03121,Cuyo,Consumer,2026-01-27
C03122,NOA,SMB,2026-03-27
C03123,Buenos Aires,Enterprise,2026-02-26
C03124,Buenos Aires,SMB,2026-01-25
C03125,Buenos Aires,SMB,2025-11-15
C03126,Buenos Aires,SMB,2025-10-27
C03127,Cuyo,SMB,2026-01-16
C03128,Córdoba,SMB,2026-01-14
C03129,Buenos Aires,SMB,2026-01-10
C03130,Patagonia,SMB,2026-02-22
C03131,Cuyo,SMB,2025-11-05
C03132,Cuyo,Enterprise,2026-02-05
C03133,Patagonia,SMB,2025-10-03
C03134,Buenos Aires,Enterprise,2026-01-09
C03135,Cuyo,Enterprise,2025-10-28
C03136,Córdoba,Enterprise,2025-11-21
C03137,Cuyo,SMB,2026-01-16
C03138,Córdoba,Consumer,2025-12-13
C03139,Córdoba,SMB,2026-03-13
C03140,Cuyo,SMB,2026-03-10
C03141,Córdoba,SMB,2025-10-13
C03142,Buenos Aires,SMB,2025-10-10
C03143,Cuyo,Consumer,2026-02-26
C03144,NOA,Consumer,2026-01-04
C03145,Cuyo,Consumer,2026-03-31
C03146,Buenos Aires,SMB,2025-11-17
C03147,Patagonia,Consumer,2025-11-25
C03148,Córdoba,Consumer,2025-11-06
C03149,Cuyo,SMB,2026-03-02
C03150,Córdoba,Enterprise,2025-11-06
C03151,Cuyo,SMB,2025-10-19
C03152,Córdoba,Consumer,2025-11-09
C03153,Córdoba,SMB,2026-02-25
C03154,Córdoba,Consumer,2026-03-09
C03155,Buenos Aires,Enterprise,2025-11-11
C03156,Buenos Aires,Enterprise,2026-03-31
C03157,Córdoba,SMB,2026-03-03
C03158,Buenos Aires,Consumer,2026-02-24
C03159,Córdoba,SMB,2026-01-10
C03160,Cuyo,SMB,2026-03-25
C03161,Cuyo,SMB,2026-01-08
C03162,Cuyo,Consumer,2025-10-28
C03163,Buenos Aires,Consumer,2025-12-25
C03164,Córdoba,SMB,2026-03-26
C03165,Cuyo,Consumer,2026-03-26
C03166,NOA,SMB,2025-11-12
C03167,Buenos Aires,Consumer,2026-02-10
C03168,Cuyo,Enterprise,2025-11-09
C03169,Córdoba,Consumer,2025-12-05
C03170,Cuyo,SMB,2025-11-29
C03171,Cuyo,Enterprise,2026-01-01
C03172,Cuyo,SMB,2025-12-17
C03173,Buenos Aires,SMB,2025-11-05
C03174,Cuyo,Consumer,2026-03-08
C03175,Buenos Aires,SMB,2025-10-09
C03176,Cuyo,Consumer,2026-03-01
C03177,Buenos Aires,Consumer,2026-03-07
C03178,Córdoba,SMB,2025-10-25
C03179,Buenos Aires,SMB,2026-01-30
C03180,Buenos Aires,SMB,2026-02-22
C03181,Cuyo,Consumer,2026-01-08
C03182,Cuyo,Consumer,2026-01-24
C03183,Buenos Aires,Consumer,2026-01-23
C03184,Cuyo,SMB,2026-03-27
C03185,Buenos Aires,Enterprise,2025-11-05
C03186,Córdoba,SMB,2026-01-29
C03187,Buenos Aires,Consumer,2025-12-25
C03188,Cuyo,Consumer,2025-12-13
C03189,Buenos Aires,SMB,2026-01-12
C03190,Patagonia,SMB,2025-12-25
C03191,Cuyo,SMB,2025-12-18
C03192,Buenos Aires,Enterprise,2026-03-18
C03193,Córdoba,Enterprise,2025-12-23
C03194,Cuyo,Consumer,2025-10-04
C03195,NOA,SMB,2025-11-16
C03196,Cuyo,Enterprise,2026-03-23
C03197,Cuyo,Consumer,2026-02-21
C03198,Buenos Aires,Consumer,2025-12-26
C03199,Buenos Aires,SMB,2026-02-08
C03200,Buenos Aires,SMB,2025-10-19
C03201,Buenos Aires,SMB,2026-03-05
C03202,Córdoba,Enterprise,2026-03-13
C03203,Patagonia,Enterprise,2025-12-09
C03204,Buenos Aires,SMB,2026-03-01
C03205,Patagonia,Consumer,2026-01-23
C03206,Patagonia,Enterprise,2025-11-23
C03207,Cuyo,SMB,2026-01-31
C03208,Cuyo,Consumer,2025-12-23
C03209,Cuyo,SMB,2026-01-15
C03210,Cuyo,Consumer,2025-11-26
C03211,Córdoba,Consumer,2026-02-01
C03212,Buenos Aires,SMB,2025-11-30
C03213,Cuyo,SMB,2025-10-27
C03214,Buenos Aires,SMB,2026-02-03
C03215,Cuyo,Consumer,2025-12-12
C03216,Cuyo,SMB,2026-03-02
C03217,Buenos Aires,Consumer,2026-01-07
C03218,Patagonia,Enterprise,2025-11-03
C03219,Córdoba,Consumer,2025-11-13
C03220,NOA,SMB,2025-11-03
C03221,Buenos Aires,SMB,2026-01-31
C03222,NOA,Consumer,2025-11-03
C03223,Buenos Aires,Consumer,2026-02-28
C03224,Buenos Aires,Consumer,2026-03-01
C03225,Córdoba,Consumer,2026-02-12
C03226,Buenos Aires,Consumer,2025-10-23
C03227,Cuyo,Consumer,2026-03-28
C03228,Córdoba,SMB,2025-12-21
C03229,NOA,SMB,2025-10-25
C03230,Buenos Aires,Enterprise,2025-10-27
C03231,Buenos Aires,Enterprise,2026-02-19
C03232,Buenos Aires,Consumer,2025-11-30
C03233,Córdoba,SMB,2026-01-29
C03234,Buenos Aires,SMB,2025-10-19
C03235,Cuyo,Consumer,2026-02-11
C03236,Patagonia,SMB,2025-11-09
C03237,Cuyo,SMB,2025-11-18
C03238,Patagonia,Enterprise,2026-02-25
C03239,Patagonia,SMB,2026-01-28
C03240,Cuyo,SMB,2026-01-28
C03241,Cuyo,Consumer,2026-03-21
C03242,Córdoba,SMB,2026-01-25
C03243,Buenos Aires,Consumer,2026-03-23
C03244,Cuyo,Consumer,2025-12-05
C03245,Buenos Aires,SMB,2025-11-23
C03246,Cuyo,Enterprise,2025-11-28
C03247,Buenos Aires,SMB,2025-10-27
C03248,Buenos Aires,Consumer,2025-10-10
C03249,Patagonia,Consumer,2026-03-09
C03250,Buenos Aires,SMB,2025-12-10
C03251,Cuyo,SMB,2025-12-18
C03252,NOA,Consumer,2026-03-01
C03253,Córdoba,Consumer,2025-11-19
C03254,Cuyo,SMB,2025-11-19
C03255,Cuyo,Consumer,2025-12-11
C03256,Buenos Aires,Enterprise,2025-11-10
C03257,Cuyo,SMB,2026-03-26
C03258,Buenos Aires,SMB,2025-10-02
C03259,Cuyo,Consumer,2026-02-12
C03260,NOA,SMB,2026-02-11
C03261,Patagonia,Enterprise,2025-12-27
C03262,Córdoba,SMB,2025-10-25
C03263,Cuyo,Consumer,2026-02-27
C03264,Córdoba,SMB,2025-10-31
C03265,Buenos Aires,SMB,2026-01-08
C03266,Patagonia,Consumer,2025-10-13
C03267,Cuyo,SMB,2025-12-18
C03268,Cuyo,SMB,2026-01-19
C03269,Cuyo,Consumer,2026-01-22
C03270,Patagonia,Enterprise,2025-10-27
C03271,NOA,SMB,2025-11-05
C03272,Córdoba,SMB,2026-01-29
C03273,Buenos Aires,Consumer,2025-12-10
C03274,Cuyo,SMB,2026-01-18
C03275,NOA,SMB,2025-12-22
C03276,Cuyo,SMB,2026-03-20
C03277,Patagonia,SMB,2026-03-22
C03278,Buenos Aires,Enterprise,2025-12-02
C03279,Buenos Aires,SMB,2026-03-25
C03280,Buenos Aires,SMB,2026-01-04
C03281,Cuyo,Consumer,2025-12-16
C03282,Cuyo,Enterprise,2026-03-18
C03283,Patagonia,Enterprise,2026-03-25
C03284,Buenos Aires,Enterprise,2026-01-19
C03285,Córdoba,Enterprise,2026-03-13
C03286,Buenos Aires,SMB,2026-02-09
C03287,Buenos Aires,SMB,2025-11-24
C03288,Córdoba,SMB,2025-10-27
C03289,Córdoba,SMB,2026-02-24
C03290,Buenos Aires,SMB,2026-03-16
C03291,Buenos Aires,Consumer,2025-12-05
C03292,NOA,SMB,2025-12-18
C03293,Cuyo,Consumer,2026-03-09
C03294,Buenos Aires,Enterprise,2026-01-29
C03295,Cuyo,Consumer,2025-10-29
C03296,Cuyo,Enterprise,2026-02-19
C03297,Cuyo,Consumer,2025-10-12
C03298,Córdoba,Consumer,2025-11-30
C03299,Buenos Aires,Enterprise,2025-11-20
C03300,Buenos Aires,SMB,2026-03-29
C03301,Buenos Aires,Consumer,2026-02-05
C03302,Buenos Aires,SMB,2025-12-23
C03303,Buenos Aires,SMB,2025-10-10
C03304,Patagonia,Consumer,2026-02-21
C03305,Cuyo,Enterprise,2025-12-07
C03306,Cuyo,SMB,2025-12-24
C03307,Cuyo,Consumer,2025-11-19
C03308,Buenos Aires,SMB,2026-01-04
C03309,Buenos Aires,Consumer,2025-11-19
C03310,Córdoba,Consumer,2026-01-11
C03311,NOA,SMB,2026-03-12
C03312,NOA,Consumer,2025-12-08
C03313,Cuyo,Consumer,2025-10-21
C03314,Buenos Aires,Consumer,2025-12-14
C03315,Buenos Aires,Consumer,2025-12-07
C03316,Córdoba,SMB,2025-10-11
C03317,Buenos Aires,SMB,2025-11-05
C03318,Cuyo,SMB,2026-02-15
C03319,Cuyo,SMB,2025-11-05
C03320,Buenos Aires,Consumer,2026-03-06
C03321,Córdoba,SMB,2025-12-19
C03322,Cuyo,Consumer,2026-03-21
C03323,Buenos Aires,Consumer,2025-11-09
C03324,Buenos Aires,SMB,2025-10-02
C03325,NOA,Consumer,2026-02-06
C03326,Córdoba,SMB,2026-01-31
C03327,NOA,Consumer,2025-10-10
C03328,Buenos Aires,Consumer,2025-10-05
C03329,Buenos Aires,Consumer,2026-02-28
C03330,NOA,Enterprise,2026-01-31
C03331,Buenos Aires,SMB,2025-10-04
C03332,Buenos Aires,Consumer,2026-03-20
C03333,Cuyo,SMB,2026-02-13
C03334,Cuyo,Consumer,2026-01-01
C03335,Cuyo,SMB,2025-10-24
C03336,Cuyo,Consumer,2025-10-22
C03337,Buenos Aires,SMB,2026-02-11
C03338,Patagonia,SMB,2026-01-17
C03339,Cuyo,Enterprise,2026-03-03
C03340,Cuyo,Consumer,2026-03-05
C03341,Buenos Aires,Enterprise,2026-02-16
C03342,Buenos Aires,SMB,2026-01-17
C03343,Cuyo,SMB,2026-01-16
C03344,Córdoba,SMB,2026-01-18
C03345,NOA,SMB,2025-10-02
C03346,Córdoba,Enterprise,2025-12-30
C03347,Córdoba,Consumer,2026-01-15
C03348,Córdoba,Enterprise,2025-11-09
C03349,NOA,Enterprise,2026-01-23
C03350,Cuyo,SMB,2025-12-22
C03351,Patagonia,SMB,2025-11-01
C03352,Córdoba,Consumer,2026-01-31
C03353,NOA,Consumer,2025-10-15
C03354,Patagonia,SMB,2025-10-01
C03355,Buenos Aires,Consumer,2025-11-19
C03356,Córdoba,Consumer,2025-10-23
C03357,Cuyo,Consumer,2025-11-18
C03358,Buenos Aires,SMB,2026-03-01
C03359,Cuyo,SMB,2025-11-01
C03360,Buenos Aires,SMB,2025-11-16
C03361,Patagonia,SMB,2026-02-17
C03362,Buenos Aires,SMB,2025-12-09
C03363,Patagonia,Enterprise,2025-10-14
C03364,Cuyo,SMB,2025-10-22
C03365,Córdoba,Consumer,2026-02-14
C03366,Cuyo,SMB,2025-10-26
C03367,Córdoba,SMB,2025-12-30
C03368,Córdoba,Consumer,2026-01-11
C03369,Patagonia,Enterprise,2026-01-13
C03370,Córdoba,Enterprise,2026-01-06
C03371,Cuyo,Consumer,2025-10-18
C03372,Córdoba,SMB,2025-12-15
C03373,Cuyo,SMB,2026-03-10
C03374,Buenos Aires,SMB,2026-01-18
C03375,Cuyo,SMB,2026-03-23
C03376,Buenos Aires,Enterprise,2025-10-25
C03377,Córdoba,Consumer,2025-10-04
C03378,Cuyo,Enterprise,2026-01-10
C03379,Buenos Aires,SMB,2025-10-27
C03380,Patagonia,Consumer,2025-10-20
C03381,Buenos Aires,Enterprise,2026-02-13
C03382,Buenos Aires,SMB,2025-11-10
C03383,Cuyo,Enterprise,2025-11-27
C03384,Buenos Aires,SMB,2025-12-05
C03385,Buenos Aires,SMB,2026-01-04
C03386,Córdoba,SMB,2025-11-16
C03387,Córdoba,Consumer,2025-10-06
C03388,Córdoba,SMB,2025-12-01
C03389,Córdoba,SMB,2026-03-22
C03390,Córdoba,Consumer,2025-12-26
C03391,Córdoba,Consumer,2026-02-27
C03392,Cuyo,Consumer,2026-01-28
C03393,Buenos Aires,SMB,2026-02-13
C03394,Buenos Aires,SMB,2025-10-22
C03395,Cuyo,Enterprise,2025-12-17
C03396,Córdoba,Consumer,2026-01-21
C03397,Cuyo,SMB,2025-12-02
C03398,Córdoba,SMB,2025-12-01
C03399,Buenos Aires,Consumer,2026-01-03
C03400,Cuyo,Consumer,2025-11-13
C03401,Buenos Aires,Enterprise,2025-10-31
C03402,Buenos Aires,Consumer,2025-10-23
C03403,Cuyo,SMB,2025-10-25
C03404,NOA,SMB,2025-12-25
C03405,NOA,SMB,2025-11-11
C03406,Cuyo,Enterprise,2025-10-04
C03407,Córdoba,Enterprise,2026-03-06
C03408,Buenos Aires,Enterprise,2025-11-04
C03409,Patagonia,Consumer,2026-02-03
C03410,NOA,SMB,2025-11-30
C03411,Buenos Aires,SMB,2026-02-18
C03412,Córdoba,SMB,2026-03-28
C03413,Buenos Aires,SMB,2025-12-17
C03414,Córdoba,SMB,2025-12-21
C03415,NOA,SMB,2025-11-10
C03416,Buenos Aires,Consumer,2025-12-25
C03417,Cuyo,Consumer,2026-01-23
C03418,NOA,SMB,2026-03-09
C03419,Cuyo,Enterprise,2025-11-21
C03420,Córdoba,SMB,2026-01-10
C03421,Buenos Aires,SMB,2026-01-12
C03422,Buenos Aires,SMB,2026-01-26
C03423,NOA,Consumer,2026-02-11
C03424,Cuyo,Consumer,2025-12-04
C03425,Cuyo,Consumer,2026-03-23
C03426,Patagonia,Consumer,2025-10-22
C03427,Cuyo,Consumer,2026-02-21
C03428,Cuyo,SMB,2025-11-07
C03429,Cuyo,SMB,2025-12-18
C03430,Buenos Aires,SMB,2025-10-14
C03431,Córdoba,SMB,2025-10-30
C03432,NOA,SMB,2026-01-07
C03433,Cuyo,SMB,2025-10-24
C03434,Cuyo,Enterprise,2025-10-17
C03435,Córdoba,Consumer,2025-12-02
C03436,NOA,Consumer,2025-12-20
C03437,Cuyo,Consumer,2025-12-22
C03438,Córdoba,SMB,2025-11-17
C03439,Buenos Aires,Consumer,2026-03-30
C03440,Buenos Aires,Consumer,2025-10-01
C03441,Córdoba,Consumer,2026-02-28
C03442,Cuyo,SMB,2026-02-02
C03443,Patagonia,SMB,2026-03-24
C03444,Cuyo,Enterprise,2025-10-06
C03445,NOA,SMB,2025-12-29
C03446,NOA,SMB,2026-01-09
C03447,Patagonia,SMB,2026-03-29
C03448,Buenos Aires,Consumer,2025-12-16
C03449,NOA,SMB,2025-12-04
C03450,Cuyo,Consumer,2026-03-05
C03451,Buenos Aires,SMB,2025-12-04
C03452,Buenos Aires,Enterprise,2025-12-11
C03453,Cuyo,Enterprise,2026-03-05
C03454,NOA,SMB,2025-10-26
C03455,Cuyo,Enterprise,2025-10-26
C03456,Buenos Aires,SMB,2025-12-13
C03457,Cuyo,Enterprise,2026-02-01
C03458,Cuyo,Consumer,2025-12-24
C03459,Patagonia,SMB,2025-11-25
C03460,Córdoba,SMB,2025-10-15
C03461,Buenos Aires,SMB,2026-03-17
C03462,Córdoba,SMB,2025-11-10
C03463,Cuyo,Enterprise,2025-12-11
C03464,Córdoba,Enterprise,2025-11-03
C03465,Patagonia,Consumer,2026-01-11
C03466,Cuyo,SMB,2025-11-08
C03467,Cuyo,SMB,2025-12-01
C03468,Cuyo,Consumer,2026-02-23
C03469,Cuyo,Enterprise,2026-03-31
C03470,NOA,SMB,2025-11-25
C03471,Córdoba,SMB,2026-01-22
C03472,Córdoba,Enterprise,2026-02-02
C03473,Córdoba,Consumer,2025-11-28
C03474,Córdoba,SMB,2025-10-04
C03475,Cuyo,SMB,2026-02-18
C03476,Cuyo,SMB,2026-03-31
C03477,Cuyo,SMB,2026-01-25
C03478,Cuyo,SMB,2026-03-06
C03479,Cuyo,SMB,2025-12-16
C03480,Córdoba,SMB,2025-12-18
C03481,Buenos Aires,SMB,2026-03-05
C03482,Buenos Aires,Consumer,2025-10-14
C03483,Córdoba,Consumer,2025-12-28
C03484,NOA,SMB,2025-12-25
C03485,Cuyo,SMB,2026-01-31
C03486,Buenos Aires,Enterprise,2026-01-31
C03487,Buenos Aires,SMB,2025-10-25
C03488,Cuyo,Consumer,2025-11-24
C03489,Buenos Aires,Consumer,2025-12-08
C03490,Córdoba,SMB,2025-10-01
C03491,Cuyo,SMB,2026-01-03
C03492,Buenos Aires,Consumer,2025-11-25
C03493,Buenos Aires,Consumer,2026-01-04
C03494,Cuyo,SMB,2026-01-20
C03495,Patagonia,Enterprise,2025-12-30
C03496,Patagonia,SMB,2025-10-16
C03497,Patagonia,Consumer,2025-12-15
C03498,Buenos Aires,SMB,2026-01-02
C03499,Buenos Aires,Consumer,2026-03-09
C03500,Córdoba,Consumer,2026-02-22
C03501,NOA,SMB,2026-01-20
C03502,Buenos Aires,SMB,2026-01-26
C03503,Cuyo,Enterprise,2026-03-17
C03504,Buenos Aires,SMB,2026-02-19
C03505,Buenos Aires,Enterprise,2025-12-09
C03506,Córdoba,Consumer,2026-02-16
C03507,NOA,Enterprise,2026-01-18
C03508,Buenos Aires,SMB,2026-03-08
C03509,Patagonia,Consumer,2026-02-28
C03510,Buenos Aires,Consumer,2025-12-14
C03511,Buenos Aires,Consumer,2025-12-17
C03512,NOA,Enterprise,2026-01-31
C03513,Cuyo,SMB,2025-11-23
C03514,Buenos Aires,SMB,2026-03-25
C03515,Buenos Aires,Enterprise,2025-12-07
C03516,Cuyo,Consumer,2026-02-03
C03517,Cuyo,SMB,2025-12-17
C03518,Buenos Aires,Enterprise,2026-03-31
C03519,Córdoba,SMB,2026-01-05
C03520,NOA,Consumer,2026-03-22
C03521,Cuyo,SMB,2026-03-29
C03522,Cuyo,SMB,2025-12-04
C03523,Córdoba,Consumer,2026-02-15
C03524,Patagonia,SMB,2025-10-25
C03525,Cuyo,Consumer,2026-01-15
C03526,Cuyo,SMB,2025-11-21
C03527,Córdoba,Enterprise,2025-10-18
C03528,Córdoba,SMB,2025-10-21
C03529,Patagonia,SMB,2026-03-10
C03530,Córdoba,Consumer,2025-10-19
C03531,NOA,Consumer,2026-02-13
C03532,Cuyo,Enterprise,2025-12-18
C03533,Córdoba,SMB,2026-01-15
C03534,Buenos Aires,Consumer,2026-03-21
C03535,Buenos Aires,SMB,2026-03-31
C03536,Córdoba,SMB,2026-03-20
C03537,Patagonia,SMB,2025-10-26
C03538,Buenos Aires,Consumer,2026-01-26
C03539,Córdoba,Enterprise,2025-10-06
C03540,Buenos Aires,SMB,2026-03-27
C03541,Patagonia,Consumer,2025-12-31
C03542,Buenos Aires,SMB,2025-11-22
C03543,Córdoba,SMB,2025-10-15
C03544,Buenos Aires,Consumer,2025-10-29
C03545,Buenos Aires,Consumer,2026-03-24
C03546,NOA,Consumer,2026-03-15
C03547,Córdoba,SMB,2026-01-17
C03548,Buenos Aires,Enterprise,2026-03-10
C03549,Córdoba,SMB,2026-03-31
C03550,Córdoba,SMB,2025-11-23
C03551,Buenos Aires,SMB,2025-10-27
C03552,Buenos Aires,Consumer,2026-02-12
C03553,Córdoba,Consumer,2025-11-13
C03554,Cuyo,SMB,2025-10-27
C03555,Patagonia,SMB,2025-12-15
C03556,Córdoba,SMB,2026-03-20
C03557,Córdoba,SMB,2026-02-23
C03558,Buenos Aires,Consumer,2025-11-21
C03559,NOA,SMB,2025-11-28
C03560,Córdoba,SMB,2025-11-05
C03561,Patagonia,Consumer,2026-01-21
C03562,Córdoba,SMB,2026-03-28
C03563,Buenos Aires,Consumer,2026-01-20
C03564,Cuyo,SMB,2025-10-09
C03565,Cuyo,Consumer,2026-02-10
C03566,Patagonia,Enterprise,2025-11-13
C03567,Córdoba,Consumer,2026-02-26
C03568,Cuyo,Consumer,2026-03-31
C03569,Cuyo,Enterprise,2025-12-24
C03570,Buenos Aires,Consumer,2025-12-22
C03571,Córdoba,Enterprise,2026-01-01
C03572,Córdoba,Enterprise,2025-12-10
C03573,Buenos Aires,Consumer,2026-01-03
C03574,Cuyo,SMB,2026-01-18
C03575,Córdoba,SMB,2026-02-16
C03576,Cuyo,Enterprise,2025-10-08
C03577,Cuyo,SMB,2025-10-23
C03578,Buenos Aires,SMB,2025-10-05
C03579,Buenos Aires,Enterprise,2025-10-03
C03580,Cuyo,SMB,2025-12-10
C03581,Cuyo,Enterprise,2026-01-07
C03582,Córdoba,Consumer,2026-03-14
C03583,Buenos Aires,Consumer,2026-03-12
C03584,Buenos Aires,Consumer,2026-03-12
C03585,Buenos Aires,SMB,2025-10-02
C03586,Cuyo,Consumer,2026-03-01
C03587,NOA,Consumer,2026-03-02
C03588,NOA,SMB,2026-03-05
C03589,Córdoba,SMB,2025-12-13
C03590,Cuyo,SMB,2025-12-22
C03591,Córdoba,SMB,2026-03-19
C03592,Patagonia,Consumer,2026-02-15
C03593,Buenos Aires,SMB,2026-01-02
C03594,Cuyo,SMB,2026-01-25
C03595,Córdoba,SMB,2026-01-21
C03596,Córdoba,Consumer,2025-11-02
C03597,Buenos Aires,SMB,2025-11-01
C03598,Cuyo,Enterprise,2025-10-12
C03599,NOA,Consumer,2026-02-04
C03600,Cuyo,Consumer,2026-02-07
C03601,Buenos Aires,SMB,2026-02-10
C03602,Buenos Aires,SMB,2025-12-20
C03603,Buenos Aires,SMB,2026-03-24
C03604,Cuyo,Consumer,2026-03-13
C03605,Buenos Aires,SMB,2026-03-18
C03606,Cuyo,Enterprise,2026-03-27
C03607,Buenos Aires,Consumer,2025-12-21
C03608,Cuyo,Consumer,2025-12-28
C03609,Buenos Aires,Consumer,2026-02-15
C03610,Córdoba,Enterprise,2025-10-20
C03611,Cuyo,SMB,2025-10-31
C03612,Cuyo,SMB,2025-11-30
C03613,NOA,Consumer,2026-03-11
C03614,Buenos Aires,SMB,2025-12-23
C03615,Cuyo,SMB,2025-10-15
C03616,Buenos Aires,SMB,2025-11-15
C03617,Cuyo,Consumer,2026-02-22
C03618,Patagonia,Consumer,2025-12-13
C03619,Patagonia,Consumer,2025-12-22
C03620,Córdoba,SMB,2026-01-30
C03621,Córdoba,SMB,2026-03-07
C03622,Buenos Aires,SMB,2026-02-13
C03623,Cuyo,SMB,2025-11-30
C03624,Córdoba,SMB,2026-02-05
C03625,Buenos Aires,Enterprise,2026-01-13
C03626,Cuyo,SMB,2025-10-26
C03627,Buenos Aires,SMB,2026-03-07
C03628,Cuyo,SMB,2026-03-24
C03629,NOA,Consumer,2026-02-10
C03630,Buenos Aires,Consumer,2025-12-22
C03631,Córdoba,SMB,2026-03-29
C03632,Cuyo,SMB,2025-10-05
C03633,Cuyo,Consumer,2026-01-23
C03634,Cuyo,Consumer,2026-02-26
C03635,Cuyo,SMB,2026-02-21
C03636,Buenos Aires,Consumer,2025-11-24
C03637,Córdoba,Consumer,2025-10-01
C03638,Patagonia,SMB,2026-03-31
C03639,Cuyo,SMB,2025-10-11
C03640,Buenos Aires,SMB,2025-10-28
C03641,Córdoba,SMB,2026-02-03
C03642,Buenos Aires,Consumer,2026-03-10
C03643,Cuyo,SMB,2026-01-01
C03644,Cuyo,Consumer,2026-02-13
C03645,Cuyo,Enterprise,2025-11-08
C03646,Buenos Aires,Consumer,2025-10-14
C03647,Cuyo,SMB,2025-12-29
C03648,NOA,Consumer,2026-02-05
C03649,Córdoba,Consumer,2025-12-13
C03650,Cuyo,SMB,2025-10-16
C03651,Córdoba,SMB,2025-10-04
C03652,Buenos Aires,Enterprise,2025-10-22
C03653,Patagonia,Consumer,2025-12-28
C03654,Cuyo,Consumer,2025-11-26
C03655,Buenos Aires,Enterprise,2026-03-18
C03656,Buenos Aires,SMB,2026-02-07
C03657,Buenos Aires,SMB,2025-11-29
C03658,Cuyo,Consumer,2025-12-23
C03659,Patagonia,Consumer,2025-10-24
C03660,Cuyo,SMB,2025-10-14
C03661,Buenos Aires,SMB,2025-11-04
C03662,Buenos Aires,Consumer,2026-03-13
C03663,Buenos Aires,SMB,2025-12-06
C03664,Buenos Aires,SMB,2025-12-02
C03665,Córdoba,Consumer,2026-01-15
C03666,Buenos Aires,Consumer,2025-10-19
C03667,Córdoba,Enterprise,2025-12-20
C03668,Córdoba,SMB,2025-12-11
C03669,NOA,SMB,2025-10-10
C03670,Buenos Aires,SMB,2026-03-06
C03671,Buenos Aires,Consumer,2025-12-31
C03672,NOA,SMB,2026-01-06
C03673,NOA,SMB,2025-10-18
C03674,Patagonia,SMB,2026-03-05
C03675,Cuyo,SMB,2025-10-03
C03676,NOA,Consumer,2026-03-04
C03677,Córdoba,SMB,2025-10-01
C03678,Buenos Aires,Consumer,2026-02-05
C03679,Cuyo,Consumer,2026-03-03
C03680,Cuyo,SMB,2025-10-21
C03681,Patagonia,SMB,2026-01-12
C03682,Cuyo,SMB,2025-11-16
C03683,Buenos Aires,SMB,2025-11-10
C03684,Buenos Aires,SMB,2025-11-02
C03685,Buenos Aires,Consumer,2026-02-04
C03686,Buenos Aires,Consumer,2026-01-07
C03687,Cuyo,SMB,2025-12-15
C03688,Patagonia,Consumer,2025-11-08
C03689,Buenos Aires,SMB,2025-12-03
C03690,Cuyo,SMB,2025-11-06
C03691,Cuyo,Consumer,2026-02-27
C03692,Patagonia,SMB,2026-01-07
C03693,Córdoba,Consumer,2026-03-14
C03694,Patagonia,Enterprise,2025-12-24
C03695,Buenos Aires,Consumer,2025-11-25
C03696,Buenos Aires,Consumer,2026-01-05
C03697,Cuyo,SMB,2026-02-23
C03698,Buenos Aires,Enterprise,2026-02-01
C03699,Cuyo,SMB,2026-02-10
C03700,Cuyo,Enterprise,2026-02-26
C03701,Buenos Aires,Enterprise,2026-01-27
C03702,Cuyo,SMB,2025-10-24
C03703,Cuyo,SMB,2026-03-31
C03704,Cuyo,SMB,2025-12-28
C03705,Buenos Aires,SMB,2026-02-03
C03706,NOA,Consumer,2025-11-13
C03707,NOA,Consumer,2025-11-10
C03708,Cuyo,Consumer,2026-03-22
C03709,Buenos Aires,Consumer,2025-11-06
C03710,Cuyo,Consumer,2026-03-14
C03711,Córdoba,Enterprise,2026-03-31
C03712,Córdoba,SMB,2025-12-01
C03713,Buenos Aires,SMB,2026-03-25
C03714,Cuyo,SMB,2026-03-29
C03715,Buenos Aires,Consumer,2026-02-18
C03716,Cuyo,SMB,2026-03-12
C03717,Córdoba,Consumer,2025-11-15
C03718,Córdoba,SMB,2026-02-25
C03719,Cuyo,Enterprise,2026-02-06
C03720,NOA,Consumer,2025-10-18
C03721,Cuyo,SMB,2025-12-17
C03722,NOA,Consumer,2025-11-16
C03723,NOA,Consumer,2025-10-06
C03724,Buenos Aires,SMB,2026-01-24
C03725,Patagonia,Consumer,2026-01-23
C03726,Buenos Aires,Consumer,2025-11-22
C03727,Cuyo,SMB,2026-02-14
C03728,Córdoba,Consumer,2025-11-16
C03729,Buenos Aires,SMB,2026-03-25
C03730,Cuyo,Consumer,2025-10-02
C03731,Córdoba,Consumer,2025-10-09
C03732,Cuyo,Consumer,2025-10-20
C03733,NOA,Enterprise,2026-03-01
C03734,Cuyo,SMB,2026-03-18
C03735,Buenos Aires,SMB,2025-10-02
C03736,Patagonia,SMB,2025-11-20
C03737,Patagonia,SMB,2025-10-08
C03738,Buenos Aires,Enterprise,2025-11-05
C03739,Córdoba,Enterprise,2026-03-28
C03740,NOA,Consumer,2025-12-26
C03741,Cuyo,SMB,2026-03-23
C03742,Cuyo,SMB,2026-01-28
C03743,Cuyo,Consumer,2025-12-11
C03744,Córdoba,SMB,2026-02-05
C03745,Córdoba,SMB,2026-03-30
C03746,Cuyo,Consumer,2026-02-19
C03747,Córdoba,SMB,2025-11-12
C03748,Cuyo,SMB,2025-12-09
C03749,Buenos Aires,SMB,2025-10-07
C03750,Buenos Aires,Consumer,2026-03-28
C03751,Buenos Aires,Consumer,2025-12-08
C03752,Buenos Aires,SMB,2026-02-06
C03753,Buenos Aires,Enterprise,2026-02-24
C03754,Córdoba,Consumer,2025-11-02
C03755,Cuyo,Consumer,2026-03-30
C03756,Patagonia,Enterprise,2026-02-09
C03757,Buenos Aires,Consumer,2025-12-01
C03758,Córdoba,SMB,2026-02-07
C03759,Córdoba,SMB,2025-10-26
C03760,Buenos Aires,SMB,2026-01-31
C03761,Buenos Aires,SMB,2025-11-15
C03762,Buenos Aires,SMB,2025-11-30
C03763,Buenos Aires,Consumer,2025-11-24
C03764,Buenos Aires,Consumer,2025-12-11
C03765,Buenos Aires,Consumer,2026-03-10
C03766,Patagonia,Enterprise,2026-01-03
C03767,Cuyo,SMB,2026-02-01
C03768,Córdoba,SMB,2025-12-12
C03769,Buenos Aires,Enterprise,2026-01-18
C03770,Patagonia,SMB,2026-03-04
C03771,Patagonia,Consumer,2025-12-02
C03772,Cuyo,SMB,2025-10-15
C03773,NOA,Consumer,2026-03-28
C03774,Patagonia,SMB,2025-10-23
C03775,Córdoba,SMB,2026-02-11
C03776,Cuyo,Consumer,2026-03-09
C03777,Patagonia,Consumer,2025-10-15
C03778,Buenos Aires,Consumer,2026-03-22
C03779,Cuyo,Enterprise,2026-01-27
C03780,Córdoba,Consumer,2025-10-04
C03781,Cuyo,Consumer,2026-01-01
C03782,Córdoba,SMB,2025-11-24
C03783,Cuyo,SMB,2026-03-12
C03784,Buenos Aires,SMB,2026-02-08
C03785,Cuyo,Consumer,2026-03-06
C03786,Buenos Aires,SMB,2026-01-23
C03787,Córdoba,Consumer,2026-03-03
C03788,Córdoba,Consumer,2025-11-01
C03789,Buenos Aires,SMB,2025-12-15
C03790,Cuyo,SMB,2026-02-03
C03791,Cuyo,SMB,2025-10-20
C03792,Buenos Aires,Enterprise,2026-01-16
C03793,Córdoba,SMB,2026-01-03
C03794,NOA,Consumer,2025-10-30
C03795,NOA,Enterprise,2025-11-12
C03796,Cuyo,SMB,2026-02-12
C03797,Cuyo,Enterprise,2026-03-11
C03798,Buenos Aires,Consumer,2026-03-12
C03799,Buenos Aires,Consumer,2026-02-18
C03800,Cuyo,SMB,2026-03-10
C03801,Cuyo,SMB,2025-11-16
C03802,Patagonia,SMB,2026-02-09
C03803,NOA,Enterprise,2026-02-12
C03804,Buenos Aires,Consumer,2026-01-15
C03805,Córdoba,SMB,2025-12-31
C03806,Córdoba,SMB,2026-03-30
C03807,Córdoba,SMB,2026-01-30
C03808,Buenos Aires,SMB,2025-11-03
C03809,NOA,SMB,2025-10-18
C03810,Cuyo,Consumer,2026-01-19
C03811,Cuyo,Consumer,2025-12-05
C03812,Córdoba,Enterprise,2025-12-20
C03813,Cuyo,Consumer,2026-03-13
C03814,Patagonia,SMB,2025-10-01
C03815,Patagonia,Enterprise,2026-03-09
C03816,Córdoba,Enterprise,2025-11-03
C03817,Patagonia,Consumer,2026-03-27
C03818,Córdoba,SMB,2026-01-16
C03819,Cuyo,SMB,2026-03-07
C03820,Buenos Aires,Consumer,2025-10-26
C03821,Cuyo,SMB,2025-10-31
C03822,Buenos Aires,Consumer,2026-01-21
C03823,Córdoba,Consumer,2025-11-17
C03824,Córdoba,Consumer,2025-10-03
C03825,Córdoba,Consumer,2025-11-01
C03826,Cuyo,SMB,2026-03-01
C03827,NOA,Consumer,2026-01-23
C03828,Buenos Aires,Consumer,2025-11-20
C03829,Cuyo,Enterprise,2026-03-14
C03830,NOA,SMB,2026-02-20
C03831,Córdoba,SMB,2025-10-08
C03832,Córdoba,Enterprise,2026-01-26
C03833,Córdoba,SMB,2026-01-27
C03834,Cuyo,SMB,2025-12-01
C03835,Buenos Aires,SMB,2026-01-10
C03836,Córdoba,SMB,2025-11-13
C03837,Córdoba,SMB,2026-03-20
C03838,Cuyo,SMB,2026-03-11
C03839,Buenos Aires,SMB,2026-02-13
C03840,Córdoba,SMB,2025-10-27
C03841,NOA,SMB,2025-10-31
C03842,Cuyo,SMB,2026-01-29
C03843,Buenos Aires,SMB,2025-12-10
C03844,Cuyo,SMB,2025-10-26
C03845,Cuyo,Consumer,2025-10-02
C03846,Buenos Aires,SMB,2026-01-25
C03847,Cuyo,SMB,2025-10-30
C03848,Buenos Aires,SMB,2026-01-03
C03849,Patagonia,Enterprise,2026-03-17
C03850,Buenos Aires,SMB,2025-12-23
C03851,Cuyo,SMB,2025-10-02
C03852,Cuyo,Consumer,2026-03-31
C03853,Buenos Aires,Enterprise,2026-01-02
C03854,Buenos Aires,Enterprise,2025-10-24
C03855,Córdoba,SMB,2026-03-06
C03856,Buenos Aires,SMB,2026-03-16
C03857,Buenos Aires,SMB,2026-01-03
C03858,Buenos Aires,SMB,2025-10-10
C03859,Cuyo,SMB,2025-12-25
C03860,Cuyo,SMB,2025-10-06
C03861,Cuyo,Consumer,2025-10-09
C03862,Córdoba,SMB,2026-03-09
C03863,Buenos Aires,SMB,2026-02-25
C03864,Córdoba,SMB,2025-12-07
C03865,Cuyo,SMB,2026-02-26
C03866,Córdoba,SMB,2025-12-28
C03867,Patagonia,SMB,2026-03-10
C03868,Cuyo,SMB,2025-10-19
C03869,Buenos Aires,Consumer,2026-03-14
C03870,Cuyo,Consumer,2026-01-31
C03871,Buenos Aires,SMB,2025-10-21
C03872,NOA,SMB,2025-10-13
C03873,Córdoba,Consumer,2026-03-17
C03874,Cuyo,Consumer,2025-12-19
C03875,NOA,SMB,2026-02-10
C03876,Córdoba,Consumer,2025-11-08
C03877,Patagonia,Enterprise,2025-12-28
C03878,Patagonia,Consumer,2026-03-25
C03879,NOA,Consumer,2025-11-14
C03880,Córdoba,SMB,2026-03-22
C03881,Cuyo,Consumer,2026-02-20
C03882,Córdoba,SMB,2026-01-11
C03883,Córdoba,Consumer,2026-01-12
C03884,Buenos Aires,SMB,2025-12-18
C03885,Patagonia,Consumer,2025-10-22
C03886,Cuyo,SMB,2026-03-31
C03887,Buenos Aires,Enterprise,2025-10-09
C03888,Patagonia,Consumer,2026-03-14
C03889,Buenos Aires,Consumer,2026-03-22
C03890,Buenos Aires,SMB,2026-01-09
C03891,Cuyo,Consumer,2026-01-02
C03892,Cuyo,SMB,2025-10-06
C03893,Cuyo,SMB,2026-02-25
C03894,NOA,SMB,2025-11-15
C03895,Buenos Aires,SMB,2025-12-07
C03896,Buenos Aires,Consumer,2026-02-04
C03897,Patagonia,SMB,2025-12-02
C03898,Córdoba,Consumer,2026-02-24
C03899,Cuyo,SMB,2025-12-04
C03900,Córdoba,Consumer,2026-02-28
C03901,Cuyo,Enterprise,2026-03-25
C03902,Buenos Aires,SMB,2026-03-23
C03903,Buenos Aires,SMB,2026-01-30
C03904,Cuyo,Consumer,2025-11-08
C03905,Córdoba,SMB,2026-02-16
C03906,Cuyo,Consumer,2026-03-13
C03907,Cuyo,SMB,2026-01-16
C03908,Córdoba,Consumer,2025-12-14
C03909,Buenos Aires,Consumer,2025-10-13
C03910,Córdoba,SMB,2026-01-01
C03911,Buenos Aires,SMB,2025-10-16
C03912,Buenos Aires,Consumer,2025-10-10
C03913,Buenos Aires,SMB,2025-11-15
C03914,Cuyo,SMB,2025-12-26
C03915,Cuyo,SMB,2025-12-31
C03916,NOA,SMB,2026-01-10
C03917,Córdoba,Consumer,2026-02-08
C03918,Cuyo,SMB,2026-01-27
C03919,Córdoba,Enterprise,2026-02-01
C03920,NOA,SMB,2025-12-26
C03921,Patagonia,SMB,2025-12-10
C03922,Córdoba,Consumer,2025-10-27
C03923,Buenos Aires,SMB,2026-01-24
C03924,Córdoba,SMB,2026-03-12
C03925,Cuyo,Consumer,2025-10-04
C03926,Buenos Aires,Enterprise,2025-10-31
C03927,Patagonia,SMB,2025-10-19
C03928,Buenos Aires,Consumer,2026-03-26
C03929,Cuyo,SMB,2026-01-21
C03930,Buenos Aires,Consumer,2025-11-24
C03931,Patagonia,SMB,2025-12-06
C03932,Patagonia,SMB,2026-02-18
C03933,NOA,Consumer,2025-10-25
C03934,NOA,SMB,2025-11-18
C03935,Cuyo,SMB,2026-01-29
C03936,Buenos Aires,SMB,2026-02-16
C03937,Buenos Aires,Consumer,2025-12-31
C03938,Córdoba,SMB,2025-12-17
C03939,Cuyo,Enterprise,2026-03-28
C03940,Buenos Aires,Enterprise,2025-10-21
C03941,Buenos Aires,Consumer,2026-01-25
C03942,Córdoba,SMB,2026-01-08
C03943,Buenos Aires,Consumer,2026-01-15
C03944,Buenos Aires,SMB,2025-10-15
C03945,Cuyo,SMB,2025-11-10
C03946,Córdoba,SMB,2026-02-17
C03947,Buenos Aires,Consumer,2025-12-02
C03948,Cuyo,SMB,2025-11-04
C03949,NOA,SMB,2025-10-25
C03950,Buenos Aires,Enterprise,2026-03-11
C03951,Cuyo,SMB,2026-02-20
C03952,Cuyo,Enterprise,2025-11-16
C03953,Buenos Aires,Consumer,2026-02-06
C03954,Buenos Aires,Consumer,2025-10-18
C03955,Buenos Aires,SMB,2026-02-15
C03956,Buenos Aires,Consumer,2026-02-01
C03957,Buenos Aires,Consumer,2026-01-08
C03958,Cuyo,Consumer,2025-11-20
C03959,Cuyo,SMB,2026-02-04
C03960,NOA,SMB,2026-01-15
C03961,Córdoba,Consumer,2025-10-14
C03962,Buenos Aires,Enterprise,2026-03-17
C03963,Cuyo,SMB,2026-02-06
C03964,Córdoba,SMB,2025-12-19
C03965,Córdoba,SMB,2025-10-05
C03966,Córdoba,Enterprise,2026-03-27
C03967,NOA,SMB,2026-02-08
C03968,Buenos Aires,Consumer,2026-01-26
C03969,NOA,SMB,2025-11-08
C03970,Buenos Aires,SMB,2026-01-28
C03971,NOA,SMB,2026-02-03
C03972,NOA,SMB,2025-10-06
C03973,Buenos Aires,SMB,2026-03-03
C03974,Buenos Aires,SMB,2026-03-10
C03975,Patagonia,SMB,2026-02-04
C03976,Patagonia,SMB,2026-03-10
C03977,Cuyo,Consumer,2025-10-06
C03978,Buenos Aires,SMB,2025-10-10
C03979,Cuyo,Consumer,2026-02-15
C03980,Patagonia,SMB,2026-01-29
C03981,Cuyo,Enterprise,2026-03-13
C03982,Buenos Aires,Consumer,2025-10-18
C03983,Buenos Aires,SMB,2026-02-16
C03984,Córdoba,SMB,2026-03-14
C03985,Buenos Aires,SMB,2025-10-27
C03986,Buenos Aires,Enterprise,2026-02-15
C03987,Patagonia,SMB,2025-10-02
C03988,Buenos Aires,Consumer,2025-10-03
C03989,NOA,SMB,2025-11-07
C03990,NOA,SMB,2026-02-25
C03991,Buenos Aires,SMB,2026-03-09
C03992,Cuyo,SMB,2026-01-13
C03993,NOA,SMB,2025-12-07
C03994,Buenos Aires,Consumer,2026-01-24
C03995,Buenos Aires,SMB,2025-12-01
C03996,Cuyo,SMB,2025-10-29
C03997,Buenos Aires,SMB,2025-10-25
C03998,Cuyo,Consumer,2026-03-26
C03999,Córdoba,SMB,2025-10-18
C04000,Buenos Aires,SMB,2026-01-11
