order_id,order_date,customer_id,region,segment,channel,category,product,quantity,unit_price,revenue,cost,status,promised_days,delivery_days
10001,2025-10-01,C00064,Cuyo,SMB,Marketplace,Office,Toner cartridge,4,58.9,235.6,141.69,Cancelled,3,6
10002,2025-10-01,C00655,Córdoba,SMB,Website,Office,Ergonomic chair,2,198.6,397.2,292.52,Delivered,5,5
10003,2025-10-01,C00015,Cuyo,Consumer,Marketplace,Cleaning,Disinfectant 5L,5,15.41,77.05,43.84,Delivered,2,2
10004,2025-10-01,C00001,Cuyo,SMB,Website,Cleaning,Disinfectant 5L,5,14.24,71.2,44.3,Delivered,3,3
10005,2025-10-01,C01443,Patagonia,Consumer,Website,Tech,27in monitor,1,244.21,244.21,162.73,Delivered,3,3
10006,2025-10-01,C00002,Buenos Aires,SMB,Sales rep,Cleaning,Disinfectant 5L,2,14.04,28.08,19.25,Delivered,5,4
10007,2025-10-01,C01866,Cuyo,SMB,Website,Cleaning,Disinfectant 5L,5,14.92,74.6,42.06,Delivered,2,2
10008,2025-10-01,C00116,Cuyo,Consumer,Marketplace,Office,Ergonomic chair,3,214.62,643.86,395.91,Delivered,5,5
10009,2025-10-01,C00005,Cuyo,SMB,Marketplace,Office,Ergonomic chair,2,207.44,414.88,236.17,Delivered,5,3
10010,2025-10-01,C00032,Cuyo,SMB,Website,Tech,USB-C dock,6,111.8,670.8,421.43,Delivered,2,4
10011,2025-10-01,C01340,NOA,SMB,Website,Cleaning,Disinfectant 5L,6,16.0,96.0,53.39,Delivered,5,5
10012,2025-10-01,C01700,Buenos Aires,Consumer,Website,Tech,Wireless mouse,2,23.26,46.52,24.44,Delivered,5,4
10013,2025-10-01,C01169,Buenos Aires,SMB,Website,Cleaning,Disinfectant 5L,5,15.29,76.45,51.9,Delivered,2,1
10014,2025-10-01,C00128,Cuyo,SMB,Marketplace,Cleaning,Paper towels x12,1,21.98,21.98,11.74,Delivered,5,5
10015,2025-10-01,C00001,Cuyo,SMB,Website,Cleaning,Disinfectant 5L,6,14.26,85.56,54.23,Delivered,3,1
10016,2025-10-01,C00002,Buenos Aires,SMB,Website,Cleaning,Disinfectant 5L,2,15.3,30.6,19.46,Delivered,5,5
10017,2025-10-02,C01122,NOA,SMB,Website,Office,Paper A4 box,2,17.38,34.76,23.9,Delivered,3,1
10018,2025-10-02,C00009,NOA,Consumer,Website,Tech,USB-C dock,4,114.07,456.28,326.22,Delivered,5,3
10019,2025-10-02,C00115,Córdoba,Consumer,Website,Tech,Wireless mouse,2,22.56,45.12,27.03,Delivered,3,3
10020,2025-10-03,C00001,Cuyo,SMB,Website,Tech,Wireless mouse,2,20.57,41.14,27.39,Delivered,3,3
10021,2025-10-03,C00130,Buenos Aires,Consumer,Website,Tech,USB-C dock,6,123.34,740.04,476.12,Delivered,3,2
10022,2025-10-03,C00103,Córdoba,SMB,Sales rep,Tech,USB-C dock,1,129.07,129.07,75.17,Delivered,3,2
10023,2025-10-03,C00068,Buenos Aires,Consumer,Marketplace,Office,Ergonomic chair,3,218.7,656.1,420.21,Delivered,2,3
10024,2025-10-03,C00342,Cuyo,SMB,Sales rep,Tech,Wireless mouse,4,22.93,91.72,50.86,Delivered,3,3
10025,2025-10-03,C00012,Buenos Aires,Consumer,Marketplace,Office,Paper A4 box,5,19.25,96.25,55.11,Delivered,3,1
10026,2025-10-03,C03503,Cuyo,Enterprise,Website,Office,Paper A4 box,6,17.31,103.86,66.19,Delivered,2,1
10027,2025-10-03,C00583,Buenos Aires,Consumer,Sales rep,Cleaning,Paper towels x12,6,20.32,121.92,78.47,Delivered,5,4
10028,2025-10-03,C00011,Buenos Aires,Enterprise,Sales rep,Cleaning,Paper towels x12,5,20.29,101.45,60.76,Delivered,3,3
10029,2025-10-03,C00920,Cuyo,Consumer,Marketplace,Tech,USB-C dock,1,115.26,115.26,70.15,Delivered,3,1
10030,2025-10-03,C00001,Cuyo,SMB,Marketplace,Office,Paper A4 box,7,17.06,119.42,83.73,Delivered,3,1
10031,2025-10-04,C00241,Cuyo,SMB,Marketplace,Cleaning,Disinfectant 5L,4,16.08,64.32,36.26,Delivered,2,5
10032,2025-10-04,C00059,Cuyo,Consumer,Website,Cleaning,Disinfectant 5L,5,15.72,78.6,42.6,Delivered,5,5
10033,2025-10-04,C00045,NOA,SMB,Sales rep,Office,Toner cartridge,4,68.93,275.72,160.57,Delivered,3,3
10034,2025-10-04,C00012,Buenos Aires,Consumer,Website,Tech,Wireless mouse,5,22.89,114.45,69.79,Delivered,3,1
10035,2025-10-04,C00040,Cuyo,Consumer,Marketplace,Tech,USB-C dock,3,114.98,344.94,209.63,Delivered,2,2
10036,2025-10-04,C00006,NOA,Enterprise,Sales rep,Office,Toner cartridge,3,68.45,205.35,107.06,Delivered,3,2
10037,2025-10-05,C00040,Cuyo,Consumer,Marketplace,Office,Paper A4 box,3,18.49,55.47,33.59,Delivered,3,1
10038,2025-10-05,C00022,Cuyo,SMB,Website,Office,Ergonomic chair,3,220.33,660.99,359.33,Delivered,2,2
10039,2025-10-05,C00188,Buenos Aires,SMB,Website,Tech,27in monitor,7,227.06,1589.42,1075.85,Delivered,3,1
10040,2025-10-05,C00430,Córdoba,Consumer,Website,Office,Toner cartridge,7,68.75,481.25,298.39,Delivered,3,3
10041,2025-10-05,C00164,Buenos Aires,Consumer,Website,Office,Ergonomic chair,1,211.98,211.98,138.83,Delivered,2,1
10042,2025-10-05,C00004,Cuyo,Consumer,Sales rep,Cleaning,Paper towels x12,1,22.5,22.5,14.69,Delivered,3,1
10043,2025-10-06,C02783,Patagonia,Consumer,Website,Cleaning,Disinfectant 5L,4,15.88,63.52,39.39,Delivered,5,6
10044,2025-10-06,C00011,Buenos Aires,Enterprise,Marketplace,Cleaning,Disinfectant 5L,1,14.51,14.51,10.04,Delivered,3,2
10045,2025-10-06,C00003,Córdoba,Consumer,Marketplace,Office,Paper A4 box,4,16.74,66.96,42.64,Delivered,3,4
10046,2025-10-06,C00033,Cuyo,SMB,Website,Office,Paper A4 box,6,18.91,113.46,72.65,Delivered,3,5
10047,2025-10-06,C00341,Buenos Aires,SMB,Website,Cleaning,Paper towels x12,7,22.57,157.99,97.43,Delivered,3,1
10048,2025-10-06,C00024,Buenos Aires,SMB,Marketplace,Tech,USB-C dock,4,110.92,443.68,321.86,Delivered,3,2
10049,2025-10-06,C00032,Cuyo,SMB,Marketplace,Office,Toner cartridge,5,58.99,294.95,190.76,Delivered,3,4
10050,2025-10-06,C00010,Córdoba,SMB,Website,Tech,27in monitor,1,246.68,246.68,142.36,Delivered,5,4
10051,2025-10-06,C01843,Cuyo,Enterprise,Website,Tech,USB-C dock,2,129.11,258.22,151.2,Delivered,5,5
10052,2025-10-06,C00106,Cuyo,SMB,Website,Office,Paper A4 box,6,18.24,109.44,64.63,Delivered,2,1
10053,2025-10-06,C00686,Buenos Aires,Consumer,Marketplace,Tech,USB-C dock,4,126.23,504.92,333.55,Delivered,5,4
10054,2025-10-06,C00001,Cuyo,SMB,Marketplace,Tech,27in monitor,4,239.37,957.48,555.29,Delivered,5,4
10055,2025-10-06,C00017,Córdoba,Enterprise,Marketplace,Office,Toner cartridge,5,65.54,327.7,181.7,Delivered,2,3
10056,2025-10-06,C01145,Buenos Aires,SMB,Website,Office,Paper A4 box,2,19.38,38.76,20.33,Delivered,5,3
10057,2025-10-06,C00063,Buenos Aires,SMB,Website,Office,Ergonomic chair,2,204.98,409.96,233.58,Delivered,3,2
10058,2025-10-06,C01077,Buenos Aires,SMB,Marketplace,Cleaning,Paper towels x12,2,21.91,43.82,23.38,Delivered,2,4
10059,2025-10-07,C00002,Buenos Aires,SMB,Website,Office,Paper A4 box,7,16.82,117.74,71.86,Delivered,2,1
10060,2025-10-07,C00239,Buenos Aires,Consumer,Sales rep,Tech,Wireless mouse,3,23.19,69.57,39.5,Delivered,2,2
10061,2025-10-07,C00772,Patagonia,SMB,Sales rep,Tech,USB-C dock,6,117.97,707.82,484.73,Delivered,5,6
10062,2025-10-07,C00044,Buenos Aires,Consumer,Marketplace,Tech,USB-C dock,3,113.6,340.8,210.18,Delivered,5,3
10063,2025-10-07,C02979,Cuyo,Consumer,Website,Office,Paper A4 box,2,18.85,37.7,20.88,Delivered,3,5
10064,2025-10-07,C00001,Cuyo,SMB,Website,Cleaning,Paper towels x12,4,20.68,82.72,52.6,Delivered,3,3
10065,2025-10-07,C00027,Cuyo,SMB,Marketplace,Office,Ergonomic chair,6,208.47,1250.82,801.89,Delivered,3,2
10066,2025-10-07,C00002,Buenos Aires,SMB,Website,Cleaning,Disinfectant 5L,7,16.15,113.05,60.99,Delivered,5,4
10067,2025-10-07,C00037,Córdoba,Enterprise,Sales rep,Cleaning,Paper towels x12,7,21.7,151.9,88.37,Delivered,5,3
10068,2025-10-07,C00649,Córdoba,Consumer,Sales rep,Cleaning,Paper towels x12,1,20.4,20.4,14.68,Delivered,2,2
10069,2025-10-07,C00010,Córdoba,SMB,Marketplace,Office,Toner cartridge,5,63.03,315.15,200.92,Delivered,3,2
10070,2025-10-07,C03352,Córdoba,Consumer,Website,Tech,27in monitor,6,249.19,1495.14,906.36,Delivered,2,3
10071,2025-10-07,C00002,Buenos Aires,SMB,Website,Office,Paper A4 box,1,17.88,17.88,10.54,Delivered,5,5
10072,2025-10-07,C01073,Cuyo,SMB,Marketplace,Tech,Wireless mouse,6,22.57,135.42,80.25,Delivered,3,2
10073,2025-10-07,C00160,Córdoba,SMB,Sales rep,Tech,Wireless mouse,5,23.57,117.85,76.45,Delivered,2,4
10074,2025-10-08,C00010,Córdoba,SMB,Sales rep,Office,Toner cartridge,6,67.22,403.32,226.42,Delivered,5,2
10075,2025-10-08,C00013,Córdoba,Enterprise,Website,Cleaning,Disinfectant 5L,5,14.86,74.3,51.25,Delivered,5,4
10076,2025-10-08,C00001,Cuyo,SMB,Website,Office,Toner cartridge,4,61.21,244.84,164.78,Delivered,5,4
10077,2025-10-08,C01578,Córdoba,Consumer,Website,Tech,Wireless mouse,4,21.21,84.84,61.12,Delivered,5,5
10078,2025-10-08,C00082,NOA,SMB,Website,Tech,27in monitor,2,263.9,527.8,287.98,Delivered,3,3
10079,2025-10-08,C02313,Buenos Aires,Consumer,Website,Cleaning,Disinfectant 5L,4,14.1,56.4,34.35,Delivered,3,2
10080,2025-10-08,C00025,Buenos Aires,SMB,Website,Cleaning,Paper towels x12,4,21.61,86.44,48.3,Delivered,5,4
10081,2025-10-08,C00108,Cuyo,SMB,Website,Office,Paper A4 box,1,18.02,18.02,11.4,Delivered,5,2
10082,2025-10-08,C00189,Córdoba,SMB,Marketplace,Office,Toner cartridge,6,62.78,376.68,251.17,Delivered,3,2
10083,2025-10-08,C00016,Córdoba,Consumer,Sales rep,Cleaning,Paper towels x12,3,20.03,60.09,35.64,Delivered,2,1
10084,2025-10-08,C01867,Buenos Aires,SMB,Website,Cleaning,Paper towels x12,3,21.77,65.31,40.57,Delivered,5,4
10085,2025-10-09,C00348,Cuyo,SMB,Marketplace,Cleaning,Disinfectant 5L,2,15.56,31.12,19.55,Cancelled,5,5
10086,2025-10-09,C00466,Cuyo,SMB,Website,Office,Ergonomic chair,3,219.03,657.09,402.6,Delivered,2,1
10087,2025-10-09,C00026,Buenos Aires,SMB,Sales rep,Cleaning,Disinfectant 5L,1,14.08,14.08,9.88,Delivered,3,2
10088,2025-10-09,C00524,Patagonia,Consumer,Website,Office,Toner cartridge,7,65.64,459.48,311.67,Delivered,5,5
10089,2025-10-09,C00023,Buenos Aires,Consumer,Marketplace,Cleaning,Paper towels x12,7,19.4,135.8,99.79,Delivered,2,2
10090,2025-10-09,C00023,Buenos Aires,Consumer,Sales rep,Office,Ergonomic chair,6,202.54,1215.24,860.58,Cancelled,5,4
10091,2025-10-09,C00016,Córdoba,Consumer,Marketplace,Tech,27in monitor,6,263.83,1582.98,865.9,Delivered,3,1
10092,2025-10-09,C00044,Buenos Aires,Consumer,Website,Tech,Wireless mouse,5,23.63,118.15,69.06,Delivered,5,3
10093,2025-10-09,C02160,Buenos Aires,Consumer,Marketplace,Office,Toner cartridge,5,64.73,323.65,184.48,Delivered,5,5
10094,2025-10-09,C00008,Cuyo,SMB,Website,Tech,27in monitor,4,230.18,920.72,611.32,Delivered,5,3
10095,2025-10-09,C00006,NOA,Enterprise,Marketplace,Office,Paper A4 box,6,18.88,113.28,60.29,Returned,5,6
10096,2025-10-09,C01360,Cuyo,Enterprise,Website,Office,Ergonomic chair,6,207.08,1242.48,701.38,Delivered,3,3
10097,2025-10-09,C00009,NOA,Consumer,Website,Office,Toner cartridge,7,60.06,420.42,265.07,Delivered,2,3
10098,2025-10-10,C00313,Buenos Aires,SMB,Sales rep,Cleaning,Disinfectant 5L,2,14.09,28.18,19.42,Delivered,3,2
10099,2025-10-10,C00093,Córdoba,Consumer,Website,Cleaning,Paper towels x12,3,19.79,59.37,41.17,Delivered,3,2
10100,2025-10-10,C00076,Córdoba,SMB,Website,Cleaning,Paper towels x12,5,22.22,111.1,71.48,Delivered,5,5
10101,2025-10-10,C00001,Cuyo,SMB,Sales rep,Tech,27in monitor,3,232.15,696.45,488.76,Delivered,2,1
10102,2025-10-10,C03630,Buenos Aires,Consumer,Marketplace,Tech,27in monitor,7,243.28,1702.96,973.07,Delivered,2,2
10103,2025-10-10,C00001,Cuyo,SMB,Website,Office,Toner cartridge,1,65.2,65.2,44.58,Delivered,2,1
10104,2025-10-10,C00009,NOA,Consumer,Website,Office,Ergonomic chair,7,194.14,1358.98,980.96,Delivered,2,1
10105,2025-10-10,C00002,Buenos Aires,SMB,Sales rep,Tech,USB-C dock,6,117.61,705.66,498.96,Delivered,5,5
10106,2025-10-10,C00184,Cuyo,Enterprise,Marketplace,Tech,27in monitor,6,251.91,1511.46,904.74,Delivered,5,4
10107,2025-10-10,C03022,Córdoba,Consumer,Website,Office,Toner cartridge,4,61.07,244.28,167.81,Delivered,3,4
10108,2025-10-10,C00482,Buenos Aires,Enterprise,Sales rep,Tech,27in monitor,6,257.08,1542.48,810.95,Delivered,2,2
10109,2025-10-10,C03520,NOA,Consumer,Marketplace,Office,Ergonomic chair,6,205.3,1231.8,868.9,Delivered,5,3
10110,2025-10-10,C00255,Córdoba,Consumer,Sales rep,Cleaning,Disinfectant 5L,7,15.6,109.2,72.63,Delivered,5,6
10111,2025-10-11,C00941,Cuyo,Consumer,Marketplace,Tech,27in monitor,3,227.39,682.17,511.14,Delivered,2,1
10112,2025-10-11,C01865,Buenos Aires,Consumer,Website,Tech,USB-C dock,4,113.33,453.32,327.18,Delivered,5,4
10113,2025-10-11,C00015,Cuyo,Consumer,Website,Tech,USB-C dock,4,128.76,515.04,319.43,Delivered,2,1
10114,2025-10-11,C00015,Cuyo,Consumer,Website,Office,Paper A4 box,2,17.24,34.48,21.79,Delivered,5,5
10115,2025-10-11,C00001,Cuyo,SMB,Marketplace,Cleaning,Paper towels x12,3,22.53,67.59,42.72,Delivered,5,3
10116,2025-10-11,C00038,Cuyo,Consumer,Website,Office,Ergonomic chair,1,219.36,219.36,118.88,Delivered,5,5
10117,2025-10-11,C00030,Cuyo,Consumer,Website,Office,Ergonomic chair,6,193.78,1162.68,743.82,Delivered,3,4
10118,2025-10-11,C00001,Cuyo,SMB,Sales rep,Office,Ergonomic chair,5,222.26,1111.3,635.84,Returned,3,3
10119,2025-10-11,C00028,Patagonia,SMB,Website,Tech,Wireless mouse,7,21.76,152.32,104.96,Cancelled,3,2
10120,2025-10-11,C00021,NOA,SMB,Marketplace,Tech,27in monitor,2,263.41,526.82,333.52,Delivered,5,3
10121,2025-10-11,C02043,Córdoba,SMB,Website,Office,Paper A4 box,6,16.66,99.96,69.6,Delivered,2,3
10122,2025-10-12,C00006,NOA,Enterprise,Sales rep,Cleaning,Paper towels x12,4,22.23,88.92,58.69,Delivered,2,1
10123,2025-10-12,C01566,Cuyo,Consumer,Website,Office,Paper A4 box,6,18.81,112.86,75.44,Delivered,2,1
10124,2025-10-12,C00120,Cuyo,SMB,Website,Cleaning,Paper towels x12,3,22.22,66.66,35.97,Delivered,5,4
10125,2025-10-12,C00198,Patagonia,SMB,Marketplace,Office,Toner cartridge,5,65.85,329.25,217.72,Delivered,2,1
10126,2025-10-12,C00001,Cuyo,SMB,Website,Tech,27in monitor,7,238.32,1668.24,1042.44,Delivered,2,1
10127,2025-10-12,C00566,NOA,Consumer,Website,Cleaning,Disinfectant 5L,4,14.46,57.84,41.83,Delivered,5,4
10128,2025-10-12,C00685,Patagonia,SMB,Website,Office,Ergonomic chair,4,219.17,876.68,462.69,Delivered,3,3
10129,2025-10-12,C00090,Buenos Aires,Enterprise,Sales rep,Tech,27in monitor,1,229.75,229.75,164.33,Delivered,5,4
10130,2025-10-13,C00013,Córdoba,Enterprise,Website,Tech,USB-C dock,1,116.93,116.93,77.94,Delivered,2,1
10131,2025-10-13,C00045,NOA,SMB,Website,Office,Toner cartridge,6,62.75,376.5,254.74,Delivered,5,3
10132,2025-10-13,C00155,Córdoba,Enterprise,Sales rep,Cleaning,Disinfectant 5L,3,15.65,46.95,30.52,Delivered,5,4
10133,2025-10-13,C00002,Buenos Aires,SMB,Website,Office,Ergonomic chair,3,208.23,624.69,346.53,Delivered,2,2
10134,2025-10-13,C00967,Buenos Aires,Consumer,Marketplace,Office,Toner cartridge,7,66.23,463.61,249.22,Delivered,3,1
10135,2025-10-13,C00568,Cuyo,Consumer,Website,Office,Ergonomic chair,6,217.53,1305.18,769.38,Delivered,5,5
10136,2025-10-13,C00008,Cuyo,SMB,Marketplace,Cleaning,Paper towels x12,3,20.34,61.02,43.53,Delivered,2,1
10137,2025-10-13,C00047,Buenos Aires,SMB,Sales rep,Tech,27in monitor,2,238.68,477.36,339.51,Delivered,2,1
10138,2025-10-13,C01302,Buenos Aires,Consumer,Website,Office,Ergonomic chair,5,225.94,1129.7,631.72,Delivered,5,2
10139,2025-10-13,C00371,NOA,Consumer,Marketplace,Tech,27in monitor,6,235.46,1412.76,948.89,Delivered,2,2
10140,2025-10-13,C00185,Patagonia,SMB,Website,Tech,27in monitor,6,246.04,1476.24,978.82,Delivered,3,3
10141,2025-10-13,C00013,Córdoba,Enterprise,Website,Tech,Wireless mouse,3,20.66,61.98,39.93,Delivered,2,2
10142,2025-10-13,C00026,Buenos Aires,SMB,Marketplace,Tech,USB-C dock,2,127.62,255.24,150.01,Delivered,3,4
10143,2025-10-13,C00035,Buenos Aires,SMB,Website,Tech,USB-C dock,1,119.41,119.41,66.4,Cancelled,2,1
10144,2025-10-13,C00160,Córdoba,SMB,Marketplace,Office,Toner cartridge,2,64.07,128.14,77.91,Delivered,3,1
10145,2025-10-14,C01402,NOA,Consumer,Website,Cleaning,Disinfectant 5L,7,13.98,97.86,63.77,Delivered,5,4
10146,2025-10-14,C00607,Cuyo,Consumer,Website,Cleaning,Paper towels x12,6,20.06,120.36,76.36,Delivered,2,1
10147,2025-10-14,C00138,Cuyo,Consumer,Marketplace,Office,Ergonomic chair,6,210.92,1265.52,776.79,Delivered,5,3
10148,2025-10-14,C00066,Cuyo,Enterprise,Sales rep,Office,Ergonomic chair,3,225.68,677.04,402.64,Delivered,2,1
10149,2025-10-14,C03086,Cuyo,SMB,Website,Office,Paper A4 box,1,19.36,19.36,11.07,Delivered,5,6
10150,2025-10-14,C00178,Córdoba,SMB,Sales rep,Office,Toner cartridge,6,59.95,359.7,250.88,Delivered,2,1
10151,2025-10-14,C00865,Patagonia,SMB,Website,Office,Paper A4 box,2,18.06,36.12,23.61,Delivered,3,4
10152,2025-10-14,C00003,Córdoba,Consumer,Marketplace,Tech,27in monitor,7,246.03,1722.21,1199.06,Delivered,2,1
10153,2025-10-14,C00009,NOA,Consumer,Sales rep,Cleaning,Disinfectant 5L,7,15.48,108.36,71.51,Delivered,5,3
10154,2025-10-15,C00002,Buenos Aires,SMB,Marketplace,Office,Toner cartridge,4,65.16,260.64,178.06,Delivered,5,5
10155,2025-10-15,C00001,Cuyo,SMB,Marketplace,Cleaning,Paper towels x12,6,21.45,128.7,74.42,Delivered,2,3
10156,2025-10-15,C00051,Buenos Aires,SMB,Marketplace,Office,Ergonomic chair,3,224.49,673.47,413.27,Delivered,2,1
10157,2025-10-15,C00129,Buenos Aires,SMB,Website,Tech,Wireless mouse,5,21.41,107.05,68.1,Delivered,5,4
10158,2025-10-15,C00003,Córdoba,Consumer,Marketplace,Cleaning,Paper towels x12,5,22.46,112.3,59.57,Delivered,3,1
10159,2025-10-15,C00414,Patagonia,SMB,Website,Tech,27in monitor,6,245.52,1473.12,831.42,Delivered,5,3
10160,2025-10-15,C01644,Buenos Aires,Consumer,Website,Tech,USB-C dock,7,118.85,831.95,484.93,Delivered,5,2
10161,2025-10-15,C00001,Cuyo,SMB,Marketplace,Cleaning,Paper towels x12,3,20.36,61.08,37.35,Delivered,3,2
10162,2025-10-15,C00104,Patagonia,Consumer,Marketplace,Tech,USB-C dock,4,126.86,507.44,273.81,Delivered,2,1
10163,2025-10-16,C02227,Córdoba,SMB,Marketplace,Tech,27in monitor,6,245.69,1474.14,860.41,Delivered,3,3
10164,2025-10-16,C01899,Cuyo,Consumer,Website,Tech,USB-C dock,6,121.04,726.24,458.45,Delivered,2,3
10165,2025-10-16,C01519,Buenos Aires,Consumer,Website,Office,Ergonomic chair,1,221.2,221.2,129.8,Delivered,3,1
10166,2025-10-16,C00029,Patagonia,Consumer,Sales rep,Office,Paper A4 box,5,19.01,95.05,54.47,Delivered,3,2
10167,2025-10-16,C00001,Cuyo,SMB,Marketplace,Cleaning,Paper towels x12,5,19.76,98.8,60.87,Delivered,3,2
10168,2025-10-16,C00060,Cuyo,Consumer,Website,Office,Paper A4 box,7,17.79,124.53,80.24,Returned,2,1
10169,2025-10-16,C00026,Buenos Aires,SMB,Website,Tech,27in monitor,6,244.66,1467.96,1026.97,Delivered,5,3
10170,2025-10-16,C00014,Cuyo,SMB,Website,Office,Paper A4 box,4,18.35,73.4,39.6,Delivered,5,3
10171,2025-10-16,C00074,Cuyo,SMB,Website,Office,Paper A4 box,5,17.63,88.15,56.94,Delivered,2,3
10172,2025-10-16,C00028,Patagonia,SMB,Website,Office,Toner cartridge,5,67.81,339.05,207.93,Delivered,5,6
10173,2025-10-17,C00001,Cuyo,SMB,Marketplace,Tech,USB-C dock,7,118.37,828.59,541.63,Delivered,2,1
10174,2025-10-17,C00009,NOA,Consumer,Website,Office,Ergonomic chair,6,198.08,1188.48,877.49,Delivered,3,3
10175,2025-10-17,C00109,NOA,Consumer,Sales rep,Tech,Wireless mouse,2,20.24,40.48,28.55,Delivered,3,3
10176,2025-10-17,C02050,Córdoba,Consumer,Website,Tech,USB-C dock,2,112.61,225.22,135.07,Delivered,3,2
10177,2025-10-18,C00001,Cuyo,SMB,Marketplace,Office,Ergonomic chair,6,196.57,1179.42,776.76,Delivered,3,3
10178,2025-10-18,C00003,Córdoba,Consumer,Website,Office,Toner cartridge,4,62.83,251.32,148.78,Delivered,2,1
10179,2025-10-18,C00002,Buenos Aires,SMB,Sales rep,Office,Ergonomic chair,1,199.62,199.62,127.37,Delivered,5,6
10180,2025-10-18,C00020,Buenos Aires,SMB,Marketplace,Tech,Wireless mouse,5,21.15,105.75,76.78,Delivered,2,1
10181,2025-10-18,C00016,Córdoba,Consumer,Sales rep,Cleaning,Paper towels x12,3,19.71,59.13,39.07,Delivered,3,4
10182,2025-10-18,C03424,Cuyo,Consumer,Website,Office,Toner cartridge,2,62.88,125.76,80.97,Cancelled,3,4
10183,2025-10-18,C00241,Cuyo,SMB,Website,Cleaning,Disinfectant 5L,2,16.01,32.02,17.19,Delivered,2,3
10184,2025-10-18,C00436,Patagonia,SMB,Marketplace,Tech,USB-C dock,1,128.57,128.57,73.68,Delivered,3,1
10185,2025-10-18,C00865,Patagonia,SMB,Marketplace,Office,Toner cartridge,5,66.08,330.4,202.36,Delivered,2,1
10186,2025-10-18,C00001,Cuyo,SMB,Website,Tech,27in monitor,4,237.44,949.76,634.67,Delivered,5,5
10187,2025-10-18,C01217,Buenos Aires,Enterprise,Sales rep,Cleaning,Paper towels x12,6,20.31,121.86,87.83,Delivered,3,2
10188,2025-10-18,C00031,Buenos Aires,SMB,Marketplace,Office,Toner cartridge,1,67.67,67.67,43.42,Delivered,5,4
10189,2025-10-18,C00171,Buenos Aires,SMB,Marketplace,Cleaning,Disinfectant 5L,7,14.8,103.6,64.14,Delivered,5,6
10190,2025-10-18,C00545,Córdoba,Consumer,Website,Tech,27in monitor,2,237.72,475.44,295.11,Delivered,3,4
10191,2025-10-18,C00004,Cuyo,Consumer,Website,Cleaning,Paper towels x12,6,21.96,131.76,87.29,Delivered,3,3
10192,2025-10-18,C01840,Patagonia,Consumer,Website,Tech,USB-C dock,1,111.33,111.33,74.33,Delivered,3,3
10193,2025-10-19,C00068,Buenos Aires,Consumer,Website,Cleaning,Disinfectant 5L,1,14.53,14.53,10.19,Delivered,3,2
10194,2025-10-19,C01941,Córdoba,SMB,Marketplace,Cleaning,Paper towels x12,3,21.04,63.12,35.77,Delivered,3,3
10195,2025-10-19,C00020,Buenos Aires,SMB,Marketplace,Tech,27in monitor,2,262.99,525.98,294.55,Cancelled,5,5
10196,2025-10-19,C01029,Cuyo,SMB,Website,Office,Ergonomic chair,3,202.0,606.0,411.49,Delivered,5,3
10197,2025-10-19,C00133,Cuyo,SMB,Marketplace,Tech,27in monitor,6,246.0,1476.0,829.81,Returned,2,1
10198,2025-10-20,C02952,Buenos Aires,SMB,Website,Cleaning,Disinfectant 5L,1,16.15,16.15,8.29,Delivered,5,3
10199,2025-10-20,C00012,Buenos Aires,Consumer,Website,Office,Toner cartridge,6,67.41,404.46,212.73,Delivered,5,5
10200,2025-10-20,C00021,NOA,SMB,Website,Tech,Wireless mouse,3,23.08,69.24,44.01,Cancelled,5,6
10201,2025-10-20,C00031,Buenos Aires,SMB,Website,Tech,27in monitor,2,249.03,498.06,281.82,Delivered,5,5
10202,2025-10-20,C00002,Buenos Aires,SMB,Marketplace,Cleaning,Disinfectant 5L,6,14.27,85.62,62.43,Delivered,5,5
10203,2025-10-20,C00114,Patagonia,Enterprise,Website,Cleaning,Paper towels x12,2,20.16,40.32,28.95,Delivered,2,2
10204,2025-10-20,C01824,Cuyo,SMB,Marketplace,Tech,USB-C dock,3,125.03,375.09,199.18,Delivered,5,5
10205,2025-10-20,C00020,Buenos Aires,SMB,Sales rep,Office,Ergonomic chair,3,209.7,629.1,348.72,Delivered,2,1
10206,2025-10-20,C00081,Cuyo,Consumer,Sales rep,Cleaning,Disinfectant 5L,5,14.36,71.8,51.37,Delivered,3,3
10207,2025-10-21,C00002,Buenos Aires,SMB,Website,Cleaning,Disinfectant 5L,4,14.07,56.28,37.05,Cancelled,3,3
10208,2025-10-21,C01514,Córdoba,Enterprise,Marketplace,Office,Paper A4 box,2,17.8,35.6,20.97,Delivered,2,1
10209,2025-10-21,C00151,Cuyo,SMB,Website,Office,Toner cartridge,2,68.27,136.54,78.86,Delivered,3,1
10210,2025-10-21,C00614,Cuyo,SMB,Marketplace,Office,Ergonomic chair,7,225.79,1580.53,928.78,Delivered,2,1
10211,2025-10-21,C00002,Buenos Aires,SMB,Website,Office,Paper A4 box,5,19.32,96.6,59.94,Delivered,5,3
10212,2025-10-21,C00198,Patagonia,SMB,Website,Office,Paper A4 box,4,19.16,76.64,40.46,Delivered,2,1
10213,2025-10-21,C00414,Patagonia,SMB,Website,Tech,27in monitor,6,235.48,1412.88,863.41,Delivered,2,1
10214,2025-10-21,C02154,NOA,SMB,Website,Tech,Wireless mouse,5,22.22,111.1,63.25,Delivered,2,1
10215,2025-10-21,C02992,Cuyo,SMB,Marketplace,Tech,USB-C dock,7,116.85,817.95,493.73,Delivered,2,1
10216,2025-10-21,C00002,Buenos Aires,SMB,Sales rep,Cleaning,Paper towels x12,1,20.3,20.3,12.67,Delivered,3,4
10217,2025-10-21,C00008,Cuyo,SMB,Website,Tech,Wireless mouse,6,21.18,127.08,75.03,Delivered,3,1
10218,2025-10-21,C02361,NOA,Enterprise,Sales rep,Office,Toner cartridge,7,68.93,482.51,256.6,Delivered,5,5
10219,2025-10-21,C00006,NOA,Enterprise,Sales rep,Cleaning,Disinfectant 5L,1,13.93,13.93,10.02,Delivered,2,1
10220,2025-10-21,C00066,Cuyo,Enterprise,Website,Office,Ergonomic chair,6,196.97,1181.82,845.23,Delivered,2,1
10221,2025-10-21,C00001,Cuyo,SMB,Marketplace,Office,Paper A4 box,4,19.39,77.56,45.23,Delivered,5,5
10222,2025-10-21,C00987,Patagonia,Consumer,Website,Tech,USB-C dock,6,126.54,759.24,462.0,Delivered,5,4
10223,2025-10-21,C01837,Córdoba,Consumer,Website,Tech,USB-C dock,3,123.28,369.84,229.69,Delivered,3,3
10224,2025-10-21,C00005,Cuyo,SMB,Website,Office,Toner cartridge,4,59.71,238.84,155.44,Delivered,2,1
10225,2025-10-21,C00287,Buenos Aires,SMB,Marketplace,Tech,USB-C dock,2,115.97,231.94,138.22,Delivered,3,3
10226,2025-10-21,C03367,Córdoba,SMB,Marketplace,Office,Ergonomic chair,2,221.3,442.6,271.07,Delivered,2,1
10227,2025-10-21,C00132,Cuyo,Consumer,Sales rep,Office,Paper A4 box,7,19.13,133.91,83.26,Delivered,3,3
10228,2025-10-22,C00533,Córdoba,SMB,Sales rep,Office,Ergonomic chair,2,220.04,440.08,242.28,Delivered,5,2
10229,2025-10-22,C00024,Buenos Aires,SMB,Website,Cleaning,Paper towels x12,1,20.0,20.0,14.59,Delivered,2,1
10230,2025-10-22,C00006,NOA,Enterprise,Website,Cleaning,Disinfectant 5L,5,15.72,78.6,51.61,Delivered,2,2
10231,2025-10-22,C00001,Cuyo,SMB,Website,Cleaning,Paper towels x12,4,20.94,83.76,53.88,Delivered,3,2
10232,2025-10-22,C00270,Buenos Aires,Consumer,Sales rep,Office,Ergonomic chair,3,213.34,640.02,374.38,Returned,3,1
10233,2025-10-22,C00001,Cuyo,SMB,Website,Cleaning,Disinfectant 5L,5,14.86,74.3,45.62,Delivered,5,5
10234,2025-10-22,C00009,NOA,Consumer,Sales rep,Tech,27in monitor,3,238.44,715.32,514.38,Returned,5,4
10235,2025-10-23,C00056,Buenos Aires,Consumer,Website,Office,Paper A4 box,5,17.73,88.65,50.08,Delivered,2,1
10236,2025-10-23,C00014,Cuyo,SMB,Website,Office,Ergonomic chair,5,214.71,1073.55,657.4,Delivered,3,3
10237,2025-10-23,C01276,Buenos Aires,SMB,Marketplace,Office,Ergonomic chair,7,196.78,1377.46,822.14,Delivered,5,6
10238,2025-10-23,C00160,Córdoba,SMB,Sales rep,Office,Ergonomic chair,7,214.4,1500.8,978.37,Delivered,2,3
10239,2025-10-23,C00045,NOA,SMB,Website,Cleaning,Paper towels x12,2,22.49,44.98,26.77,Delivered,5,4
10240,2025-10-23,C00036,Cuyo,Consumer,Website,Cleaning,Disinfectant 5L,7,14.58,102.06,60.96,Delivered,5,3
10241,2025-10-23,C00008,Cuyo,SMB,Website,Tech,Wireless mouse,2,21.0,42.0,26.68,Delivered,2,1
10242,2025-10-23,C00001,Cuyo,SMB,Sales rep,Office,Toner cartridge,6,67.98,407.88,248.59,Delivered,5,7
10243,2025-10-23,C00214,Patagonia,Consumer,Website,Tech,27in monitor,5,236.06,1180.3,694.84,Delivered,3,4
10244,2025-10-23,C00888,NOA,Consumer,Marketplace,Tech,27in monitor,7,247.96,1735.72,1043.29,Delivered,3,2
10245,2025-10-23,C03880,Córdoba,SMB,Website,Office,Toner cartridge,4,66.23,264.92,164.57,Returned,2,2
10246,2025-10-23,C02741,NOA,SMB,Website,Office,Toner cartridge,3,59.55,178.65,118.82,Delivered,3,3
10247,2025-10-23,C00333,Buenos Aires,Consumer,Marketplace,Cleaning,Disinfectant 5L,7,16.14,112.98,66.12,Delivered,3,2
10248,2025-10-23,C00004,Cuyo,Consumer,Website,Tech,Wireless mouse,2,23.67,47.34,25.8,Delivered,3,4
10249,2025-10-23,C00179,Cuyo,SMB,Website,Tech,USB-C dock,6,116.42,698.52,427.48,Delivered,2,3
10250,2025-10-23,C00004,Cuyo,Consumer,Sales rep,Cleaning,Paper towels x12,3,22.55,67.65,37.38,Delivered,5,3
10251,2025-10-23,C01093,Córdoba,SMB,Website,Tech,USB-C dock,6,123.83,742.98,462.73,Delivered,5,5
10252,2025-10-23,C02117,Cuyo,Consumer,Marketplace,Office,Paper A4 box,6,18.65,111.9,66.04,Delivered,5,4
10253,2025-10-24,C00001,Cuyo,SMB,Website,Tech,USB-C dock,4,110.55,442.2,268.86,Delivered,3,1
10254,2025-10-24,C00002,Buenos Aires,SMB,Website,Office,Paper A4 box,3,17.77,53.31,33.56,Delivered,3,2
10255,2025-10-24,C00623,Buenos Aires,SMB,Sales rep,Tech,Wireless mouse,3,20.76,62.28,37.83,Delivered,5,5
10256,2025-10-24,C00005,Cuyo,SMB,Marketplace,Office,Paper A4 box,1,18.06,18.06,10.2,Delivered,2,4
10257,2025-10-24,C00153,Buenos Aires,Consumer,Website,Tech,27in monitor,6,244.97,1469.82,838.64,Delivered,2,1
10258,2025-10-24,C03830,NOA,SMB,Marketplace,Cleaning,Disinfectant 5L,2,15.68,31.36,16.73,Delivered,3,1
10259,2025-10-24,C00001,Cuyo,SMB,Marketplace,Cleaning,Disinfectant 5L,6,13.81,82.86,49.57,Delivered,3,1
10260,2025-10-24,C00001,Cuyo,SMB,Sales rep,Tech,27in monitor,6,249.53,1497.18,868.6,Delivered,3,2
10261,2025-10-24,C00210,Buenos Aires,Consumer,Marketplace,Tech,USB-C dock,6,116.77,700.62,430.48,Delivered,3,1
10262,2025-10-24,C00368,Cuyo,SMB,Marketplace,Office,Ergonomic chair,4,210.22,840.88,512.21,Delivered,3,2
10263,2025-10-24,C00561,Córdoba,SMB,Marketplace,Tech,Wireless mouse,6,23.47,140.82,76.04,Delivered,3,2
10264,2025-10-24,C00022,Cuyo,SMB,Website,Office,Paper A4 box,4,18.53,74.12,40.81,Delivered,2,1
10265,2025-10-24,C03319,Cuyo,SMB,Website,Cleaning,Disinfectant 5L,7,15.16,106.12,63.86,Delivered,5,1
10266,2025-10-24,C01821,NOA,SMB,Sales rep,Tech,27in monitor,7,244.71,1712.97,1135.77,Delivered,5,3
10267,2025-10-24,C01259,Cuyo,Consumer,Website,Office,Paper A4 box,7,18.36,128.52,82.63,Delivered,3,1
10268,2025-10-24,C00001,Cuyo,SMB,Marketplace,Cleaning,Disinfectant 5L,5,15.1,75.5,42.58,Delivered,3,2
10269,2025-10-24,C00032,Cuyo,SMB,Sales rep,Tech,27in monitor,6,252.3,1513.8,830.6,Delivered,5,5
10270,2025-10-25,C00012,Buenos Aires,Consumer,Sales rep,Office,Ergonomic chair,3,219.25,657.75,357.06,Delivered,5,7
10271,2025-10-25,C00030,Cuyo,Consumer,Marketplace,Office,Paper A4 box,5,19.4,97.0,56.86,Delivered,2,1
10272,2025-10-26,C03254,Cuyo,SMB,Website,Office,Ergonomic chair,5,196.96,984.8,685.16,Delivered,2,2
10273,2025-10-26,C00617,Buenos Aires,SMB,Website,Tech,27in monitor,2,245.41,490.82,332.2,Cancelled,5,2
10274,2025-10-26,C00038,Cuyo,Consumer,Marketplace,Office,Ergonomic chair,7,218.55,1529.85,907.31,Delivered,3,2
10275,2025-10-26,C00002,Buenos Aires,SMB,Website,Cleaning,Paper towels x12,2,19.47,38.94,28.17,Delivered,5,3
10276,2025-10-26,C00512,Buenos Aires,SMB,Website,Tech,Wireless mouse,1,22.69,22.69,12.88,Delivered,3,3
10277,2025-10-26,C00171,Buenos Aires,SMB,Website,Office,Toner cartridge,3,68.82,206.46,109.78,Delivered,2,1
10278,2025-10-26,C00003,Córdoba,Consumer,Sales rep,Cleaning,Disinfectant 5L,1,15.45,15.45,9.35,Delivered,3,2
10279,2025-10-26,C00440,Cuyo,Consumer,Marketplace,Office,Ergonomic chair,5,200.84,1004.2,700.91,Delivered,3,3
10280,2025-10-26,C00889,Patagonia,SMB,Website,Tech,USB-C dock,3,126.99,380.97,208.06,Delivered,2,1
10281,2025-10-27,C00238,Buenos Aires,SMB,Sales rep,Cleaning,Paper towels x12,2,19.49,38.98,25.53,Delivered,5,4
10282,2025-10-27,C00134,Buenos Aires,Consumer,Marketplace,Office,Ergonomic chair,7,213.3,1493.1,993.4,Delivered,2,3
10283,2025-10-27,C00049,Cuyo,SMB,Sales rep,Cleaning,Paper towels x12,6,21.64,129.84,74.85,Delivered,2,1
10284,2025-10-27,C00068,Buenos Aires,Consumer,Sales rep,Office,Ergonomic chair,5,204.69,1023.45,687.57,Delivered,2,4
10285,2025-10-27,C00015,Cuyo,Consumer,Marketplace,Office,Paper A4 box,2,18.29,36.58,21.73,Delivered,2,1
10286,2025-10-27,C01192,Cuyo,Enterprise,Marketplace,Office,Toner cartridge,3,65.99,197.97,121.21,Delivered,5,3
10287,2025-10-27,C00008,Cuyo,SMB,Sales rep,Cleaning,Paper towels x12,4,19.98,79.92,47.96,Delivered,2,1
10288,2025-10-27,C00006,NOA,Enterprise,Website,Office,Ergonomic chair,4,201.21,804.84,537.21,Delivered,5,2
10289,2025-10-27,C00605,Cuyo,Consumer,Website,Cleaning,Disinfectant 5L,5,14.45,72.25,44.93,Delivered,5,5
10290,2025-10-27,C00046,Córdoba,SMB,Sales rep,Cleaning,Paper towels x12,6,21.68,130.08,72.73,Delivered,2,1
10291,2025-10-27,C00128,Cuyo,SMB,Marketplace,Office,Toner cartridge,5,64.53,322.65,201.71,Cancelled,5,3
10292,2025-10-27,C00221,NOA,Consumer,Marketplace,Office,Paper A4 box,6,18.34,110.04,68.95,Delivered,3,1
10293,2025-10-28,C00003,Córdoba,Consumer,Marketplace,Office,Paper A4 box,3,17.58,52.74,29.98,Delivered,3,2
10294,2025-10-28,C00213,Buenos Aires,SMB,Website,Cleaning,Paper towels x12,6,22.19,133.14,76.15,Delivered,2,1
10295,2025-10-28,C00624,Buenos Aires,SMB,Website,Tech,Wireless mouse,2,20.64,41.28,25.07,Delivered,3,3
10296,2025-10-28,C00451,Córdoba,Enterprise,Marketplace,Tech,USB-C dock,4,125.2,500.8,320.89,Cancelled,3,1
10297,2025-10-28,C00002,Buenos Aires,SMB,Marketplace,Office,Paper A4 box,7,18.51,129.57,74.79,Delivered,5,3
10298,2025-10-28,C00960,Córdoba,Enterprise,Website,Tech,27in monitor,3,228.56,685.68,447.4,Delivered,5,4
10299,2025-10-28,C03572,Córdoba,Enterprise,Website,Cleaning,Disinfectant 5L,2,15.56,31.12,18.25,Delivered,5,3
10300,2025-10-28,C00004,Cuyo,Consumer,Website,Cleaning,Disinfectant 5L,5,15.9,79.5,43.21,Delivered,3,3
10301,2025-10-28,C00026,Buenos Aires,SMB,Website,Tech,USB-C dock,7,122.54,857.78,472.78,Delivered,5,3
10302,2025-10-28,C00160,Córdoba,SMB,Marketplace,Cleaning,Paper towels x12,3,19.46,58.38,37.22,Delivered,3,3
10303,2025-10-28,C00060,Cuyo,Consumer,Website,Office,Paper A4 box,4,17.1,68.4,43.38,Delivered,5,5
10304,2025-10-29,C01434,Cuyo,SMB,Marketplace,Cleaning,Paper towels x12,3,20.46,61.38,36.59,Delivered,3,2
10305,2025-10-29,C00002,Buenos Aires,SMB,Website,Tech,Wireless mouse,1,20.78,20.78,15.2,Delivered,3,2
10306,2025-10-29,C00024,Buenos Aires,SMB,Marketplace,Tech,27in monitor,4,243.87,975.48,665.78,Delivered,2,1
10307,2025-10-29,C00003,Córdoba,Consumer,Sales rep,Office,Paper A4 box,1,17.76,17.76,12.42,Delivered,2,1
10308,2025-10-29,C00187,Córdoba,Consumer,Marketplace,Tech,USB-C dock,4,126.74,506.96,318.44,Delivered,2,1
10309,2025-10-29,C00971,Córdoba,Consumer,Marketplace,Tech,27in monitor,4,234.49,937.96,679.23,Delivered,3,1
10310,2025-10-29,C01343,Buenos Aires,SMB,Sales rep,Cleaning,Paper towels x12,6,20.03,120.18,85.88,Delivered,3,2
10311,2025-10-29,C00025,Buenos Aires,SMB,Website,Office,Toner cartridge,7,68.76,481.32,252.98,Delivered,2,1
10312,2025-10-30,C00004,Cuyo,Consumer,Website,Tech,Wireless mouse,4,22.74,90.96,53.4,Delivered,5,4
10313,2025-10-30,C00005,Cuyo,SMB,Website,Office,Toner cartridge,7,60.05,420.35,270.75,Delivered,3,2
10314,2025-10-30,C02172,Patagonia,Consumer,Sales rep,Office,Ergonomic chair,2,201.73,403.46,269.82,Delivered,2,1
10315,2025-10-30,C01023,Córdoba,SMB,Marketplace,Cleaning,Paper towels x12,6,19.97,119.82,79.07,Delivered,2,1
10316,2025-10-30,C02919,Córdoba,SMB,Website,Tech,Wireless mouse,7,23.05,161.35,106.25,Delivered,3,2
10317,2025-10-30,C03690,Cuyo,SMB,Website,Office,Paper A4 box,5,17.75,88.75,54.11,Delivered,2,1
10318,2025-10-30,C00103,Córdoba,SMB,Marketplace,Office,Toner cartridge,2,61.42,122.84,79.61,Delivered,2,1
10319,2025-10-30,C00008,Cuyo,SMB,Marketplace,Tech,27in monitor,1,246.5,246.5,160.83,Delivered,5,6
10320,2025-10-30,C00675,Patagonia,SMB,Website,Tech,Wireless mouse,4,22.34,89.36,59.22,Delivered,2,1
10321,2025-10-31,C00036,Cuyo,Consumer,Marketplace,Cleaning,Paper towels x12,6,20.31,121.86,82.69,Delivered,3,1
10322,2025-10-31,C00062,Patagonia,Consumer,Website,Office,Ergonomic chair,1,204.96,204.96,120.09,Delivered,5,5
10323,2025-10-31,C00222,Buenos Aires,SMB,Website,Office,Toner cartridge,6,60.27,361.62,254.69,Delivered,2,1
10324,2025-10-31,C02192,Buenos Aires,Consumer,Website,Cleaning,Disinfectant 5L,5,16.15,80.75,52.11,Delivered,2,3
10325,2025-10-31,C00108,Cuyo,SMB,Sales rep,Office,Paper A4 box,6,17.38,104.28,62.35,Delivered,3,2
10326,2025-10-31,C00495,Cuyo,Consumer,Sales rep,Tech,Wireless mouse,3,23.38,70.14,41.34,Delivered,3,1
10327,2025-10-31,C00009,NOA,Consumer,Marketplace,Tech,Wireless mouse,6,22.91,137.46,79.98,Delivered,3,1
10328,2025-10-31,C00067,Cuyo,Consumer,Website,Tech,Wireless mouse,5,22.55,112.75,68.58,Delivered,5,1
10329,2025-10-31,C00077,Buenos Aires,Enterprise,Marketplace,Cleaning,Disinfectant 5L,6,16.11,96.66,54.13,Delivered,2,1
10330,2025-10-31,C00172,Cuyo,SMB,Marketplace,Office,Toner cartridge,5,67.0,335.0,183.46,Delivered,3,2
10331,2025-10-31,C00448,Córdoba,SMB,Marketplace,Office,Toner cartridge,2,64.32,128.64,79.92,Delivered,2,2
10332,2025-10-31,C00045,NOA,SMB,Sales rep,Office,Paper A4 box,7,17.26,120.82,76.5,Delivered,2,2
10333,2025-11-01,C00361,Córdoba,Consumer,Marketplace,Cleaning,Disinfectant 5L,5,15.41,77.05,42.03,Delivered,5,5
10334,2025-11-01,C01979,Buenos Aires,SMB,Marketplace,Tech,27in monitor,4,238.46,953.84,576.37,Delivered,3,1
10335,2025-11-01,C00003,Córdoba,Consumer,Website,Tech,USB-C dock,5,129.09,645.45,419.7,Delivered,5,4
10336,2025-11-01,C01332,Cuyo,SMB,Marketplace,Cleaning,Disinfectant 5L,5,15.89,79.45,51.06,Delivered,2,2
10337,2025-11-01,C00053,Cuyo,Consumer,Website,Tech,USB-C dock,7,115.95,811.65,479.92,Returned,3,3
10338,2025-11-01,C00829,Cuyo,Consumer,Marketplace,Cleaning,Disinfectant 5L,5,15.01,75.05,43.86,Delivered,2,1
10339,2025-11-02,C00114,Patagonia,Enterprise,Marketplace,Cleaning,Paper towels x12,4,21.85,87.4,49.37,Delivered,5,5
10340,2025-11-02,C03121,Cuyo,Consumer,Website,Office,Toner cartridge,6,64.96,389.76,265.67,Returned,5,5
10341,2025-11-02,C00017,Córdoba,Enterprise,Sales rep,Tech,USB-C dock,1,116.54,116.54,68.98,Delivered,5,6
10342,2025-11-02,C00005,Cuyo,SMB,Marketplace,Tech,USB-C dock,1,123.76,123.76,78.89,Delivered,5,3
10343,2025-11-02,C00068,Buenos Aires,Consumer,Marketplace,Office,Toner cartridge,7,69.03,483.21,276.78,Delivered,2,1
10344,2025-11-02,C00061,Cuyo,Consumer,Website,Cleaning,Paper towels x12,5,19.44,97.2,72.02,Delivered,3,1
10345,2025-11-03,C00002,Buenos Aires,SMB,Website,Tech,USB-C dock,7,128.35,898.45,580.83,Delivered,3,3
10346,2025-11-03,C00525,Cuyo,Consumer,Website,Cleaning,Disinfectant 5L,4,15.02,60.08,37.89,Delivered,2,3
10347,2025-11-03,C00001,Cuyo,SMB,Website,Office,Toner cartridge,3,62.35,187.05,122.8,Delivered,3,1
10348,2025-11-03,C00001,Cuyo,SMB,Sales rep,Tech,USB-C dock,2,121.21,242.42,166.66,Delivered,5,4
10349,2025-11-03,C03313,Cuyo,Consumer,Website,Office,Ergonomic chair,5,203.37,1016.85,686.29,Delivered,5,5
10350,2025-11-03,C00828,NOA,SMB,Website,Cleaning,Paper towels x12,7,21.48,150.36,86.74,Cancelled,2,2
10351,2025-11-03,C00507,Buenos Aires,SMB,Sales rep,Cleaning,Disinfectant 5L,7,15.66,109.62,69.98,Delivered,3,2
10352,2025-11-03,C00001,Cuyo,SMB,Marketplace,Cleaning,Paper towels x12,1,21.09,21.09,14.57,Delivered,3,5
10353,2025-11-03,C00003,Córdoba,Consumer,Website,Cleaning,Paper towels x12,1,21.67,21.67,13.16,Delivered,3,2
10354,2025-11-03,C00022,Cuyo,SMB,Website,Cleaning,Paper towels x12,4,22.03,88.12,46.63,Delivered,3,1
10355,2025-11-03,C00001,Cuyo,SMB,Marketplace,Office,Toner cartridge,4,61.78,247.12,141.83,Delivered,3,1
10356,2025-11-03,C01594,Buenos Aires,SMB,Website,Cleaning,Disinfectant 5L,1,15.33,15.33,8.88,Delivered,2,2
10357,2025-11-04,C03845,Cuyo,Consumer,Marketplace,Office,Paper A4 box,7,16.99,118.93,73.35,Delivered,2,1
10358,2025-11-04,C00671,Patagonia,SMB,Website,Tech,27in monitor,2,228.84,457.68,286.05,Delivered,3,3
10359,2025-11-04,C00009,NOA,Consumer,Marketplace,Office,Toner cartridge,6,67.26,403.56,249.16,Delivered,2,3
10360,2025-11-04,C00075,Cuyo,SMB,Sales rep,Tech,27in monitor,4,258.83,1035.32,621.9,Delivered,5,5
10361,2025-11-04,C00009,NOA,Consumer,Website,Cleaning,Disinfectant 5L,1,14.58,14.58,9.18,Delivered,2,2
10362,2025-11-04,C00280,Buenos Aires,SMB,Website,Tech,27in monitor,1,246.19,246.19,160.45,Delivered,2,2
10363,2025-11-04,C00021,NOA,SMB,Sales rep,Office,Paper A4 box,2,17.46,34.92,22.98,Delivered,2,1
10364,2025-11-04,C00077,Buenos Aires,Enterprise,Website,Cleaning,Disinfectant 5L,2,15.34,30.68,16.93,Delivered,3,2
10365,2025-11-04,C01874,Buenos Aires,Consumer,Website,Office,Ergonomic chair,1,226.44,226.44,135.17,Returned,3,3
10366,2025-11-04,C00114,Patagonia,Enterprise,Website,Cleaning,Paper towels x12,6,20.66,123.96,75.48,Delivered,5,3
10367,2025-11-04,C00009,NOA,Consumer,Marketplace,Tech,USB-C dock,7,120.88,846.16,503.57,Delivered,2,1
10368,2025-11-04,C00003,Córdoba,Consumer,Website,Tech,Wireless mouse,4,20.72,82.88,58.95,Delivered,2,1
10369,2025-11-04,C00221,NOA,Consumer,Website,Cleaning,Disinfectant 5L,3,13.89,41.67,29.07,Delivered,5,3
10370,2025-11-04,C00617,Buenos Aires,SMB,Sales rep,Tech,USB-C dock,7,126.28,883.96,520.38,Delivered,2,3
10371,2025-11-04,C00094,Buenos Aires,SMB,Marketplace,Office,Ergonomic chair,2,199.6,399.2,258.85,Delivered,5,3
10372,2025-11-04,C00350,Cuyo,Enterprise,Website,Cleaning,Disinfectant 5L,6,14.98,89.88,50.47,Delivered,3,4
10373,2025-11-04,C00104,Patagonia,Consumer,Website,Tech,Wireless mouse,2,22.22,44.44,30.61,Delivered,2,2
10374,2025-11-04,C00009,NOA,Consumer,Marketplace,Office,Paper A4 box,6,18.22,109.32,70.94,Delivered,3,2
10375,2025-11-04,C00022,Cuyo,SMB,Sales rep,Cleaning,Disinfectant 5L,3,13.98,41.94,26.6,Delivered,5,4
10376,2025-11-04,C00060,Cuyo,Consumer,Website,Office,Ergonomic chair,1,210.17,210.17,130.38,Delivered,3,1
10377,2025-11-05,C01083,Cuyo,SMB,Website,Office,Toner cartridge,5,60.7,303.5,217.66,Delivered,3,2
10378,2025-11-05,C03166,NOA,SMB,Website,Tech,Wireless mouse,6,21.14,126.84,89.68,Returned,3,2
10379,2025-11-05,C00035,Buenos Aires,SMB,Sales rep,Tech,27in monitor,1,256.02,256.02,136.12,Cancelled,2,3
10380,2025-11-05,C00343,Patagonia,SMB,Marketplace,Tech,27in monitor,7,249.82,1748.74,1109.02,Delivered,2,3
10381,2025-11-05,C03749,Buenos Aires,SMB,Website,Office,Toner cartridge,5,63.19,315.95,196.21,Delivered,3,3
10382,2025-11-05,C00049,Cuyo,SMB,Marketplace,Cleaning,Paper towels x12,3,21.03,63.09,42.5,Delivered,3,1
10383,2025-11-05,C00005,Cuyo,SMB,Marketplace,Cleaning,Disinfectant 5L,2,15.02,30.04,16.71,Delivered,5,4
10384,2025-11-05,C03241,Cuyo,Consumer,Marketplace,Cleaning,Disinfectant 5L,3,14.58,43.74,30.97,Delivered,5,6
10385,2025-11-05,C00001,Cuyo,SMB,Website,Office,Paper A4 box,5,17.19,85.95,49.87,Delivered,5,3
10386,2025-11-05,C00087,Córdoba,SMB,Website,Tech,USB-C dock,6,111.28,667.68,447.73,Delivered,5,5
10387,2025-11-05,C00002,Buenos Aires,SMB,Marketplace,Tech,27in monitor,7,225.58,1579.06,956.01,Delivered,3,2
10388,2025-11-05,C00820,Cuyo,Enterprise,Website,Cleaning,Paper towels x12,7,20.83,145.81,91.85,Returned,3,3
10389,2025-11-06,C00002,Buenos Aires,SMB,Website,Tech,Wireless mouse,4,20.9,83.6,56.94,Delivered,2,1
10390,2025-11-06,C00127,Buenos Aires,SMB,Website,Tech,27in monitor,7,233.83,1636.81,1010.45,Delivered,2,1
10391,2025-11-06,C00187,Córdoba,Consumer,Website,Office,Toner cartridge,5,63.99,319.95,199.32,Delivered,3,3
10392,2025-11-06,C01216,Cuyo,Consumer,Marketplace,Office,Paper A4 box,4,17.82,71.28,44.18,Delivered,5,4
10393,2025-11-06,C00001,Cuyo,SMB,Marketplace,Cleaning,Disinfectant 5L,1,15.69,15.69,10.03,Delivered,5,5
10394,2025-11-06,C00463,NOA,Enterprise,Sales rep,Cleaning,Disinfectant 5L,1,16.07,16.07,10.02,Delivered,3,2
10395,2025-11-06,C00011,Buenos Aires,Enterprise,Sales rep,Tech,27in monitor,5,230.54,1152.7,703.33,Cancelled,2,1
10396,2025-11-06,C00004,Cuyo,Consumer,Marketplace,Tech,Wireless mouse,2,23.17,46.34,27.62,Delivered,2,1
10397,2025-11-06,C00002,Buenos Aires,SMB,Website,Tech,Wireless mouse,7,21.96,153.72,104.64,Returned,5,4
10398,2025-11-06,C02510,Cuyo,SMB,Website,Office,Ergonomic chair,3,217.2,651.6,406.05,Delivered,2,1
10399,2025-11-06,C00031,Buenos Aires,SMB,Marketplace,Office,Toner cartridge,4,68.49,273.96,145.98,Delivered,3,3
10400,2025-11-06,C00050,NOA,Consumer,Marketplace,Tech,Wireless mouse,4,22.94,91.76,60.49,Delivered,2,1
10401,2025-11-07,C01021,Buenos Aires,Consumer,Sales rep,Cleaning,Disinfectant 5L,6,15.1,90.6,54.68,Delivered,2,2
10402,2025-11-07,C00001,Cuyo,SMB,Marketplace,Tech,USB-C dock,5,114.76,573.8,412.06,Delivered,2,2
10403,2025-11-07,C01054,Patagonia,Consumer,Website,Office,Paper A4 box,7,17.04,119.28,81.38,Delivered,5,2
10404,2025-11-07,C01183,Cuyo,SMB,Marketplace,Office,Toner cartridge,1,60.4,60.4,37.23,Delivered,5,5
10405,2025-11-07,C00128,Cuyo,SMB,Sales rep,Office,Ergonomic chair,1,226.65,226.65,124.1,Delivered,2,1
10406,2025-11-07,C00064,Cuyo,SMB,Website,Cleaning,Paper towels x12,7,19.39,135.73,84.51,Delivered,5,3
10407,2025-11-07,C00006,NOA,Enterprise,Website,Office,Ergonomic chair,5,196.37,981.85,615.37,Delivered,3,2
10408,2025-11-07,C00001,Cuyo,SMB,Marketplace,Tech,Wireless mouse,1,22.52,22.52,14.01,Delivered,3,3
10409,2025-11-07,C03532,Cuyo,Enterprise,Website,Tech,USB-C dock,6,127.58,765.48,426.42,Delivered,3,3
10410,2025-11-07,C02746,Buenos Aires,SMB,Marketplace,Office,Toner cartridge,2,61.79,123.58,85.64,Delivered,5,5
10411,2025-11-07,C00015,Cuyo,Consumer,Website,Office,Toner cartridge,6,67.37,404.22,251.86,Delivered,2,1
10412,2025-11-08,C00742,Cuyo,SMB,Website,Cleaning,Paper towels x12,4,19.83,79.32,48.06,Delivered,2,1
10413,2025-11-08,C00019,Patagonia,Consumer,Website,Office,Toner cartridge,7,60.38,422.66,249.95,Delivered,3,2
10414,2025-11-08,C00001,Cuyo,SMB,Website,Cleaning,Disinfectant 5L,7,15.91,111.37,65.11,Delivered,5,4
10415,2025-11-08,C00009,NOA,Consumer,Marketplace,Tech,27in monitor,6,260.36,1562.16,906.19,Delivered,3,4
10416,2025-11-08,C02056,Cuyo,Consumer,Website,Cleaning,Paper towels x12,7,19.82,138.74,89.28,Delivered,2,1
10417,2025-11-08,C00336,Córdoba,Consumer,Marketplace,Cleaning,Disinfectant 5L,3,14.48,43.44,30.38,Delivered,5,5
10418,2025-11-08,C00034,Patagonia,Consumer,Website,Cleaning,Paper towels x12,4,19.52,78.08,53.28,Delivered,2,1
10419,2025-11-08,C00001,Cuyo,SMB,Website,Cleaning,Disinfectant 5L,7,16.01,112.07,68.53,Delivered,5,3
10420,2025-11-09,C00319,Buenos Aires,SMB,Website,Office,Ergonomic chair,5,195.38,976.9,688.54,Delivered,3,2
10421,2025-11-09,C00007,Cuyo,SMB,Marketplace,Tech,Wireless mouse,5,21.78,108.9,74.33,Delivered,5,2
10422,2025-11-09,C00122,Cuyo,Enterprise,Website,Cleaning,Paper towels x12,6,21.76,130.56,76.64,Cancelled,5,5
10423,2025-11-09,C00003,Córdoba,Consumer,Sales rep,Office,Ergonomic chair,6,200.62,1203.72,798.3,Delivered,2,1
10424,2025-11-09,C00015,Cuyo,Consumer,Sales rep,Office,Paper A4 box,6,16.58,99.48,63.69,Delivered,3,2
10425,2025-11-09,C00001,Cuyo,SMB,Website,Cleaning,Paper towels x12,2,20.16,40.32,23.69,Delivered,2,2
10426,2025-11-09,C01895,Buenos Aires,SMB,Sales rep,Tech,Wireless mouse,4,22.64,90.56,53.96,Delivered,3,2
10427,2025-11-09,C00018,Buenos Aires,SMB,Marketplace,Tech,USB-C dock,1,111.66,111.66,67.74,Delivered,5,4
10428,2025-11-10,C00050,NOA,Consumer,Website,Tech,27in monitor,1,239.45,239.45,148.56,Delivered,2,1
10429,2025-11-10,C00655,Córdoba,SMB,Sales rep,Tech,Wireless mouse,6,21.37,128.22,81.16,Delivered,3,2
10430,2025-11-10,C00549,Cuyo,Consumer,Marketplace,Tech,27in monitor,7,233.78,1636.46,1060.41,Delivered,3,2
10431,2025-11-10,C00117,Buenos Aires,Consumer,Sales rep,Office,Paper A4 box,7,17.31,121.17,71.54,Delivered,5,3
10432,2025-11-10,C00668,Buenos Aires,Enterprise,Marketplace,Tech,USB-C dock,6,121.23,727.38,402.01,Delivered,5,5
10433,2025-11-10,C00027,Cuyo,SMB,Website,Tech,27in monitor,3,230.18,690.54,445.18,Delivered,5,7
10434,2025-11-10,C01175,Córdoba,SMB,Marketplace,Cleaning,Disinfectant 5L,5,15.17,75.85,42.15,Delivered,3,2
10435,2025-11-10,C01746,Cuyo,Consumer,Website,Cleaning,Paper towels x12,7,19.52,136.64,95.05,Delivered,5,5
10436,2025-11-10,C00001,Cuyo,SMB,Website,Tech,27in monitor,4,247.46,989.84,624.41,Delivered,5,3
10437,2025-11-10,C00372,Cuyo,Enterprise,Website,Cleaning,Disinfectant 5L,1,14.95,14.95,9.75,Delivered,3,2
10438,2025-11-10,C01256,Cuyo,Enterprise,Website,Office,Toner cartridge,1,64.41,64.41,41.77,Delivered,2,3
10439,2025-11-10,C02361,NOA,Enterprise,Website,Tech,Wireless mouse,7,20.43,143.01,90.9,Delivered,2,1
10440,2025-11-10,C00160,Córdoba,SMB,Website,Tech,27in monitor,3,247.09,741.27,443.45,Delivered,2,2
10441,2025-11-10,C00095,Córdoba,SMB,Website,Tech,USB-C dock,4,114.97,459.88,291.21,Cancelled,3,5
10442,2025-11-10,C00984,Cuyo,SMB,Website,Cleaning,Disinfectant 5L,5,15.77,78.85,48.13,Delivered,5,4
10443,2025-11-10,C00012,Buenos Aires,Consumer,Marketplace,Cleaning,Paper towels x12,1,21.15,21.15,13.39,Delivered,3,3
10444,2025-11-11,C00355,Córdoba,Enterprise,Marketplace,Office,Toner cartridge,1,60.66,60.66,40.69,Delivered,2,2
10445,2025-11-11,C00004,Cuyo,Consumer,Website,Office,Ergonomic chair,7,212.59,1488.13,908.83,Returned,5,5
10446,2025-11-11,C00092,Patagonia,SMB,Sales rep,Office,Ergonomic chair,4,222.81,891.24,558.0,Delivered,5,5
10447,2025-11-11,C00165,Córdoba,Enterprise,Marketplace,Tech,27in monitor,2,255.83,511.66,321.48,Delivered,5,4
10448,2025-11-11,C00007,Cuyo,SMB,Marketplace,Office,Paper A4 box,1,16.87,16.87,12.07,Delivered,3,2
10449,2025-11-11,C00026,Buenos Aires,SMB,Website,Office,Ergonomic chair,5,195.28,976.4,734.81,Delivered,3,2
10450,2025-11-11,C00001,Cuyo,SMB,Marketplace,Tech,USB-C dock,7,112.9,790.3,534.98,Delivered,2,1
10451,2025-11-12,C00160,Córdoba,SMB,Sales rep,Cleaning,Paper towels x12,2,19.83,39.66,23.75,Delivered,3,4
10452,2025-11-12,C01226,Buenos Aires,SMB,Website,Tech,Wireless mouse,4,22.48,89.92,59.38,Delivered,2,2
10453,2025-11-12,C03057,Córdoba,SMB,Website,Tech,USB-C dock,2,119.52,239.04,152.04,Delivered,5,4
10454,2025-11-12,C00684,Cuyo,Consumer,Website,Office,Toner cartridge,4,66.53,266.12,152.84,Delivered,3,2
10455,2025-11-12,C00030,Cuyo,Consumer,Website,Office,Ergonomic chair,1,217.89,217.89,141.15,Delivered,2,1
10456,2025-11-12,C00102,Buenos Aires,SMB,Website,Cleaning,Disinfectant 5L,5,14.77,73.85,51.94,Delivered,5,4
10457,2025-11-12,C01287,Córdoba,Enterprise,Website,Tech,27in monitor,2,231.77,463.54,333.14,Delivered,2,2
10458,2025-11-12,C00157,Cuyo,SMB,Marketplace,Tech,Wireless mouse,7,23.38,163.66,97.64,Delivered,5,6
10459,2025-11-12,C01052,Cuyo,SMB,Sales rep,Cleaning,Disinfectant 5L,5,15.03,75.15,42.05,Delivered,5,4
10460,2025-11-12,C00042,Cuyo,SMB,Marketplace,Office,Paper A4 box,5,18.68,93.4,62.57,Delivered,3,2
10461,2025-11-13,C00001,Cuyo,SMB,Marketplace,Office,Toner cartridge,3,65.46,196.38,116.04,Delivered,2,2
10462,2025-11-13,C01253,Córdoba,SMB,Marketplace,Tech,USB-C dock,1,111.16,111.16,83.38,Delivered,3,4
10463,2025-11-13,C00003,Córdoba,Consumer,Sales rep,Office,Toner cartridge,6,63.06,378.36,252.51,Delivered,5,4
10464,2025-11-13,C00002,Buenos Aires,SMB,Marketplace,Office,Toner cartridge,2,63.55,127.1,72.29,Delivered,3,2
10465,2025-11-13,C00121,Cuyo,Consumer,Marketplace,Cleaning,Disinfectant 5L,6,14.85,89.1,51.04,Delivered,2,1
10466,2025-11-13,C00054,Cuyo,Consumer,Marketplace,Cleaning,Paper towels x12,3,20.51,61.53,37.38,Delivered,2,1
10467,2025-11-13,C02065,Cuyo,SMB,Sales rep,Cleaning,Disinfectant 5L,3,15.06,45.18,25.82,Delivered,2,1
10468,2025-11-13,C00001,Cuyo,SMB,Marketplace,Cleaning,Paper towels x12,6,21.06,126.36,72.19,Delivered,5,3
10469,2025-11-13,C00578,NOA,SMB,Sales rep,Cleaning,Disinfectant 5L,4,15.96,63.84,36.51,Delivered,3,2
10470,2025-11-13,C00813,Cuyo,Enterprise,Website,Tech,Wireless mouse,1,22.01,22.01,14.57,Delivered,2,2
10471,2025-11-14,C00567,Buenos Aires,Enterprise,Sales rep,Office,Paper A4 box,6,17.04,102.24,60.97,Delivered,3,1
10472,2025-11-14,C03931,Patagonia,SMB,Website,Office,Paper A4 box,7,17.34,121.38,85.84,Delivered,2,1
10473,2025-11-14,C00054,Cuyo,Consumer,Marketplace,Cleaning,Paper towels x12,2,22.17,44.34,28.2,Delivered,3,4
10474,2025-11-14,C00441,NOA,Enterprise,Website,Tech,Wireless mouse,1,21.65,21.65,12.55,Delivered,3,4
10475,2025-11-14,C01151,Cuyo,SMB,Marketplace,Tech,USB-C dock,3,120.9,362.7,240.57,Delivered,5,3
10476,2025-11-14,C00032,Cuyo,SMB,Website,Tech,27in monitor,1,245.12,245.12,148.26,Delivered,2,1
10477,2025-11-14,C00047,Buenos Aires,SMB,Marketplace,Office,Paper A4 box,5,16.98,84.9,61.41,Delivered,5,6
10478,2025-11-14,C00001,Cuyo,SMB,Marketplace,Cleaning,Disinfectant 5L,7,15.01,105.07,61.02,Delivered,5,5
10479,2025-11-14,C00296,Córdoba,SMB,Sales rep,Cleaning,Disinfectant 5L,6,15.56,93.36,57.51,Delivered,2,1
10480,2025-11-14,C03701,Buenos Aires,Enterprise,Website,Tech,27in monitor,6,227.69,1366.14,826.05,Delivered,3,4
10481,2025-11-14,C00610,Buenos Aires,Consumer,Marketplace,Tech,27in monitor,2,261.83,523.66,288.48,Delivered,3,3
10482,2025-11-14,C00002,Buenos Aires,SMB,Marketplace,Tech,USB-C dock,5,118.68,593.4,334.01,Delivered,3,2
10483,2025-11-15,C00025,Buenos Aires,SMB,Marketplace,Tech,USB-C dock,4,121.37,485.48,278.03,Delivered,5,4
10484,2025-11-15,C00012,Buenos Aires,Consumer,Sales rep,Tech,Wireless mouse,3,20.66,61.98,44.44,Delivered,5,3
10485,2025-11-15,C01526,Patagonia,SMB,Marketplace,Office,Toner cartridge,6,61.59,369.54,268.24,Delivered,3,3
10486,2025-11-15,C00106,Cuyo,SMB,Website,Tech,USB-C dock,6,122.78,736.68,466.87,Delivered,5,2
10487,2025-11-16,C00001,Cuyo,SMB,Website,Cleaning,Disinfectant 5L,4,15.33,61.32,36.85,Delivered,2,3
10488,2025-11-16,C00020,Buenos Aires,SMB,Website,Office,Paper A4 box,5,17.45,87.25,50.56,Delivered,3,2
10489,2025-11-16,C00060,Cuyo,Consumer,Sales rep,Tech,Wireless mouse,4,21.83,87.32,49.87,Returned,5,5
10490,2025-11-17,C00032,Cuyo,SMB,Sales rep,Tech,27in monitor,2,229.65,459.3,342.69,Delivered,2,1
10491,2025-11-17,C00861,Buenos Aires,Consumer,Marketplace,Office,Ergonomic chair,5,215.88,1079.4,708.24,Delivered,2,1
10492,2025-11-17,C02315,Buenos Aires,Consumer,Sales rep,Tech,Wireless mouse,7,23.73,166.11,99.58,Delivered,3,1
10493,2025-11-17,C00050,NOA,Consumer,Sales rep,Tech,27in monitor,7,262.06,1834.42,970.95,Delivered,3,2
10494,2025-11-17,C00100,Córdoba,Enterprise,Website,Cleaning,Disinfectant 5L,1,15.21,15.21,9.13,Delivered,2,3
10495,2025-11-17,C03822,Buenos Aires,Consumer,Sales rep,Cleaning,Disinfectant 5L,5,14.48,72.4,50.22,Delivered,2,1
10496,2025-11-17,C00030,Cuyo,Consumer,Marketplace,Office,Paper A4 box,5,18.06,90.3,52.33,Delivered,2,1
10497,2025-11-17,C00495,Cuyo,Consumer,Website,Office,Paper A4 box,3,18.32,54.96,31.48,Delivered,2,1
10498,2025-11-17,C00140,Córdoba,Consumer,Marketplace,Cleaning,Paper towels x12,2,20.02,40.04,24.2,Delivered,5,4
10499,2025-11-17,C00103,Córdoba,SMB,Sales rep,Cleaning,Disinfectant 5L,1,15.18,15.18,10.37,Delivered,5,3
10500,2025-11-17,C00007,Cuyo,SMB,Website,Tech,Wireless mouse,2,21.77,43.54,28.61,Delivered,2,1
10501,2025-11-17,C00041,Cuyo,Consumer,Sales rep,Tech,Wireless mouse,7,23.32,163.24,101.15,Delivered,2,1
10502,2025-11-17,C00002,Buenos Aires,SMB,Website,Cleaning,Disinfectant 5L,4,14.1,56.4,39.7,Delivered,2,2
10503,2025-11-18,C00005,Cuyo,SMB,Website,Tech,27in monitor,6,231.58,1389.48,942.46,Delivered,5,5
10504,2025-11-18,C00046,Córdoba,SMB,Website,Cleaning,Disinfectant 5L,6,15.01,90.06,54.84,Delivered,5,4
10505,2025-11-18,C00002,Buenos Aires,SMB,Website,Office,Ergonomic chair,2,207.69,415.38,239.68,Delivered,3,3
10506,2025-11-18,C00018,Buenos Aires,SMB,Website,Cleaning,Disinfectant 5L,7,14.87,104.09,64.57,Delivered,2,2
10507,2025-11-18,C00033,Cuyo,SMB,Sales rep,Tech,USB-C dock,3,124.73,374.19,224.6,Delivered,5,5
10508,2025-11-18,C01401,Córdoba,SMB,Marketplace,Tech,27in monitor,5,230.42,1152.1,723.38,Delivered,5,6
10509,2025-11-18,C00728,Córdoba,Consumer,Website,Cleaning,Paper towels x12,7,20.63,144.41,96.35,Delivered,3,1
10510,2025-11-18,C00008,Cuyo,SMB,Sales rep,Tech,Wireless mouse,1,22.0,22.0,14.06,Delivered,3,4
10511,2025-11-18,C00003,Córdoba,Consumer,Marketplace,Tech,Wireless mouse,3,21.83,65.49,39.08,Delivered,3,1
10512,2025-11-19,C00005,Cuyo,SMB,Website,Tech,USB-C dock,5,123.75,618.75,375.02,Delivered,3,1
10513,2025-11-19,C00004,Cuyo,Consumer,Marketplace,Office,Ergonomic chair,3,213.08,639.24,417.3,Delivered,2,3
10514,2025-11-19,C00058,Buenos Aires,SMB,Sales rep,Tech,27in monitor,6,260.9,1565.4,970.1,Delivered,5,5
10515,2025-11-19,C00004,Cuyo,Consumer,Sales rep,Office,Ergonomic chair,4,200.74,802.96,494.29,Delivered,2,2
10516,2025-11-19,C00292,Buenos Aires,Consumer,Website,Tech,27in monitor,3,233.08,699.24,503.44,Delivered,2,1
10517,2025-11-19,C00459,Cuyo,SMB,Sales rep,Cleaning,Paper towels x12,3,21.59,64.77,37.74,Delivered,5,2
10518,2025-11-19,C00079,Cuyo,Enterprise,Website,Tech,USB-C dock,1,123.22,123.22,73.4,Delivered,5,4
10519,2025-11-19,C00012,Buenos Aires,Consumer,Marketplace,Cleaning,Disinfectant 5L,3,15.85,47.55,27.39,Returned,2,2
10520,2025-11-19,C00012,Buenos Aires,Consumer,Marketplace,Tech,Wireless mouse,3,21.49,64.47,43.72,Delivered,5,3
10521,2025-11-20,C00097,Córdoba,SMB,Sales rep,Tech,USB-C dock,6,115.25,691.5,434.21,Delivered,5,5
10522,2025-11-20,C00936,Buenos Aires,SMB,Website,Cleaning,Paper towels x12,4,19.89,79.56,48.92,Delivered,5,3
10523,2025-11-20,C00045,NOA,SMB,Website,Tech,27in monitor,1,244.73,244.73,168.3,Delivered,2,1
10524,2025-11-20,C00324,Buenos Aires,SMB,Marketplace,Cleaning,Disinfectant 5L,6,14.71,88.26,52.53,Delivered,3,3
10525,2025-11-20,C01181,Córdoba,Consumer,Website,Tech,USB-C dock,7,124.01,868.07,546.82,Delivered,3,2
10526,2025-11-20,C00858,Cuyo,Consumer,Sales rep,Tech,USB-C dock,7,114.71,802.97,581.0,Delivered,3,1
10527,2025-11-20,C01697,Buenos Aires,SMB,Marketplace,Office,Ergonomic chair,3,197.32,591.96,428.05,Delivered,5,5
10528,2025-11-20,C00001,Cuyo,SMB,Website,Cleaning,Disinfectant 5L,4,14.83,59.32,33.43,Delivered,5,2
10529,2025-11-20,C00001,Cuyo,SMB,Sales rep,Office,Ergonomic chair,3,196.43,589.29,439.78,Delivered,3,2
10530,2025-11-20,C00007,Cuyo,SMB,Website,Office,Toner cartridge,4,59.59,238.36,165.98,Delivered,3,1
10531,2025-11-20,C00188,Buenos Aires,SMB,Website,Cleaning,Paper towels x12,1,21.52,21.52,13.27,Delivered,5,4
10532,2025-11-20,C02315,Buenos Aires,Consumer,Website,Office,Ergonomic chair,2,204.9,409.8,256.85,Delivered,2,1
10533,2025-11-20,C02624,Córdoba,SMB,Marketplace,Tech,27in monitor,5,250.93,1254.65,753.89,Delivered,3,3
10534,2025-11-21,C00011,Buenos Aires,Enterprise,Sales rep,Tech,USB-C dock,2,114.66,229.32,165.04,Delivered,5,6
10535,2025-11-21,C00357,Córdoba,SMB,Marketplace,Office,Toner cartridge,1,65.62,65.62,43.9,Delivered,5,5
10536,2025-11-21,C00711,Cuyo,SMB,Website,Tech,Wireless mouse,6,21.39,128.34,87.69,Delivered,3,1
10537,2025-11-21,C03991,Buenos Aires,SMB,Marketplace,Cleaning,Disinfectant 5L,3,16.13,48.39,27.59,Delivered,2,2
10538,2025-11-21,C00944,Patagonia,SMB,Marketplace,Cleaning,Paper towels x12,4,19.97,79.88,58.52,Delivered,5,4
10539,2025-11-21,C00003,Córdoba,Consumer,Website,Tech,27in monitor,6,253.47,1520.82,916.29,Delivered,5,3
10540,2025-11-21,C00820,Cuyo,Enterprise,Website,Cleaning,Paper towels x12,1,21.27,21.27,12.66,Delivered,3,2
10541,2025-11-21,C00033,Cuyo,SMB,Marketplace,Office,Ergonomic chair,6,220.77,1324.62,765.11,Delivered,3,4
10542,2025-11-21,C00075,Cuyo,SMB,Website,Cleaning,Disinfectant 5L,6,13.92,83.52,60.86,Cancelled,3,5
10543,2025-11-21,C00005,Cuyo,SMB,Website,Tech,Wireless mouse,1,23.09,23.09,12.37,Cancelled,2,1
10544,2025-11-21,C00719,Patagonia,Enterprise,Website,Tech,USB-C dock,1,129.06,129.06,77.38,Delivered,2,3
10545,2025-11-21,C00453,Córdoba,Consumer,Website,Tech,USB-C dock,2,110.96,221.92,132.83,Delivered,3,2
10546,2025-11-22,C00056,Buenos Aires,Consumer,Marketplace,Cleaning,Disinfectant 5L,5,14.54,72.7,42.8,Delivered,2,1
10547,2025-11-22,C00040,Cuyo,Consumer,Sales rep,Tech,27in monitor,2,258.6,517.2,299.89,Delivered,2,4
10548,2025-11-22,C00002,Buenos Aires,SMB,Sales rep,Cleaning,Paper towels x12,4,19.52,78.08,55.51,Delivered,3,2
10549,2025-11-22,C00235,NOA,Consumer,Website,Tech,Wireless mouse,5,20.69,103.45,74.64,Cancelled,5,6
10550,2025-11-22,C00255,Córdoba,Consumer,Marketplace,Cleaning,Disinfectant 5L,3,14.92,44.76,24.91,Delivered,5,4
10551,2025-11-22,C00009,NOA,Consumer,Website,Tech,USB-C dock,4,126.18,504.72,297.09,Delivered,5,3
10552,2025-11-22,C00015,Cuyo,Consumer,Website,Cleaning,Paper towels x12,4,19.73,78.92,47.76,Delivered,3,3
10553,2025-11-22,C00030,Cuyo,Consumer,Marketplace,Cleaning,Disinfectant 5L,7,15.89,111.23,71.3,Delivered,5,4
10554,2025-11-22,C00089,Cuyo,SMB,Website,Tech,27in monitor,4,251.03,1004.12,611.59,Delivered,2,1
10555,2025-11-22,C02618,Cuyo,SMB,Website,Office,Paper A4 box,7,17.62,123.34,77.11,Delivered,3,2
10556,2025-11-23,C00010,Córdoba,SMB,Website,Tech,Wireless mouse,1,20.3,20.3,15.16,Delivered,2,2
10557,2025-11-23,C01756,NOA,Consumer,Website,Tech,27in monitor,5,230.47,1152.35,700.94,Delivered,3,2
10558,2025-11-23,C00143,Cuyo,SMB,Sales rep,Cleaning,Paper towels x12,6,21.63,129.78,73.42,Delivered,2,5
10559,2025-11-23,C00310,Cuyo,SMB,Marketplace,Office,Toner cartridge,5,65.13,325.65,216.56,Delivered,5,5
10560,2025-11-23,C00030,Cuyo,Consumer,Marketplace,Tech,27in monitor,6,231.86,1391.16,943.54,Cancelled,3,1
10561,2025-11-23,C00216,Cuyo,SMB,Website,Office,Ergonomic chair,3,217.25,651.75,350.24,Cancelled,2,2
10562,2025-11-23,C00054,Cuyo,Consumer,Website,Cleaning,Disinfectant 5L,4,15.44,61.76,40.38,Delivered,2,1
10563,2025-11-23,C01299,Patagonia,SMB,Website,Office,Paper A4 box,2,18.68,37.36,23.76,Delivered,3,1
10564,2025-11-23,C00623,Buenos Aires,SMB,Website,Tech,27in monitor,5,231.85,1159.25,838.34,Delivered,3,1
10565,2025-11-23,C00002,Buenos Aires,SMB,Sales rep,Tech,USB-C dock,3,129.26,387.78,219.08,Delivered,2,1
10566,2025-11-24,C00065,Córdoba,SMB,Marketplace,Office,Paper A4 box,7,17.43,122.01,80.64,Delivered,3,1
10567,2025-11-24,C00014,Cuyo,SMB,Website,Tech,USB-C dock,6,127.3,763.8,424.01,Delivered,3,2
10568,2025-11-24,C00004,Cuyo,Consumer,Marketplace,Tech,27in monitor,1,229.6,229.6,141.75,Cancelled,2,3
10569,2025-11-24,C01531,Patagonia,Consumer,Website,Cleaning,Paper towels x12,3,20.19,60.57,43.32,Delivered,3,4
10570,2025-11-24,C01397,Córdoba,Consumer,Marketplace,Office,Paper A4 box,2,16.57,33.14,22.29,Delivered,3,3
10571,2025-11-24,C02859,Cuyo,Consumer,Sales rep,Office,Paper A4 box,2,19.36,38.72,23.18,Delivered,3,2
10572,2025-11-24,C00020,Buenos Aires,SMB,Sales rep,Cleaning,Paper towels x12,4,22.42,89.68,50.56,Delivered,2,3
10573,2025-11-24,C00758,Cuyo,SMB,Website,Tech,27in monitor,6,227.82,1366.92,920.08,Cancelled,5,4
10574,2025-11-25,C00001,Cuyo,SMB,Website,Tech,27in monitor,2,260.65,521.3,284.13,Delivered,2,2
10575,2025-11-25,C00179,Cuyo,SMB,Sales rep,Office,Ergonomic chair,4,226.78,907.12,552.63,Delivered,5,5
10576,2025-11-25,C00107,Buenos Aires,Consumer,Marketplace,Office,Ergonomic chair,4,214.97,859.88,506.51,Delivered,2,1
10577,2025-11-25,C00421,Córdoba,Consumer,Marketplace,Office,Paper A4 box,3,18.47,55.41,34.78,Delivered,2,2
10578,2025-11-25,C00066,Cuyo,Enterprise,Marketplace,Cleaning,Paper towels x12,7,19.62,137.34,99.93,Delivered,5,2
10579,2025-11-25,C00015,Cuyo,Consumer,Website,Cleaning,Paper towels x12,3,21.21,63.63,42.36,Delivered,3,2
10580,2025-11-25,C00006,NOA,Enterprise,Website,Cleaning,Paper towels x12,1,21.47,21.47,12.48,Delivered,3,1
10581,2025-11-25,C03449,NOA,SMB,Website,Office,Paper A4 box,2,18.32,36.64,19.86,Delivered,5,5
10582,2025-11-25,C00347,NOA,SMB,Website,Office,Toner cartridge,4,63.5,254.0,172.33,Delivered,5,3
10583,2025-11-25,C00690,Córdoba,Consumer,Sales rep,Tech,USB-C dock,3,111.76,335.28,219.76,Delivered,5,3
10584,2025-11-25,C00154,Cuyo,SMB,Marketplace,Office,Ergonomic chair,4,209.67,838.68,491.38,Cancelled,5,4
10585,2025-11-25,C00084,Buenos Aires,Consumer,Marketplace,Office,Paper A4 box,1,16.96,16.96,10.04,Delivered,5,4
10586,2025-11-26,C00032,Cuyo,SMB,Marketplace,Tech,USB-C dock,4,119.64,478.56,312.68,Delivered,2,2
10587,2025-11-26,C01121,NOA,Consumer,Marketplace,Tech,27in monitor,6,256.21,1537.26,890.98,Delivered,3,1
10588,2025-11-26,C01710,Buenos Aires,SMB,Sales rep,Office,Paper A4 box,3,16.93,50.79,33.14,Delivered,5,4
10589,2025-11-26,C00003,Córdoba,Consumer,Sales rep,Tech,Wireless mouse,7,23.23,162.61,102.67,Delivered,3,2
10590,2025-11-26,C00777,Córdoba,SMB,Website,Office,Ergonomic chair,7,223.61,1565.27,892.1,Delivered,3,1
10591,2025-11-26,C00005,Cuyo,SMB,Sales rep,Cleaning,Disinfectant 5L,3,15.12,45.36,27.19,Delivered,5,4
10592,2025-11-27,C02808,Patagonia,SMB,Website,Tech,USB-C dock,2,116.51,233.02,145.59,Delivered,2,1
10593,2025-11-27,C00005,Cuyo,SMB,Website,Tech,Wireless mouse,6,20.81,124.86,82.1,Delivered,2,1
10594,2025-11-27,C00341,Buenos Aires,SMB,Sales rep,Tech,27in monitor,6,229.38,1376.28,895.4,Delivered,2,2
10595,2025-11-27,C00118,Cuyo,Consumer,Marketplace,Cleaning,Paper towels x12,7,21.64,151.48,92.97,Delivered,3,4
10596,2025-11-27,C00001,Cuyo,SMB,Marketplace,Tech,27in monitor,7,225.94,1581.58,1110.63,Delivered,2,1
10597,2025-11-27,C01536,Buenos Aires,Enterprise,Marketplace,Office,Paper A4 box,6,17.89,107.34,69.57,Delivered,5,4
10598,2025-11-27,C00059,Cuyo,Consumer,Marketplace,Tech,USB-C dock,3,125.8,377.4,208.57,Delivered,2,1
10599,2025-11-27,C00006,NOA,Enterprise,Website,Tech,27in monitor,7,226.01,1582.07,979.06,Delivered,2,2
10600,2025-11-28,C00033,Cuyo,SMB,Marketplace,Tech,USB-C dock,6,125.04,750.24,446.45,Delivered,2,1
10601,2025-11-28,C03016,Cuyo,Consumer,Website,Tech,USB-C dock,2,125.31,250.62,164.23,Delivered,3,3
10602,2025-11-28,C02316,Cuyo,SMB,Sales rep,Tech,Wireless mouse,5,21.05,105.25,69.7,Delivered,3,2
10603,2025-11-28,C00228,Cuyo,SMB,Sales rep,Tech,27in monitor,3,248.39,745.17,503.65,Delivered,5,3
10604,2025-11-28,C00017,Córdoba,Enterprise,Sales rep,Cleaning,Paper towels x12,5,21.82,109.1,66.22,Delivered,3,2
10605,2025-11-28,C00034,Patagonia,Consumer,Marketplace,Office,Paper A4 box,6,18.94,113.64,67.04,Delivered,3,2
10606,2025-11-28,C00966,Córdoba,SMB,Website,Office,Ergonomic chair,5,213.27,1066.35,591.91,Delivered,3,2
10607,2025-11-29,C00923,Buenos Aires,SMB,Website,Office,Paper A4 box,4,17.44,69.76,47.24,Delivered,2,1
10608,2025-11-29,C00018,Buenos Aires,SMB,Website,Tech,27in monitor,7,254.86,1784.02,1069.51,Delivered,3,3
10609,2025-11-29,C00039,NOA,SMB,Sales rep,Cleaning,Disinfectant 5L,7,14.88,104.16,70.87,Delivered,3,3
10610,2025-11-29,C00003,Córdoba,Consumer,Marketplace,Cleaning,Disinfectant 5L,1,15.96,15.96,9.38,Delivered,3,1
10611,2025-11-29,C03951,Cuyo,SMB,Website,Office,Ergonomic chair,1,207.68,207.68,116.38,Delivered,3,3
10612,2025-11-29,C01132,Córdoba,Consumer,Website,Office,Toner cartridge,3,64.07,192.21,111.69,Delivered,5,3
10613,2025-11-29,C02184,Buenos Aires,Consumer,Website,Tech,USB-C dock,3,113.74,341.22,250.17,Returned,2,1
10614,2025-11-29,C01718,Cuyo,Enterprise,Website,Tech,USB-C dock,6,115.35,692.1,414.5,Delivered,5,5
10615,2025-11-30,C00011,Buenos Aires,Enterprise,Website,Office,Paper A4 box,4,18.94,75.76,41.73,Delivered,5,5
10616,2025-11-30,C00038,Cuyo,Consumer,Website,Tech,Wireless mouse,4,22.14,88.56,52.77,Delivered,2,1
10617,2025-11-30,C00027,Cuyo,SMB,Website,Office,Paper A4 box,1,18.15,18.15,10.97,Delivered,5,4
10618,2025-11-30,C00022,Cuyo,SMB,Marketplace,Tech,27in monitor,6,257.72,1546.32,966.57,Delivered,2,1
10619,2025-11-30,C01896,Córdoba,SMB,Sales rep,Office,Ergonomic chair,3,194.11,582.33,367.25,Delivered,2,3
10620,2025-11-30,C00086,Buenos Aires,Enterprise,Sales rep,Office,Paper A4 box,5,18.45,92.25,56.02,Delivered,3,1
10621,2025-11-30,C01299,Patagonia,SMB,Marketplace,Office,Paper A4 box,3,17.42,52.26,36.22,Delivered,3,2
10622,2025-11-30,C03445,NOA,SMB,Website,Office,Paper A4 box,5,17.59,87.95,53.03,Delivered,5,4
10623,2025-12-01,C03828,Buenos Aires,Consumer,Website,Office,Ergonomic chair,3,199.02,597.06,429.79,Delivered,2,2
10624,2025-12-01,C00532,Córdoba,Enterprise,Website,Tech,27in monitor,4,250.69,1002.76,606.39,Delivered,2,2
10625,2025-12-01,C03155,Buenos Aires,Enterprise,Sales rep,Cleaning,Disinfectant 5L,2,14.84,29.68,17.08,Delivered,5,6
10626,2025-12-01,C00019,Patagonia,Consumer,Website,Office,Paper A4 box,1,16.81,16.81,10.51,Delivered,3,4
10627,2025-12-01,C00054,Cuyo,Consumer,Sales rep,Cleaning,Disinfectant 5L,4,15.77,63.08,40.68,Delivered,3,2
10628,2025-12-01,C01722,NOA,Consumer,Marketplace,Cleaning,Disinfectant 5L,3,15.92,47.76,25.84,Delivered,3,1
10629,2025-12-01,C00002,Buenos Aires,SMB,Marketplace,Office,Paper A4 box,5,16.81,84.05,57.84,Delivered,5,5
10630,2025-12-01,C00006,NOA,Enterprise,Marketplace,Cleaning,Paper towels x12,2,21.53,43.06,26.07,Delivered,5,4
10631,2025-12-01,C00022,Cuyo,SMB,Website,Tech,27in monitor,7,253.94,1777.58,1110.14,Delivered,5,4
10632,2025-12-01,C01983,Buenos Aires,Consumer,Website,Office,Ergonomic chair,4,226.5,906.0,472.87,Delivered,3,1
10633,2025-12-01,C00001,Cuyo,SMB,Website,Tech,Wireless mouse,6,23.3,139.8,75.3,Delivered,5,4
10634,2025-12-01,C00006,NOA,Enterprise,Website,Cleaning,Paper towels x12,2,19.49,38.98,28.58,Delivered,5,4
10635,2025-12-01,C00055,Patagonia,SMB,Website,Tech,USB-C dock,4,115.76,463.04,318.32,Delivered,2,3
10636,2025-12-02,C00447,NOA,Consumer,Sales rep,Office,Ergonomic chair,1,199.76,199.76,132.14,Delivered,3,2
10637,2025-12-02,C00003,Córdoba,Consumer,Sales rep,Cleaning,Paper towels x12,3,20.63,61.89,36.03,Delivered,5,5
10638,2025-12-03,C00016,Córdoba,Consumer,Sales rep,Tech,Wireless mouse,5,23.42,117.1,67.28,Delivered,2,2
10639,2025-12-03,C00004,Cuyo,Consumer,Website,Office,Paper A4 box,6,19.02,114.12,73.25,Delivered,3,2
10640,2025-12-03,C00395,Patagonia,Consumer,Sales rep,Tech,USB-C dock,3,114.25,342.75,208.12,Delivered,2,1
10641,2025-12-03,C00061,Cuyo,Consumer,Website,Tech,Wireless mouse,3,21.47,64.41,37.18,Returned,5,3
10642,2025-12-03,C00414,Patagonia,SMB,Marketplace,Tech,Wireless mouse,7,20.68,144.76,91.26,Delivered,3,1
10643,2025-12-03,C00358,Cuyo,Consumer,Website,Office,Paper A4 box,7,17.34,121.38,71.44,Delivered,2,2
10644,2025-12-03,C00361,Córdoba,Consumer,Website,Tech,27in monitor,2,251.45,502.9,323.8,Delivered,3,1
10645,2025-12-04,C00001,Cuyo,SMB,Website,Cleaning,Disinfectant 5L,7,14.27,99.89,67.36,Delivered,3,1
10646,2025-12-04,C00037,Córdoba,Enterprise,Website,Cleaning,Disinfectant 5L,4,15.34,61.36,37.32,Returned,3,1
10647,2025-12-04,C00009,NOA,Consumer,Website,Tech,USB-C dock,5,126.94,634.7,362.5,Delivered,2,1
10648,2025-12-04,C00019,Patagonia,Consumer,Website,Office,Ergonomic chair,7,204.69,1432.83,852.07,Delivered,3,4
10649,2025-12-04,C00010,Córdoba,SMB,Website,Office,Toner cartridge,7,60.11,420.77,272.23,Delivered,3,3
10650,2025-12-04,C00105,Córdoba,Consumer,Website,Office,Paper A4 box,5,16.87,84.35,54.36,Delivered,3,2
10651,2025-12-04,C00001,Cuyo,SMB,Marketplace,Office,Paper A4 box,4,17.5,70.0,47.73,Delivered,5,5
10652,2025-12-04,C00823,Buenos Aires,Consumer,Website,Office,Ergonomic chair,5,226.09,1130.45,669.22,Delivered,2,1
10653,2025-12-04,C00001,Cuyo,SMB,Website,Tech,27in monitor,4,254.79,1019.16,549.03,Delivered,2,1
10654,2025-12-04,C00232,Buenos Aires,Enterprise,Marketplace,Tech,USB-C dock,1,120.37,120.37,70.06,Returned,2,1
10655,2025-12-04,C00172,Cuyo,SMB,Website,Office,Ergonomic chair,6,219.88,1319.28,752.09,Delivered,3,2
10656,2025-12-04,C00009,NOA,Consumer,Marketplace,Office,Paper A4 box,6,19.22,115.32,62.07,Delivered,3,4
10657,2025-12-04,C01687,Cuyo,Enterprise,Website,Office,Ergonomic chair,1,208.58,208.58,128.27,Delivered,2,2
10658,2025-12-05,C00030,Cuyo,Consumer,Website,Tech,Wireless mouse,2,23.5,47.0,28.52,Delivered,3,2
10659,2025-12-05,C03926,Buenos Aires,Enterprise,Website,Office,Paper A4 box,6,16.69,100.14,73.9,Delivered,5,5
10660,2025-12-05,C00539,Córdoba,Consumer,Marketplace,Office,Toner cartridge,4,66.89,267.56,168.28,Delivered,5,3
10661,2025-12-05,C00085,Buenos Aires,Enterprise,Website,Cleaning,Paper towels x12,7,20.22,141.54,87.78,Delivered,2,2
10662,2025-12-05,C00010,Córdoba,SMB,Sales rep,Office,Paper A4 box,5,19.11,95.55,61.26,Delivered,3,1
10663,2025-12-05,C00325,Buenos Aires,SMB,Sales rep,Tech,27in monitor,2,254.19,508.38,324.5,Delivered,3,3
10664,2025-12-05,C00015,Cuyo,Consumer,Website,Cleaning,Disinfectant 5L,2,14.33,28.66,18.36,Delivered,2,1
10665,2025-12-05,C00120,Cuyo,SMB,Marketplace,Tech,27in monitor,5,228.05,1140.25,749.34,Delivered,5,4
10666,2025-12-05,C00038,Cuyo,Consumer,Website,Cleaning,Paper towels x12,5,22.0,110.0,62.27,Returned,2,1
10667,2025-12-05,C02347,Cuyo,SMB,Marketplace,Cleaning,Paper towels x12,2,21.36,42.72,24.13,Delivered,2,2
10668,2025-12-05,C00004,Cuyo,Consumer,Website,Office,Toner cartridge,2,64.93,129.86,75.68,Delivered,3,3
10669,2025-12-05,C00004,Cuyo,Consumer,Website,Cleaning,Paper towels x12,5,21.15,105.75,58.29,Delivered,2,2
10670,2025-12-05,C00021,NOA,SMB,Website,Office,Ergonomic chair,7,216.19,1513.33,900.88,Delivered,3,1
10671,2025-12-05,C00004,Cuyo,Consumer,Marketplace,Office,Toner cartridge,1,64.98,64.98,38.63,Delivered,3,3
10672,2025-12-06,C00029,Patagonia,Consumer,Website,Office,Toner cartridge,3,62.99,188.97,132.31,Delivered,5,3
10673,2025-12-06,C00887,Cuyo,Consumer,Website,Cleaning,Disinfectant 5L,1,15.94,15.94,8.74,Delivered,2,1
10674,2025-12-06,C00290,Buenos Aires,Enterprise,Marketplace,Cleaning,Disinfectant 5L,4,15.47,61.88,36.26,Delivered,5,3
10675,2025-12-06,C00015,Cuyo,Consumer,Marketplace,Cleaning,Disinfectant 5L,3,14.22,42.66,28.32,Delivered,5,3
10676,2025-12-06,C00003,Córdoba,Consumer,Sales rep,Tech,USB-C dock,2,119.52,239.04,139.18,Delivered,2,1
10677,2025-12-06,C00014,Cuyo,SMB,Marketplace,Tech,Wireless mouse,1,20.25,20.25,13.34,Delivered,3,2
10678,2025-12-06,C00001,Cuyo,SMB,Website,Cleaning,Disinfectant 5L,1,13.89,13.89,10.16,Delivered,2,1
10679,2025-12-06,C02753,Buenos Aires,SMB,Website,Tech,27in monitor,3,250.03,750.09,458.76,Delivered,5,4
10680,2025-12-06,C00182,Córdoba,Consumer,Website,Cleaning,Disinfectant 5L,4,15.73,62.92,36.92,Delivered,2,1
10681,2025-12-07,C00002,Buenos Aires,SMB,Marketplace,Office,Ergonomic chair,5,218.61,1093.05,676.79,Delivered,5,4
10682,2025-12-07,C00378,Buenos Aires,SMB,Website,Tech,USB-C dock,7,124.63,872.41,540.82,Delivered,2,1
10683,2025-12-08,C00007,Cuyo,SMB,Sales rep,Tech,Wireless mouse,2,20.34,40.68,27.47,Delivered,3,1
10684,2025-12-08,C00014,Cuyo,SMB,Marketplace,Office,Paper A4 box,3,19.4,58.2,30.98,Delivered,3,3
10685,2025-12-08,C01278,Cuyo,Consumer,Sales rep,Cleaning,Disinfectant 5L,7,15.63,109.41,66.52,Delivered,3,2
10686,2025-12-08,C00233,Buenos Aires,Consumer,Website,Tech,Wireless mouse,7,20.89,146.23,95.52,Delivered,2,3
10687,2025-12-08,C00008,Cuyo,SMB,Marketplace,Cleaning,Disinfectant 5L,4,14.02,56.08,40.61,Delivered,3,1
10688,2025-12-08,C00080,Buenos Aires,SMB,Website,Tech,Wireless mouse,1,21.28,21.28,14.27,Delivered,5,3
10689,2025-12-08,C01728,NOA,Consumer,Website,Office,Ergonomic chair,7,218.88,1532.16,840.64,Delivered,5,6
10690,2025-12-08,C00011,Buenos Aires,Enterprise,Marketplace,Tech,27in monitor,3,264.3,792.9,506.83,Delivered,2,1
10691,2025-12-08,C00034,Patagonia,Consumer,Sales rep,Tech,27in monitor,6,252.28,1513.68,855.77,Delivered,5,4
10692,2025-12-08,C00034,Patagonia,Consumer,Marketplace,Cleaning,Disinfectant 5L,5,14.01,70.05,50.73,Delivered,3,2
10693,2025-12-08,C00003,Córdoba,Consumer,Website,Tech,27in monitor,6,253.67,1522.02,944.21,Delivered,2,1
10694,2025-12-09,C00001,Cuyo,SMB,Website,Tech,USB-C dock,6,128.72,772.32,458.19,Delivered,2,1
10695,2025-12-09,C00015,Cuyo,Consumer,Website,Tech,Wireless mouse,6,21.83,130.98,79.97,Cancelled,2,1
10696,2025-12-09,C00004,Cuyo,Consumer,Sales rep,Cleaning,Paper towels x12,1,19.99,19.99,13.85,Delivered,5,5
10697,2025-12-09,C00351,Buenos Aires,SMB,Website,Office,Toner cartridge,4,64.69,258.76,170.14,Delivered,3,1
10698,2025-12-09,C00419,Patagonia,Consumer,Website,Tech,USB-C dock,5,114.92,574.6,391.07,Delivered,3,1
10699,2025-12-09,C00467,Buenos Aires,Consumer,Website,Office,Paper A4 box,3,17.42,52.26,29.8,Delivered,5,4
10700,2025-12-09,C01641,Córdoba,SMB,Website,Tech,USB-C dock,1,121.23,121.23,73.13,Delivered,5,3
10701,2025-12-09,C00015,Cuyo,Consumer,Marketplace,Office,Paper A4 box,5,19.05,95.25,62.37,Delivered,5,3
10702,2025-12-09,C01641,Córdoba,SMB,Website,Tech,USB-C dock,3,119.64,358.92,237.7,Delivered,2,3
10703,2025-12-09,C03129,Buenos Aires,SMB,Marketplace,Office,Paper A4 box,1,17.0,17.0,10.23,Delivered,3,3
10704,2025-12-09,C00344,Córdoba,Consumer,Sales rep,Tech,27in monitor,6,245.59,1473.54,870.65,Delivered,2,1
10705,2025-12-09,C01149,Córdoba,SMB,Website,Tech,27in monitor,7,242.95,1700.65,1080.45,Delivered,5,4
10706,2025-12-09,C00021,NOA,SMB,Website,Tech,27in monitor,4,239.93,959.72,539.16,Delivered,5,4
10707,2025-12-09,C00009,NOA,Consumer,Marketplace,Cleaning,Paper towels x12,3,22.32,66.96,37.38,Delivered,5,4
10708,2025-12-09,C00560,Cuyo,Consumer,Website,Tech,27in monitor,5,258.05,1290.25,720.9,Delivered,5,4
10709,2025-12-09,C00001,Cuyo,SMB,Sales rep,Tech,27in monitor,6,228.42,1370.52,819.21,Delivered,3,3
10710,2025-12-09,C01441,NOA,SMB,Website,Office,Ergonomic chair,1,220.07,220.07,146.22,Delivered,3,4
10711,2025-12-09,C00023,Buenos Aires,Consumer,Website,Office,Toner cartridge,2,67.97,135.94,84.08,Delivered,2,2
10712,2025-12-09,C00002,Buenos Aires,SMB,Website,Cleaning,Paper towels x12,1,22.56,22.56,12.13,Delivered,5,3
10713,2025-12-10,C00004,Cuyo,Consumer,Website,Cleaning,Paper towels x12,1,22.06,22.06,13.89,Delivered,2,2
10714,2025-12-10,C00012,Buenos Aires,Consumer,Website,Tech,Wireless mouse,6,22.04,132.24,88.99,Delivered,2,1
10715,2025-12-10,C00513,Cuyo,Consumer,Website,Tech,USB-C dock,3,121.79,365.37,226.71,Delivered,3,2
10716,2025-12-10,C00391,Cuyo,SMB,Sales rep,Tech,Wireless mouse,2,21.35,42.7,24.59,Delivered,2,1
10717,2025-12-10,C00003,Córdoba,Consumer,Sales rep,Tech,Wireless mouse,3,21.87,65.61,36.35,Delivered,3,2
10718,2025-12-10,C00001,Cuyo,SMB,Sales rep,Office,Toner cartridge,6,61.09,366.54,250.16,Delivered,3,4
10719,2025-12-10,C03778,Buenos Aires,Consumer,Marketplace,Cleaning,Disinfectant 5L,5,13.89,69.45,49.66,Returned,3,3
10720,2025-12-10,C00403,Buenos Aires,Consumer,Website,Cleaning,Disinfectant 5L,7,15.5,108.5,65.51,Delivered,5,5
10721,2025-12-10,C00021,NOA,SMB,Website,Office,Ergonomic chair,4,212.57,850.28,559.7,Delivered,5,3
10722,2025-12-10,C00410,Buenos Aires,Enterprise,Website,Office,Paper A4 box,2,17.59,35.18,24.36,Cancelled,2,1
10723,2025-12-10,C00345,NOA,Enterprise,Marketplace,Tech,USB-C dock,4,114.54,458.16,274.68,Delivered,2,1
10724,2025-12-10,C00003,Córdoba,Consumer,Website,Office,Toner cartridge,6,62.39,374.34,238.71,Delivered,3,3
10725,2025-12-10,C03359,Cuyo,SMB,Sales rep,Cleaning,Paper towels x12,5,21.31,106.55,64.94,Delivered,3,2
10726,2025-12-10,C00078,Patagonia,Enterprise,Website,Office,Paper A4 box,6,17.0,102.0,67.74,Delivered,3,2
10727,2025-12-11,C00885,Cuyo,SMB,Website,Office,Toner cartridge,2,67.8,135.6,70.83,Delivered,3,2
10728,2025-12-11,C00050,NOA,Consumer,Website,Tech,USB-C dock,6,114.56,687.36,421.35,Delivered,2,2
10729,2025-12-11,C00030,Cuyo,Consumer,Website,Tech,USB-C dock,5,116.19,580.95,411.67,Delivered,2,1
10730,2025-12-11,C00015,Cuyo,Consumer,Website,Cleaning,Disinfectant 5L,7,14.02,98.14,58.24,Delivered,3,1
10731,2025-12-11,C03281,Cuyo,Consumer,Website,Office,Ergonomic chair,1,193.39,193.39,144.74,Delivered,3,3
10732,2025-12-11,C00188,Buenos Aires,SMB,Marketplace,Cleaning,Disinfectant 5L,4,14.7,58.8,40.51,Cancelled,2,1
10733,2025-12-11,C01605,Cuyo,SMB,Sales rep,Tech,Wireless mouse,2,20.28,40.56,26.93,Delivered,2,2
10734,2025-12-11,C00004,Cuyo,Consumer,Website,Office,Toner cartridge,4,67.21,268.84,153.74,Delivered,5,5
10735,2025-12-11,C00041,Cuyo,Consumer,Sales rep,Tech,27in monitor,1,242.94,242.94,155.34,Delivered,2,1
10736,2025-12-11,C00001,Cuyo,SMB,Marketplace,Tech,Wireless mouse,3,21.58,64.74,44.36,Delivered,2,1
10737,2025-12-11,C01233,Buenos Aires,SMB,Website,Tech,27in monitor,5,242.66,1213.3,792.13,Delivered,2,3
10738,2025-12-11,C00002,Buenos Aires,SMB,Website,Tech,27in monitor,5,229.99,1149.95,763.9,Delivered,5,6
10739,2025-12-11,C00002,Buenos Aires,SMB,Website,Office,Paper A4 box,6,16.71,100.26,66.78,Delivered,5,6
10740,2025-12-11,C00464,Cuyo,SMB,Marketplace,Tech,Wireless mouse,6,21.4,128.4,81.28,Delivered,2,3
10741,2025-12-12,C00175,Córdoba,SMB,Website,Cleaning,Disinfectant 5L,5,14.96,74.8,51.98,Delivered,3,1
10742,2025-12-12,C02873,Patagonia,Enterprise,Marketplace,Cleaning,Disinfectant 5L,7,14.51,101.57,66.11,Delivered,5,3
10743,2025-12-12,C00004,Cuyo,Consumer,Sales rep,Tech,USB-C dock,5,124.07,620.35,378.57,Delivered,2,1
10744,2025-12-12,C00171,Buenos Aires,SMB,Website,Cleaning,Paper towels x12,4,19.5,78.0,51.19,Delivered,3,2
10745,2025-12-12,C00017,Córdoba,Enterprise,Sales rep,Office,Toner cartridge,3,59.69,179.07,128.64,Delivered,2,1
10746,2025-12-12,C00091,Cuyo,Consumer,Website,Cleaning,Disinfectant 5L,3,14.45,43.35,29.94,Delivered,3,2
10747,2025-12-12,C00286,Buenos Aires,SMB,Sales rep,Tech,USB-C dock,4,120.56,482.24,272.56,Delivered,3,1
10748,2025-12-12,C00187,Córdoba,Consumer,Sales rep,Cleaning,Disinfectant 5L,6,14.5,87.0,62.21,Returned,5,5
10749,2025-12-12,C00188,Buenos Aires,SMB,Marketplace,Office,Toner cartridge,2,66.41,132.82,76.79,Returned,2,3
10750,2025-12-12,C00083,NOA,SMB,Sales rep,Office,Toner cartridge,6,61.8,370.8,260.88,Delivered,5,4
10751,2025-12-12,C01295,Buenos Aires,SMB,Website,Office,Paper A4 box,2,16.91,33.82,22.37,Delivered,5,6
10752,2025-12-12,C00083,NOA,SMB,Website,Office,Paper A4 box,4,17.14,68.56,43.33,Delivered,2,3
10753,2025-12-12,C00890,Buenos Aires,SMB,Sales rep,Tech,Wireless mouse,5,21.65,108.25,62.82,Delivered,5,4
10754,2025-12-12,C00027,Cuyo,SMB,Website,Cleaning,Paper towels x12,1,21.32,21.32,12.67,Delivered,2,1
10755,2025-12-12,C00054,Cuyo,Consumer,Marketplace,Tech,USB-C dock,3,120.41,361.23,212.06,Delivered,2,1
10756,2025-12-12,C01127,Córdoba,Enterprise,Website,Office,Ergonomic chair,6,209.36,1256.16,775.17,Delivered,2,2
10757,2025-12-12,C00001,Cuyo,SMB,Website,Tech,Wireless mouse,3,22.14,66.42,43.89,Delivered,3,2
10758,2025-12-12,C00022,Cuyo,SMB,Website,Tech,USB-C dock,6,119.65,717.9,397.51,Delivered,2,2
10759,2025-12-12,C00057,Buenos Aires,Enterprise,Website,Tech,Wireless mouse,5,22.37,111.85,61.57,Delivered,2,1
10760,2025-12-12,C00830,Córdoba,Consumer,Marketplace,Office,Toner cartridge,4,62.66,250.64,161.94,Delivered,3,4
10761,2025-12-12,C00010,Córdoba,SMB,Marketplace,Office,Toner cartridge,3,63.73,191.19,110.71,Delivered,2,1
10762,2025-12-13,C00973,Córdoba,SMB,Website,Cleaning,Disinfectant 5L,7,14.64,102.48,69.12,Delivered,3,2
10763,2025-12-13,C00003,Córdoba,Consumer,Sales rep,Cleaning,Paper towels x12,7,21.18,148.26,94.04,Delivered,3,2
10764,2025-12-13,C00028,Patagonia,SMB,Sales rep,Tech,USB-C dock,2,114.79,229.58,160.14,Delivered,3,4
10765,2025-12-13,C00001,Cuyo,SMB,Website,Office,Ergonomic chair,5,204.7,1023.5,625.58,Delivered,3,3
10766,2025-12-13,C00003,Córdoba,Consumer,Sales rep,Cleaning,Disinfectant 5L,4,14.15,56.6,35.12,Delivered,2,3
10767,2025-12-14,C00008,Cuyo,SMB,Website,Cleaning,Disinfectant 5L,2,14.47,28.94,18.99,Delivered,3,2
10768,2025-12-14,C01147,Patagonia,Consumer,Website,Cleaning,Disinfectant 5L,5,15.91,79.55,43.42,Delivered,2,1
10769,2025-12-14,C00019,Patagonia,Consumer,Sales rep,Tech,27in monitor,3,229.84,689.52,466.96,Delivered,5,6
10770,2025-12-14,C00002,Buenos Aires,SMB,Website,Tech,Wireless mouse,5,20.32,101.6,62.73,Delivered,3,4
10771,2025-12-14,C00024,Buenos Aires,SMB,Website,Tech,27in monitor,5,263.05,1315.25,782.92,Delivered,3,3
10772,2025-12-14,C00352,Córdoba,Enterprise,Website,Tech,Wireless mouse,2,23.73,47.46,29.37,Delivered,3,2
10773,2025-12-14,C02529,Buenos Aires,SMB,Marketplace,Office,Paper A4 box,1,18.55,18.55,12.0,Delivered,3,2
10774,2025-12-14,C00046,Córdoba,SMB,Marketplace,Cleaning,Disinfectant 5L,6,13.94,83.64,54.6,Returned,5,6
10775,2025-12-14,C00009,NOA,Consumer,Website,Office,Ergonomic chair,3,199.91,599.73,398.39,Delivered,5,6
10776,2025-12-14,C00703,Córdoba,Consumer,Website,Cleaning,Paper towels x12,6,20.79,124.74,74.34,Delivered,3,4
10777,2025-12-14,C00422,Córdoba,SMB,Website,Office,Ergonomic chair,7,222.72,1559.04,999.74,Delivered,5,3
10778,2025-12-14,C00002,Buenos Aires,SMB,Website,Cleaning,Paper towels x12,2,22.51,45.02,27.83,Cancelled,2,1
10779,2025-12-14,C00002,Buenos Aires,SMB,Sales rep,Cleaning,Disinfectant 5L,2,14.98,29.96,18.76,Delivered,5,5
10780,2025-12-15,C00018,Buenos Aires,SMB,Marketplace,Office,Paper A4 box,6,17.15,102.9,62.92,Cancelled,5,3
10781,2025-12-15,C00019,Patagonia,Consumer,Website,Office,Ergonomic chair,5,194.75,973.75,671.23,Delivered,2,1
10782,2025-12-15,C00285,Cuyo,Enterprise,Marketplace,Cleaning,Paper towels x12,7,20.98,146.86,91.45,Delivered,3,3
10783,2025-12-15,C00225,Cuyo,Consumer,Sales rep,Tech,27in monitor,5,249.62,1248.1,717.82,Delivered,5,3
10784,2025-12-15,C00784,Buenos Aires,Enterprise,Marketplace,Office,Toner cartridge,4,68.93,275.72,156.89,Delivered,5,3
10785,2025-12-15,C00345,NOA,Enterprise,Website,Cleaning,Disinfectant 5L,5,16.06,80.3,45.02,Delivered,5,4
10786,2025-12-15,C00009,NOA,Consumer,Sales rep,Tech,Wireless mouse,7,23.43,164.01,86.04,Cancelled,2,1
10787,2025-12-15,C00238,Buenos Aires,SMB,Sales rep,Office,Paper A4 box,4,17.55,70.2,49.72,Delivered,2,1
10788,2025-12-15,C00142,Buenos Aires,SMB,Marketplace,Office,Ergonomic chair,6,222.3,1333.8,696.11,Delivered,5,2
10789,2025-12-15,C00013,Córdoba,Enterprise,Website,Office,Paper A4 box,4,16.66,66.64,46.28,Delivered,3,1
10790,2025-12-15,C00026,Buenos Aires,SMB,Sales rep,Tech,Wireless mouse,7,20.76,145.32,96.85,Delivered,5,4
10791,2025-12-15,C00826,Cuyo,Consumer,Sales rep,Cleaning,Paper towels x12,7,22.68,158.76,89.56,Delivered,3,1
10792,2025-12-15,C02705,Córdoba,SMB,Marketplace,Office,Ergonomic chair,7,211.28,1478.96,899.95,Delivered,2,1
10793,2025-12-15,C02746,Buenos Aires,SMB,Marketplace,Office,Ergonomic chair,7,208.64,1460.48,999.52,Delivered,2,2
10794,2025-12-15,C00149,Córdoba,SMB,Website,Tech,USB-C dock,3,118.68,356.04,234.65,Delivered,3,3
10795,2025-12-16,C01917,Córdoba,SMB,Website,Cleaning,Paper towels x12,7,22.2,155.4,101.7,Delivered,5,7
10796,2025-12-16,C00045,NOA,SMB,Sales rep,Tech,Wireless mouse,5,22.02,110.1,68.47,Delivered,3,1
10797,2025-12-16,C00002,Buenos Aires,SMB,Sales rep,Office,Toner cartridge,3,65.98,197.94,129.59,Delivered,2,3
10798,2025-12-16,C02589,Patagonia,Consumer,Sales rep,Tech,27in monitor,7,247.54,1732.78,1147.34,Delivered,5,6
10799,2025-12-16,C00001,Cuyo,SMB,Marketplace,Office,Paper A4 box,5,17.28,86.4,56.47,Delivered,2,1
10800,2025-12-16,C00005,Cuyo,SMB,Sales rep,Cleaning,Disinfectant 5L,7,14.09,98.63,71.14,Delivered,5,5
10801,2025-12-16,C00933,Cuyo,Consumer,Sales rep,Tech,USB-C dock,1,128.79,128.79,69.21,Delivered,2,2
10802,2025-12-16,C00002,Buenos Aires,SMB,Website,Office,Toner cartridge,6,66.66,399.96,237.04,Delivered,2,2
10803,2025-12-17,C00007,Cuyo,SMB,Marketplace,Office,Paper A4 box,6,17.39,104.34,65.5,Delivered,5,4
10804,2025-12-17,C02074,Cuyo,SMB,Marketplace,Tech,USB-C dock,5,122.36,611.8,407.6,Delivered,3,2
10805,2025-12-17,C00001,Cuyo,SMB,Website,Tech,Wireless mouse,4,22.78,91.12,59.75,Delivered,5,4
10806,2025-12-17,C00295,NOA,SMB,Website,Tech,USB-C dock,4,128.3,513.2,322.5,Delivered,3,2
10807,2025-12-17,C00015,Cuyo,Consumer,Website,Office,Toner cartridge,1,68.09,68.09,38.93,Delivered,3,3
10808,2025-12-17,C00495,Cuyo,Consumer,Sales rep,Office,Ergonomic chair,2,217.54,435.08,248.31,Delivered,2,1
10809,2025-12-17,C00001,Cuyo,SMB,Marketplace,Office,Toner cartridge,3,66.1,198.3,112.6,Delivered,3,1
10810,2025-12-17,C01096,Buenos Aires,Consumer,Sales rep,Office,Toner cartridge,7,58.88,412.16,259.94,Delivered,5,3
10811,2025-12-17,C03271,NOA,SMB,Marketplace,Cleaning,Disinfectant 5L,4,15.16,60.64,34.83,Delivered,3,3
10812,2025-12-17,C02603,Buenos Aires,Consumer,Sales rep,Tech,27in monitor,7,263.02,1841.14,1124.13,Delivered,2,2
10813,2025-12-17,C01252,Cuyo,Consumer,Marketplace,Cleaning,Disinfectant 5L,7,14.49,101.43,62.98,Delivered,5,5
10814,2025-12-18,C00004,Cuyo,Consumer,Marketplace,Tech,Wireless mouse,7,22.76,159.32,107.03,Delivered,3,4
10815,2025-12-18,C00091,Cuyo,Consumer,Website,Tech,USB-C dock,3,119.62,358.86,207.18,Delivered,3,1
10816,2025-12-18,C01223,Buenos Aires,Consumer,Website,Cleaning,Disinfectant 5L,5,15.5,77.5,44.35,Delivered,3,2
10817,2025-12-18,C01823,Cuyo,SMB,Marketplace,Tech,27in monitor,3,263.44,790.32,483.36,Delivered,2,2
10818,2025-12-18,C00060,Cuyo,Consumer,Website,Cleaning,Disinfectant 5L,4,15.91,63.64,33.6,Delivered,2,1
10819,2025-12-18,C00004,Cuyo,Consumer,Website,Cleaning,Disinfectant 5L,3,15.65,46.95,28.95,Delivered,5,2
10820,2025-12-18,C00007,Cuyo,SMB,Website,Office,Ergonomic chair,5,206.09,1030.45,600.66,Delivered,3,2
10821,2025-12-18,C02243,Buenos Aires,SMB,Sales rep,Tech,USB-C dock,5,125.91,629.55,382.9,Delivered,3,3
10822,2025-12-18,C00020,Buenos Aires,SMB,Sales rep,Cleaning,Disinfectant 5L,1,15.66,15.66,10.17,Delivered,5,4
10823,2025-12-18,C00004,Cuyo,Consumer,Website,Office,Ergonomic chair,6,208.3,1249.8,732.88,Delivered,5,3
10824,2025-12-18,C00045,NOA,SMB,Sales rep,Office,Ergonomic chair,6,210.89,1265.34,872.82,Delivered,5,2
10825,2025-12-19,C00001,Cuyo,SMB,Website,Office,Paper A4 box,6,17.6,105.6,62.9,Delivered,5,3
10826,2025-12-19,C02615,Buenos Aires,SMB,Marketplace,Office,Paper A4 box,3,17.0,51.0,30.99,Delivered,3,2
10827,2025-12-19,C00027,Cuyo,SMB,Marketplace,Cleaning,Paper towels x12,4,19.71,78.84,50.79,Delivered,2,1
10828,2025-12-19,C00003,Córdoba,Consumer,Sales rep,Office,Toner cartridge,5,61.52,307.6,213.71,Delivered,3,1
10829,2025-12-19,C00023,Buenos Aires,Consumer,Sales rep,Cleaning,Disinfectant 5L,4,14.81,59.24,35.85,Delivered,5,6
10830,2025-12-19,C00008,Cuyo,SMB,Website,Office,Paper A4 box,2,18.36,36.72,24.3,Delivered,2,3
10831,2025-12-19,C01348,Cuyo,Consumer,Website,Tech,Wireless mouse,3,23.4,70.2,38.44,Delivered,2,2
10832,2025-12-19,C01087,Córdoba,Consumer,Sales rep,Cleaning,Paper towels x12,7,20.42,142.94,101.86,Delivered,2,1
10833,2025-12-19,C00035,Buenos Aires,SMB,Website,Cleaning,Paper towels x12,4,20.89,83.56,57.86,Delivered,2,1
10834,2025-12-19,C00002,Buenos Aires,SMB,Marketplace,Tech,27in monitor,4,255.32,1021.28,618.87,Delivered,5,5
10835,2025-12-20,C01872,Cuyo,Consumer,Marketplace,Tech,USB-C dock,3,115.71,347.13,212.67,Delivered,3,4
10836,2025-12-20,C00001,Cuyo,SMB,Marketplace,Office,Paper A4 box,2,18.12,36.24,22.36,Delivered,5,4
10837,2025-12-20,C00094,Buenos Aires,SMB,Website,Office,Toner cartridge,3,63.02,189.06,127.08,Returned,2,2
10838,2025-12-20,C00081,Cuyo,Consumer,Marketplace,Office,Toner cartridge,5,66.57,332.85,190.81,Delivered,2,1
10839,2025-12-20,C00003,Córdoba,Consumer,Sales rep,Tech,27in monitor,2,231.71,463.42,294.1,Delivered,5,5
10840,2025-12-21,C00461,NOA,SMB,Sales rep,Office,Ergonomic chair,5,206.85,1034.25,719.66,Delivered,2,3
10841,2025-12-21,C00507,Buenos Aires,SMB,Sales rep,Office,Ergonomic chair,1,218.66,218.66,124.56,Delivered,5,7
10842,2025-12-21,C00023,Buenos Aires,Consumer,Website,Tech,27in monitor,1,229.61,229.61,169.31,Delivered,2,1
10843,2025-12-21,C00005,Cuyo,SMB,Marketplace,Office,Ergonomic chair,2,225.47,450.94,259.76,Delivered,2,1
10844,2025-12-21,C00632,Cuyo,SMB,Website,Cleaning,Disinfectant 5L,6,15.58,93.48,57.6,Delivered,2,1
10845,2025-12-21,C01031,Cuyo,SMB,Website,Office,Toner cartridge,5,68.12,340.6,189.83,Delivered,5,4
10846,2025-12-21,C00020,Buenos Aires,SMB,Website,Tech,Wireless mouse,4,22.11,88.44,59.39,Delivered,2,1
10847,2025-12-21,C02884,Buenos Aires,Enterprise,Website,Office,Paper A4 box,6,18.89,113.34,73.68,Delivered,2,1
10848,2025-12-21,C00034,Patagonia,Consumer,Website,Office,Paper A4 box,3,17.24,51.72,37.38,Delivered,5,3
10849,2025-12-22,C00006,NOA,Enterprise,Marketplace,Tech,Wireless mouse,6,21.6,129.6,83.4,Delivered,5,5
10850,2025-12-22,C02478,Cuyo,SMB,Marketplace,Office,Ergonomic chair,7,226.09,1582.63,931.55,Cancelled,2,2
10851,2025-12-22,C00065,Córdoba,SMB,Website,Tech,Wireless mouse,3,22.08,66.24,38.46,Cancelled,3,2
10852,2025-12-22,C00012,Buenos Aires,Consumer,Marketplace,Cleaning,Paper towels x12,1,22.28,22.28,12.81,Delivered,5,6
10853,2025-12-22,C00006,NOA,Enterprise,Sales rep,Office,Toner cartridge,5,60.05,300.25,210.84,Delivered,5,5
10854,2025-12-22,C00282,NOA,Consumer,Website,Office,Ergonomic chair,7,207.4,1451.8,1003.05,Delivered,3,2
10855,2025-12-22,C00553,Cuyo,SMB,Website,Tech,USB-C dock,1,112.6,112.6,69.01,Delivered,5,4
10856,2025-12-22,C00082,NOA,SMB,Marketplace,Office,Ergonomic chair,1,202.54,202.54,142.56,Delivered,5,5
10857,2025-12-22,C00033,Cuyo,SMB,Sales rep,Cleaning,Paper towels x12,2,21.08,42.16,27.54,Cancelled,2,1
10858,2025-12-22,C00098,NOA,Consumer,Website,Office,Toner cartridge,1,68.96,68.96,39.34,Delivered,2,2
10859,2025-12-23,C00011,Buenos Aires,Enterprise,Sales rep,Tech,27in monitor,7,251.2,1758.4,1128.89,Delivered,3,4
10860,2025-12-23,C00580,NOA,SMB,Website,Office,Paper A4 box,6,18.31,109.86,71.03,Delivered,2,1
10861,2025-12-23,C00542,Buenos Aires,SMB,Website,Office,Toner cartridge,3,64.94,194.82,123.23,Delivered,5,7
10862,2025-12-23,C00079,Cuyo,Enterprise,Sales rep,Tech,Wireless mouse,4,21.01,84.04,49.09,Delivered,3,4
10863,2025-12-23,C00014,Cuyo,SMB,Marketplace,Office,Ergonomic chair,1,225.06,225.06,130.21,Delivered,5,3
10864,2025-12-23,C00173,Cuyo,SMB,Website,Cleaning,Paper towels x12,4,19.61,78.44,50.2,Delivered,3,4
10865,2025-12-23,C00273,Córdoba,Enterprise,Website,Office,Ergonomic chair,7,204.47,1431.29,929.97,Delivered,3,2
10866,2025-12-23,C00003,Córdoba,Consumer,Website,Tech,27in monitor,1,263.81,263.81,166.21,Delivered,2,1
10867,2025-12-23,C00001,Cuyo,SMB,Website,Tech,USB-C dock,3,117.1,351.3,198.02,Delivered,2,1
10868,2025-12-24,C00049,Cuyo,SMB,Website,Tech,27in monitor,5,242.77,1213.85,777.51,Delivered,3,5
10869,2025-12-24,C02520,Córdoba,Consumer,Sales rep,Cleaning,Disinfectant 5L,6,14.16,84.96,61.26,Delivered,3,3
10870,2025-12-24,C00069,Patagonia,SMB,Sales rep,Cleaning,Paper towels x12,6,19.73,118.38,80.4,Delivered,5,3
10871,2025-12-24,C00936,Buenos Aires,SMB,Website,Office,Toner cartridge,1,67.96,67.96,36.13,Delivered,3,3
10872,2025-12-24,C00002,Buenos Aires,SMB,Website,Cleaning,Paper towels x12,3,22.51,67.53,37.34,Delivered,2,1
10873,2025-12-24,C00993,Córdoba,SMB,Website,Cleaning,Disinfectant 5L,1,14.25,14.25,10.16,Delivered,5,3
10874,2025-12-24,C02778,Buenos Aires,Enterprise,Marketplace,Office,Paper A4 box,7,19.16,134.12,81.25,Delivered,5,3
10875,2025-12-24,C00001,Cuyo,SMB,Marketplace,Office,Ergonomic chair,2,216.73,433.46,287.19,Delivered,3,2
10876,2025-12-24,C00065,Córdoba,SMB,Website,Cleaning,Disinfectant 5L,2,15.99,31.98,19.45,Delivered,3,3
10877,2025-12-25,C02936,Buenos Aires,SMB,Sales rep,Cleaning,Paper towels x12,2,21.23,42.46,23.25,Delivered,5,4
10878,2025-12-25,C00258,Buenos Aires,SMB,Sales rep,Tech,27in monitor,5,239.14,1195.7,690.08,Delivered,2,1
10879,2025-12-25,C00032,Cuyo,SMB,Marketplace,Office,Ergonomic chair,5,224.85,1124.25,707.86,Delivered,3,4
10880,2025-12-25,C00001,Cuyo,SMB,Website,Tech,27in monitor,7,229.27,1604.89,1105.96,Delivered,2,3
10881,2025-12-25,C00001,Cuyo,SMB,Website,Cleaning,Disinfectant 5L,7,14.52,101.64,68.33,Delivered,2,2
10882,2025-12-25,C03430,Buenos Aires,SMB,Website,Office,Ergonomic chair,7,207.86,1455.02,975.23,Delivered,3,1
10883,2025-12-25,C00164,Buenos Aires,Consumer,Marketplace,Cleaning,Paper towels x12,7,20.36,142.52,89.46,Delivered,2,1
10884,2025-12-25,C00211,Buenos Aires,Enterprise,Marketplace,Tech,Wireless mouse,5,22.45,112.25,62.09,Delivered,2,1
10885,2025-12-25,C00230,Patagonia,SMB,Website,Office,Paper A4 box,4,19.02,76.08,41.44,Cancelled,3,2
10886,2025-12-25,C00125,Buenos Aires,SMB,Website,Office,Ergonomic chair,2,207.6,415.2,278.65,Cancelled,3,2
10887,2025-12-25,C02968,Cuyo,Enterprise,Marketplace,Office,Paper A4 box,5,17.22,86.1,50.93,Delivered,3,4
10888,2025-12-25,C00032,Cuyo,SMB,Website,Office,Toner cartridge,2,64.66,129.32,74.94,Delivered,2,1
10889,2025-12-25,C01224,Cuyo,SMB,Website,Office,Paper A4 box,5,16.95,84.75,50.98,Delivered,5,5
10890,2025-12-25,C03479,Cuyo,SMB,Website,Office,Ergonomic chair,5,216.9,1084.5,703.09,Delivered,2,1
10891,2025-12-25,C00398,Cuyo,SMB,Marketplace,Office,Ergonomic chair,6,210.12,1260.72,711.23,Delivered,2,1
10892,2025-12-25,C00025,Buenos Aires,SMB,Marketplace,Tech,27in monitor,7,228.22,1597.54,1172.76,Delivered,2,1
10893,2025-12-25,C01574,Buenos Aires,SMB,Website,Office,Toner cartridge,4,67.7,270.8,173.09,Delivered,5,4
10894,2025-12-25,C02244,Córdoba,SMB,Marketplace,Tech,27in monitor,6,247.18,1483.08,894.37,Delivered,3,3
10895,2025-12-25,C03381,Buenos Aires,Enterprise,Sales rep,Tech,Wireless mouse,6,22.51,135.06,87.31,Delivered,2,1
10896,2025-12-26,C00065,Córdoba,SMB,Sales rep,Tech,27in monitor,6,230.85,1385.1,816.92,Delivered,2,1
10897,2025-12-26,C00011,Buenos Aires,Enterprise,Website,Office,Ergonomic chair,5,209.63,1048.15,665.39,Delivered,2,2
10898,2025-12-26,C00050,NOA,Consumer,Website,Cleaning,Disinfectant 5L,6,14.11,84.66,61.43,Delivered,3,1
10899,2025-12-26,C00044,Buenos Aires,Consumer,Website,Office,Toner cartridge,5,68.95,344.75,213.0,Delivered,5,4
10900,2025-12-26,C00009,NOA,Consumer,Marketplace,Office,Ergonomic chair,3,196.63,589.89,399.72,Delivered,3,1
10901,2025-12-26,C00001,Cuyo,SMB,Website,Tech,27in monitor,5,264.4,1322.0,685.58,Delivered,2,1
10902,2025-12-26,C00054,Cuyo,Consumer,Sales rep,Cleaning,Disinfectant 5L,5,14.24,71.2,42.67,Delivered,5,5
10903,2025-12-26,C00157,Cuyo,SMB,Marketplace,Tech,Wireless mouse,7,20.48,143.36,85.88,Delivered,5,4
10904,2025-12-26,C03972,NOA,SMB,Marketplace,Office,Toner cartridge,6,65.01,390.06,266.18,Delivered,2,1
10905,2025-12-26,C00002,Buenos Aires,SMB,Website,Cleaning,Paper towels x12,5,20.31,101.55,68.76,Delivered,2,2
10906,2025-12-26,C00245,Córdoba,SMB,Website,Office,Paper A4 box,5,18.19,90.95,59.61,Returned,2,1
10907,2025-12-26,C00903,Córdoba,Consumer,Marketplace,Cleaning,Disinfectant 5L,5,14.66,73.3,43.56,Delivered,3,3
10908,2025-12-26,C00083,NOA,SMB,Website,Tech,Wireless mouse,6,22.11,132.66,89.11,Returned,5,3
10909,2025-12-26,C00759,Córdoba,Consumer,Marketplace,Tech,Wireless mouse,2,20.8,41.6,29.32,Delivered,2,1
10910,2025-12-27,C00939,Buenos Aires,SMB,Website,Cleaning,Disinfectant 5L,3,14.79,44.37,30.91,Delivered,2,1
10911,2025-12-27,C00106,Cuyo,SMB,Website,Tech,Wireless mouse,4,23.4,93.6,58.8,Delivered,2,2
10912,2025-12-27,C00541,Cuyo,Enterprise,Sales rep,Cleaning,Paper towels x12,6,21.25,127.5,71.06,Delivered,5,3
10913,2025-12-27,C02064,Buenos Aires,Consumer,Marketplace,Cleaning,Paper towels x12,6,20.35,122.1,73.19,Delivered,3,3
10914,2025-12-27,C00129,Buenos Aires,SMB,Sales rep,Office,Paper A4 box,5,18.55,92.75,62.41,Delivered,2,1
10915,2025-12-28,C02915,NOA,SMB,Marketplace,Office,Toner cartridge,5,59.93,299.65,188.39,Delivered,5,4
10916,2025-12-28,C00069,Patagonia,SMB,Website,Office,Toner cartridge,7,63.67,445.69,255.58,Delivered,2,1
10917,2025-12-28,C00008,Cuyo,SMB,Marketplace,Cleaning,Disinfectant 5L,1,13.88,13.88,8.67,Delivered,3,3
10918,2025-12-28,C00084,Buenos Aires,Consumer,Website,Tech,27in monitor,1,239.6,239.6,141.73,Delivered,5,6
10919,2025-12-28,C00355,Córdoba,Enterprise,Marketplace,Office,Ergonomic chair,1,220.13,220.13,137.44,Delivered,5,5
10920,2025-12-28,C00601,NOA,SMB,Sales rep,Office,Toner cartridge,4,59.79,239.16,154.47,Delivered,2,2
10921,2025-12-28,C00013,Córdoba,Enterprise,Website,Tech,27in monitor,1,258.6,258.6,151.85,Delivered,2,1
10922,2025-12-28,C00074,Cuyo,SMB,Marketplace,Office,Ergonomic chair,6,212.86,1277.16,814.35,Delivered,3,3
10923,2025-12-29,C00012,Buenos Aires,Consumer,Website,Office,Toner cartridge,7,65.2,456.4,257.56,Delivered,5,6
10924,2025-12-29,C00780,Córdoba,SMB,Marketplace,Tech,Wireless mouse,6,22.89,137.34,80.83,Returned,3,3
10925,2025-12-29,C00002,Buenos Aires,SMB,Website,Tech,USB-C dock,4,112.46,449.84,327.24,Delivered,2,1
10926,2025-12-29,C00028,Patagonia,SMB,Website,Tech,USB-C dock,4,112.08,448.32,315.32,Delivered,5,5
10927,2025-12-29,C02135,Cuyo,Enterprise,Marketplace,Office,Ergonomic chair,2,205.32,410.64,252.08,Delivered,2,2
10928,2025-12-29,C03796,Cuyo,SMB,Website,Tech,USB-C dock,5,125.49,627.45,388.79,Delivered,3,2
10929,2025-12-29,C00051,Buenos Aires,SMB,Sales rep,Office,Ergonomic chair,4,195.53,782.12,526.1,Delivered,2,1
10930,2025-12-29,C00781,Buenos Aires,Enterprise,Sales rep,Cleaning,Disinfectant 5L,5,15.23,76.15,51.38,Delivered,5,5
10931,2025-12-29,C00002,Buenos Aires,SMB,Sales rep,Cleaning,Disinfectant 5L,1,14.51,14.51,10.24,Delivered,3,2
10932,2025-12-29,C00992,Buenos Aires,Consumer,Marketplace,Tech,USB-C dock,4,128.66,514.64,308.87,Delivered,3,3
10933,2025-12-30,C00025,Buenos Aires,SMB,Website,Cleaning,Disinfectant 5L,5,15.89,79.45,48.2,Delivered,2,3
10934,2025-12-30,C00085,Buenos Aires,Enterprise,Marketplace,Cleaning,Paper towels x12,2,20.21,40.42,27.41,Delivered,3,1
10935,2025-12-30,C00009,NOA,Consumer,Website,Tech,USB-C dock,6,129.29,775.74,494.34,Delivered,5,4
10936,2025-12-30,C03026,Cuyo,SMB,Website,Office,Paper A4 box,3,18.59,55.77,30.74,Delivered,3,3
10937,2025-12-30,C02240,Buenos Aires,Consumer,Website,Tech,Wireless mouse,6,23.52,141.12,86.83,Delivered,5,6
10938,2025-12-30,C03017,Buenos Aires,SMB,Website,Cleaning,Disinfectant 5L,5,14.44,72.2,43.1,Delivered,2,1
10939,2025-12-30,C00021,NOA,SMB,Website,Office,Paper A4 box,1,17.65,17.65,12.01,Delivered,3,1
10940,2025-12-30,C01058,Córdoba,Enterprise,Website,Tech,Wireless mouse,3,20.8,62.4,41.79,Returned,5,5
10941,2025-12-30,C00113,Cuyo,Consumer,Website,Tech,27in monitor,1,245.49,245.49,140.44,Delivered,3,4
10942,2025-12-31,C00771,Cuyo,SMB,Website,Office,Toner cartridge,7,67.69,473.83,255.3,Delivered,3,2
10943,2025-12-31,C00136,NOA,SMB,Marketplace,Cleaning,Disinfectant 5L,6,14.33,85.98,61.79,Cancelled,3,2
10944,2025-12-31,C00166,Buenos Aires,Enterprise,Sales rep,Office,Toner cartridge,2,63.03,126.06,73.01,Delivered,3,2
10945,2025-12-31,C00002,Buenos Aires,SMB,Website,Tech,27in monitor,2,232.72,465.44,312.05,Returned,3,2
10946,2025-12-31,C00237,Cuyo,Consumer,Website,Tech,Wireless mouse,6,21.48,128.88,91.23,Delivered,5,5
10947,2025-12-31,C00345,NOA,Enterprise,Marketplace,Office,Toner cartridge,2,62.98,125.96,87.23,Delivered,5,4
10948,2025-12-31,C00562,NOA,Enterprise,Marketplace,Office,Paper A4 box,7,17.73,124.11,76.25,Delivered,2,2
10949,2025-12-31,C00001,Cuyo,SMB,Website,Cleaning,Disinfectant 5L,6,15.78,94.68,52.55,Delivered,5,4
10950,2025-12-31,C03327,NOA,Consumer,Sales rep,Cleaning,Paper towels x12,2,22.38,44.76,23.25,Delivered,3,1
10951,2025-12-31,C01624,Buenos Aires,SMB,Website,Office,Paper A4 box,5,17.95,89.75,62.81,Delivered,3,2
10952,2025-12-31,C00001,Cuyo,SMB,Website,Office,Ergonomic chair,3,216.75,650.25,381.96,Delivered,2,2
10953,2025-12-31,C01866,Cuyo,SMB,Marketplace,Office,Paper A4 box,3,18.05,54.15,31.43,Delivered,2,2
10954,2025-12-31,C00032,Cuyo,SMB,Website,Tech,USB-C dock,1,119.94,119.94,80.42,Delivered,2,1
10955,2026-01-01,C00002,Buenos Aires,SMB,Sales rep,Office,Ergonomic chair,5,197.96,989.8,710.67,Delivered,2,1
10956,2026-01-01,C00003,Córdoba,Consumer,Sales rep,Cleaning,Paper towels x12,3,21.52,64.56,40.54,Delivered,2,1
10957,2026-01-01,C00161,Cuyo,Enterprise,Website,Cleaning,Disinfectant 5L,4,15.82,63.28,34.6,Delivered,2,3
10958,2026-01-01,C00207,Cuyo,Consumer,Sales rep,Tech,USB-C dock,1,111.35,111.35,80.26,Delivered,5,1
10959,2026-01-01,C00346,Patagonia,Enterprise,Website,Tech,Wireless mouse,3,21.55,64.65,42.84,Delivered,5,3
10960,2026-01-01,C00029,Patagonia,Consumer,Website,Office,Ergonomic chair,3,212.7,638.1,422.63,Delivered,5,3
10961,2026-01-01,C01964,Buenos Aires,Enterprise,Sales rep,Tech,27in monitor,5,230.83,1154.15,689.17,Delivered,3,1
10962,2026-01-01,C02330,Buenos Aires,Consumer,Website,Office,Toner cartridge,7,67.39,471.73,257.42,Delivered,3,2
10963,2026-01-02,C00810,Buenos Aires,Consumer,Website,Office,Paper A4 box,1,18.12,18.12,10.55,Delivered,2,1
10964,2026-01-02,C00852,Cuyo,Consumer,Website,Tech,27in monitor,2,256.94,513.88,318.36,Delivered,3,3
10965,2026-01-02,C00001,Cuyo,SMB,Sales rep,Office,Paper A4 box,3,19.19,57.57,36.38,Delivered,2,3
10966,2026-01-02,C01690,Cuyo,SMB,Marketplace,Cleaning,Disinfectant 5L,5,15.3,76.5,46.3,Delivered,5,5
10967,2026-01-02,C00060,Cuyo,Consumer,Website,Office,Ergonomic chair,1,210.21,210.21,136.6,Delivered,2,2
10968,2026-01-02,C00017,Córdoba,Enterprise,Website,Tech,Wireless mouse,7,23.38,163.66,102.87,Delivered,5,4
10969,2026-01-02,C00023,Buenos Aires,Consumer,Website,Office,Toner cartridge,4,67.58,270.32,150.32,Delivered,2,1
10970,2026-01-02,C03581,Cuyo,Enterprise,Marketplace,Cleaning,Paper towels x12,7,21.09,147.63,100.23,Delivered,2,3
10971,2026-01-02,C00002,Buenos Aires,SMB,Marketplace,Office,Ergonomic chair,3,196.23,588.69,416.34,Delivered,5,3
10972,2026-01-02,C00014,Cuyo,SMB,Marketplace,Cleaning,Disinfectant 5L,7,15.3,107.1,63.13,Delivered,2,1
10973,2026-01-03,C00001,Cuyo,SMB,Marketplace,Cleaning,Disinfectant 5L,5,15.97,79.85,51.72,Delivered,2,1
10974,2026-01-03,C00010,Córdoba,SMB,Website,Tech,USB-C dock,2,120.37,240.74,167.04,Delivered,5,4
10975,2026-01-03,C01689,Cuyo,Enterprise,Website,Cleaning,Paper towels x12,5,20.66,103.3,65.15,Delivered,5,7
10976,2026-01-03,C00028,Patagonia,SMB,Marketplace,Office,Paper A4 box,4,19.12,76.48,46.74,Delivered,2,1
10977,2026-01-03,C00006,NOA,Enterprise,Website,Cleaning,Paper towels x12,5,19.53,97.65,66.08,Delivered,3,2
10978,2026-01-03,C00001,Cuyo,SMB,Website,Office,Ergonomic chair,6,213.08,1278.48,755.57,Delivered,5,4
10979,2026-01-03,C03898,Córdoba,Consumer,Sales rep,Office,Paper A4 box,3,19.2,57.6,34.85,Delivered,5,1
10980,2026-01-04,C00001,Cuyo,SMB,Website,Tech,27in monitor,6,236.67,1420.02,820.51,Delivered,2,3
10981,2026-01-04,C00072,Cuyo,Enterprise,Website,Tech,USB-C dock,5,114.27,571.35,411.37,Delivered,2,2
10982,2026-01-04,C00844,Cuyo,SMB,Marketplace,Office,Paper A4 box,3,19.32,57.96,36.48,Delivered,3,1
10983,2026-01-04,C00028,Patagonia,SMB,Marketplace,Tech,Wireless mouse,2,22.69,45.38,28.31,Delivered,5,5
10984,2026-01-04,C02704,Cuyo,Consumer,Website,Office,Ergonomic chair,7,215.58,1509.06,862.81,Delivered,5,6
10985,2026-01-04,C00701,Patagonia,SMB,Website,Tech,27in monitor,7,240.16,1681.12,1190.87,Delivered,2,1
10986,2026-01-04,C00131,NOA,Consumer,Sales rep,Tech,Wireless mouse,5,21.13,105.65,66.89,Delivered,5,5
10987,2026-01-05,C00110,Cuyo,Consumer,Marketplace,Cleaning,Paper towels x12,2,20.93,41.86,26.5,Delivered,3,3
10988,2026-01-05,C00566,NOA,Consumer,Sales rep,Cleaning,Paper towels x12,6,21.06,126.36,74.79,Delivered,3,3
10989,2026-01-05,C00177,NOA,SMB,Website,Tech,USB-C dock,5,110.67,553.35,368.98,Delivered,5,4
10990,2026-01-05,C00218,Buenos Aires,Consumer,Website,Cleaning,Disinfectant 5L,6,14.63,87.78,60.94,Delivered,3,2
10991,2026-01-05,C03486,Buenos Aires,Enterprise,Sales rep,Tech,Wireless mouse,1,21.69,21.69,14.92,Delivered,5,5
10992,2026-01-05,C00111,Cuyo,Consumer,Website,Office,Ergonomic chair,5,204.45,1022.25,663.2,Delivered,2,1
10993,2026-01-05,C00133,Cuyo,SMB,Website,Office,Ergonomic chair,4,200.35,801.4,561.38,Delivered,5,3
10994,2026-01-05,C00020,Buenos Aires,SMB,Marketplace,Tech,27in monitor,1,231.2,231.2,136.0,Delivered,3,1
10995,2026-01-05,C00005,Cuyo,SMB,Marketplace,Tech,27in monitor,6,230.57,1383.42,968.2,Delivered,5,4
10996,2026-01-05,C00990,Cuyo,SMB,Website,Cleaning,Disinfectant 5L,4,14.7,58.8,38.5,Delivered,2,1
10997,2026-01-05,C00046,Córdoba,SMB,Website,Office,Ergonomic chair,1,215.08,215.08,133.84,Delivered,5,4
10998,2026-01-05,C00545,Córdoba,Consumer,Website,Office,Ergonomic chair,4,205.16,820.64,561.81,Delivered,5,5
10999,2026-01-05,C00014,Cuyo,SMB,Marketplace,Tech,USB-C dock,4,122.79,491.16,297.36,Delivered,2,1
11000,2026-01-05,C00015,Cuyo,Consumer,Website,Tech,Wireless mouse,6,20.41,122.46,76.55,Delivered,5,3
11001,2026-01-06,C00084,Buenos Aires,Consumer,Website,Tech,USB-C dock,4,110.45,441.8,281.56,Delivered,3,3
11002,2026-01-06,C01711,Córdoba,SMB,Marketplace,Office,Ergonomic chair,4,210.22,840.88,525.48,Delivered,5,5
11003,2026-01-06,C00822,Cuyo,SMB,Marketplace,Office,Toner cartridge,5,63.54,317.7,209.96,Delivered,5,4
11004,2026-01-06,C00848,Buenos Aires,SMB,Website,Tech,27in monitor,6,226.95,1361.7,884.86,Delivered,2,1
11005,2026-01-06,C00040,Cuyo,Consumer,Sales rep,Cleaning,Paper towels x12,4,21.59,86.36,55.38,Delivered,2,1
11006,2026-01-06,C00034,Patagonia,Consumer,Sales rep,Cleaning,Disinfectant 5L,3,15.72,47.16,29.79,Delivered,3,3
11007,2026-01-06,C00011,Buenos Aires,Enterprise,Website,Office,Toner cartridge,1,61.83,61.83,38.84,Delivered,2,1
11008,2026-01-06,C00005,Cuyo,SMB,Marketplace,Tech,Wireless mouse,7,22.33,156.31,89.71,Delivered,3,1
11009,2026-01-06,C00354,Buenos Aires,SMB,Website,Office,Toner cartridge,5,62.86,314.3,187.15,Delivered,5,3
11010,2026-01-06,C00056,Buenos Aires,Consumer,Marketplace,Cleaning,Disinfectant 5L,6,15.17,91.02,56.69,Delivered,5,5
11011,2026-01-06,C00083,NOA,SMB,Sales rep,Cleaning,Paper towels x12,2,20.81,41.62,27.68,Delivered,3,4
11012,2026-01-06,C01099,Cuyo,SMB,Marketplace,Office,Toner cartridge,2,67.11,134.22,74.98,Delivered,3,2
11013,2026-01-06,C00005,Cuyo,SMB,Sales rep,Cleaning,Paper towels x12,5,20.21,101.05,62.0,Delivered,5,7
11014,2026-01-07,C00942,Buenos Aires,Consumer,Website,Tech,USB-C dock,6,125.67,754.02,409.65,Delivered,2,1
11015,2026-01-07,C00993,Córdoba,SMB,Marketplace,Tech,USB-C dock,6,126.25,757.5,435.52,Delivered,3,2
11016,2026-01-07,C00071,Patagonia,Consumer,Sales rep,Cleaning,Disinfectant 5L,3,15.37,46.11,29.51,Delivered,3,1
11017,2026-01-07,C00031,Buenos Aires,SMB,Sales rep,Office,Ergonomic chair,1,200.86,200.86,127.39,Delivered,2,2
11018,2026-01-07,C01289,Cuyo,Enterprise,Marketplace,Cleaning,Paper towels x12,1,19.81,19.81,14.63,Delivered,3,2
11019,2026-01-07,C01566,Cuyo,Consumer,Website,Tech,USB-C dock,5,124.91,624.55,355.34,Delivered,3,2
11020,2026-01-07,C00013,Córdoba,Enterprise,Website,Office,Paper A4 box,3,18.77,56.31,30.35,Delivered,3,1
11021,2026-01-07,C00001,Cuyo,SMB,Website,Tech,27in monitor,7,252.37,1766.59,1199.99,Delivered,3,1
11022,2026-01-07,C00149,Córdoba,SMB,Website,Tech,Wireless mouse,4,22.42,89.68,60.19,Delivered,3,3
11023,2026-01-07,C00091,Cuyo,Consumer,Marketplace,Tech,USB-C dock,2,122.47,244.94,139.58,Delivered,2,4
11024,2026-01-07,C00134,Buenos Aires,Consumer,Marketplace,Office,Ergonomic chair,1,211.29,211.29,141.24,Delivered,3,3
11025,2026-01-07,C03773,NOA,Consumer,Website,Office,Paper A4 box,2,18.08,36.16,20.57,Delivered,5,4
11026,2026-01-07,C00003,Córdoba,Consumer,Website,Tech,USB-C dock,7,118.56,829.92,557.83,Delivered,3,2
11027,2026-01-07,C00001,Cuyo,SMB,Website,Office,Ergonomic chair,1,208.53,208.53,131.21,Delivered,2,1
11028,2026-01-07,C01069,Córdoba,Enterprise,Sales rep,Office,Paper A4 box,1,17.29,17.29,11.98,Delivered,5,3
11029,2026-01-08,C00244,Córdoba,Consumer,Website,Cleaning,Disinfectant 5L,7,15.45,108.15,60.82,Delivered,5,4
11030,2026-01-08,C00499,Córdoba,SMB,Website,Office,Ergonomic chair,1,215.17,215.17,123.94,Delivered,3,4
11031,2026-01-08,C03074,Córdoba,Consumer,Marketplace,Cleaning,Paper towels x12,7,22.32,156.24,80.99,Delivered,5,5
11032,2026-01-08,C01349,Patagonia,SMB,Website,Office,Toner cartridge,3,62.32,186.96,111.11,Delivered,3,3
11033,2026-01-08,C00017,Córdoba,Enterprise,Sales rep,Tech,27in monitor,7,254.11,1778.77,980.9,Delivered,3,3
11034,2026-01-08,C00014,Cuyo,SMB,Website,Cleaning,Disinfectant 5L,4,14.81,59.24,36.69,Cancelled,5,5
11035,2026-01-08,C00006,NOA,Enterprise,Sales rep,Cleaning,Paper towels x12,2,22.39,44.78,23.2,Delivered,5,5
11036,2026-01-08,C00047,Buenos Aires,SMB,Website,Office,Toner cartridge,4,67.56,270.24,171.56,Delivered,5,6
11037,2026-01-08,C01104,Córdoba,SMB,Website,Office,Toner cartridge,2,67.66,135.32,82.56,Delivered,3,2
11038,2026-01-08,C00007,Cuyo,SMB,Sales rep,Office,Ergonomic chair,3,215.11,645.33,384.63,Delivered,3,2
11039,2026-01-08,C00539,Córdoba,Consumer,Website,Cleaning,Paper towels x12,2,21.02,42.04,26.26,Delivered,5,1
11040,2026-01-09,C00106,Cuyo,SMB,Marketplace,Cleaning,Paper towels x12,3,21.35,64.05,39.77,Delivered,5,4
11041,2026-01-09,C00014,Cuyo,SMB,Website,Tech,Wireless mouse,5,20.88,104.4,69.41,Delivered,5,3
11042,2026-01-09,C00004,Cuyo,Consumer,Marketplace,Tech,USB-C dock,6,113.79,682.74,396.59,Delivered,5,5
11043,2026-01-09,C01589,Patagonia,Enterprise,Website,Office,Toner cartridge,7,68.35,478.45,266.45,Delivered,2,1
11044,2026-01-09,C01372,NOA,Consumer,Sales rep,Tech,Wireless mouse,6,21.1,126.6,88.98,Delivered,5,4
11045,2026-01-09,C00075,Cuyo,SMB,Website,Tech,Wireless mouse,1,21.17,21.17,13.3,Delivered,5,5
11046,2026-01-09,C01874,Buenos Aires,Consumer,Marketplace,Cleaning,Disinfectant 5L,4,13.92,55.68,34.55,Delivered,3,3
11047,2026-01-09,C00094,Buenos Aires,SMB,Sales rep,Office,Paper A4 box,6,16.82,100.92,65.94,Delivered,2,1
11048,2026-01-09,C00001,Cuyo,SMB,Marketplace,Office,Paper A4 box,1,18.4,18.4,10.92,Delivered,5,4
11049,2026-01-09,C01352,Córdoba,SMB,Marketplace,Office,Ergonomic chair,1,223.31,223.31,129.83,Delivered,2,1
11050,2026-01-09,C00002,Buenos Aires,SMB,Marketplace,Cleaning,Disinfectant 5L,3,14.65,43.95,25.96,Delivered,5,3
11051,2026-01-09,C00001,Cuyo,SMB,Website,Cleaning,Paper towels x12,1,20.25,20.25,12.37,Delivered,3,4
11052,2026-01-09,C01771,Patagonia,Enterprise,Marketplace,Office,Paper A4 box,6,17.79,106.74,73.39,Delivered,2,3
11053,2026-01-09,C01130,Cuyo,SMB,Website,Office,Ergonomic chair,4,195.11,780.44,529.32,Delivered,2,1
11054,2026-01-09,C00824,Córdoba,SMB,Website,Cleaning,Paper towels x12,7,22.21,155.47,88.51,Delivered,5,5
11055,2026-01-09,C00011,Buenos Aires,Enterprise,Sales rep,Cleaning,Disinfectant 5L,1,13.87,13.87,8.83,Delivered,2,1
11056,2026-01-09,C00140,Córdoba,Consumer,Marketplace,Office,Paper A4 box,1,19.25,19.25,10.05,Delivered,2,2
11057,2026-01-09,C00046,Córdoba,SMB,Sales rep,Office,Toner cartridge,2,62.34,124.68,76.41,Delivered,3,1
11058,2026-01-09,C01620,NOA,SMB,Website,Cleaning,Disinfectant 5L,5,14.6,73.0,48.49,Cancelled,5,2
11059,2026-01-09,C02807,Cuyo,SMB,Website,Tech,USB-C dock,5,122.06,610.3,339.48,Delivered,2,1
11060,2026-01-10,C00004,Cuyo,Consumer,Website,Tech,USB-C dock,7,122.39,856.73,549.51,Delivered,3,3
11061,2026-01-10,C00001,Cuyo,SMB,Website,Tech,Wireless mouse,2,22.63,45.26,27.46,Delivered,3,4
11062,2026-01-10,C03785,Cuyo,Consumer,Sales rep,Tech,USB-C dock,3,112.98,338.94,222.87,Delivered,3,4
11063,2026-01-10,C00005,Cuyo,SMB,Website,Office,Paper A4 box,1,17.98,17.98,11.41,Delivered,2,1
11064,2026-01-10,C00134,Buenos Aires,Consumer,Website,Tech,Wireless mouse,2,21.4,42.8,28.05,Delivered,3,2
11065,2026-01-10,C01997,Buenos Aires,SMB,Website,Tech,Wireless mouse,2,23.21,46.42,28.6,Delivered,2,1
11066,2026-01-10,C00001,Cuyo,SMB,Website,Office,Toner cartridge,5,64.32,321.6,176.01,Delivered,2,1
11067,2026-01-10,C00001,Cuyo,SMB,Sales rep,Office,Toner cartridge,2,65.44,130.88,81.98,Delivered,3,2
11068,2026-01-11,C01286,Cuyo,SMB,Marketplace,Tech,USB-C dock,2,125.13,250.26,136.56,Delivered,5,6
11069,2026-01-11,C00311,Cuyo,Enterprise,Website,Tech,Wireless mouse,5,20.25,101.25,70.92,Delivered,2,3
11070,2026-01-11,C00697,Cuyo,SMB,Website,Cleaning,Paper towels x12,6,19.77,118.62,86.39,Delivered,2,3
11071,2026-01-11,C00402,Córdoba,SMB,Marketplace,Cleaning,Paper towels x12,6,19.38,116.28,87.01,Delivered,3,3
11072,2026-01-11,C00005,Cuyo,SMB,Website,Office,Ergonomic chair,3,207.39,622.17,440.61,Delivered,2,2
11073,2026-01-11,C02026,Buenos Aires,SMB,Website,Cleaning,Paper towels x12,1,19.95,19.95,12.13,Delivered,2,1
11074,2026-01-11,C01298,Cuyo,Consumer,Website,Office,Ergonomic chair,2,223.89,447.78,275.8,Delivered,3,3
11075,2026-01-11,C00018,Buenos Aires,SMB,Website,Tech,USB-C dock,6,114.03,684.18,433.4,Delivered,5,2
11076,2026-01-12,C00144,Patagonia,Consumer,Marketplace,Office,Paper A4 box,3,18.21,54.63,36.25,Delivered,5,5
11077,2026-01-12,C02645,Cuyo,SMB,Sales rep,Cleaning,Paper towels x12,1,20.02,20.02,13.53,Delivered,3,2
11078,2026-01-12,C00002,Buenos Aires,SMB,Website,Office,Toner cartridge,3,68.96,206.88,121.16,Delivered,5,5
11079,2026-01-12,C00031,Buenos Aires,SMB,Website,Office,Ergonomic chair,1,217.88,217.88,128.75,Delivered,2,2
11080,2026-01-12,C00326,Patagonia,SMB,Marketplace,Tech,27in monitor,7,247.81,1734.67,959.43,Delivered,2,3
11081,2026-01-12,C00425,Buenos Aires,Consumer,Website,Cleaning,Disinfectant 5L,7,16.14,112.98,71.98,Delivered,5,5
11082,2026-01-12,C00085,Buenos Aires,Enterprise,Marketplace,Tech,USB-C dock,4,113.69,454.76,292.36,Delivered,2,2
11083,2026-01-12,C00107,Buenos Aires,Consumer,Sales rep,Cleaning,Disinfectant 5L,3,16.11,48.33,31.01,Delivered,5,4
11084,2026-01-12,C00004,Cuyo,Consumer,Website,Cleaning,Paper towels x12,2,22.38,44.76,26.67,Returned,3,2
11085,2026-01-12,C02148,NOA,Consumer,Marketplace,Office,Paper A4 box,1,17.67,17.67,11.28,Delivered,3,3
11086,2026-01-12,C00444,Buenos Aires,Consumer,Sales rep,Office,Ergonomic chair,6,203.18,1219.08,705.6,Delivered,3,3
11087,2026-01-12,C00086,Buenos Aires,Enterprise,Marketplace,Tech,27in monitor,6,245.29,1471.74,886.63,Delivered,5,4
11088,2026-01-12,C00407,Córdoba,Consumer,Website,Cleaning,Paper towels x12,6,21.75,130.5,71.95,Delivered,2,1
11089,2026-01-12,C01313,Córdoba,SMB,Website,Tech,USB-C dock,2,115.39,230.78,148.47,Delivered,2,1
11090,2026-01-12,C00069,Patagonia,SMB,Sales rep,Cleaning,Disinfectant 5L,4,15.81,63.24,34.36,Delivered,5,5
11091,2026-01-13,C00050,NOA,Consumer,Marketplace,Office,Paper A4 box,2,17.64,35.28,20.61,Delivered,5,4
11092,2026-01-13,C00122,Cuyo,Enterprise,Website,Cleaning,Disinfectant 5L,1,15.66,15.66,9.86,Delivered,3,1
11093,2026-01-13,C00015,Cuyo,Consumer,Marketplace,Tech,27in monitor,7,237.85,1664.95,1169.62,Delivered,2,1
11094,2026-01-13,C02122,Buenos Aires,SMB,Sales rep,Office,Paper A4 box,4,18.9,75.6,44.82,Delivered,5,5
11095,2026-01-13,C01385,Córdoba,Consumer,Sales rep,Cleaning,Paper towels x12,1,21.11,21.11,11.57,Delivered,2,2
11096,2026-01-13,C00001,Cuyo,SMB,Website,Tech,Wireless mouse,2,21.11,42.22,25.73,Delivered,5,5
11097,2026-01-13,C00003,Córdoba,Consumer,Marketplace,Office,Paper A4 box,2,18.44,36.88,20.04,Delivered,2,1
11098,2026-01-13,C00001,Cuyo,SMB,Website,Office,Ergonomic chair,3,206.33,618.99,393.68,Delivered,5,5
11099,2026-01-13,C00005,Cuyo,SMB,Marketplace,Tech,27in monitor,3,232.69,698.07,460.22,Delivered,3,1
11100,2026-01-13,C00663,Buenos Aires,SMB,Website,Tech,USB-C dock,5,116.32,581.6,400.84,Delivered,3,1
11101,2026-01-13,C00003,Córdoba,Consumer,Website,Office,Toner cartridge,5,67.7,338.5,201.38,Delivered,3,2
11102,2026-01-13,C00940,NOA,Consumer,Sales rep,Tech,27in monitor,7,247.09,1729.63,977.14,Delivered,5,5
11103,2026-01-13,C00004,Cuyo,Consumer,Sales rep,Cleaning,Paper towels x12,2,20.11,40.22,25.01,Delivered,2,3
11104,2026-01-13,C00001,Cuyo,SMB,Website,Tech,27in monitor,3,228.82,686.46,450.7,Delivered,3,2
11105,2026-01-13,C00002,Buenos Aires,SMB,Website,Office,Ergonomic chair,6,223.57,1341.42,722.41,Delivered,2,1
11106,2026-01-13,C00264,Cuyo,SMB,Sales rep,Office,Ergonomic chair,2,199.81,399.62,293.96,Delivered,3,3
11107,2026-01-14,C02648,Buenos Aires,Enterprise,Website,Office,Paper A4 box,7,19.2,134.4,86.39,Delivered,2,1
11108,2026-01-14,C00020,Buenos Aires,SMB,Sales rep,Office,Ergonomic chair,6,223.48,1340.88,730.04,Delivered,2,2
11109,2026-01-14,C00001,Cuyo,SMB,Website,Cleaning,Paper towels x12,7,20.42,142.94,94.56,Delivered,2,2
11110,2026-01-14,C00041,Cuyo,Consumer,Marketplace,Tech,27in monitor,3,248.44,745.32,471.86,Delivered,2,1
11111,2026-01-14,C00128,Cuyo,SMB,Marketplace,Tech,27in monitor,7,236.33,1654.31,1135.58,Delivered,5,5
11112,2026-01-14,C03039,Patagonia,Enterprise,Sales rep,Cleaning,Paper towels x12,7,20.89,146.23,81.09,Delivered,5,4
11113,2026-01-14,C00001,Cuyo,SMB,Marketplace,Tech,USB-C dock,4,125.4,501.6,301.84,Delivered,3,3
11114,2026-01-14,C01100,Cuyo,SMB,Sales rep,Tech,Wireless mouse,7,21.21,148.47,87.01,Delivered,2,1
11115,2026-01-14,C00001,Cuyo,SMB,Website,Cleaning,Disinfectant 5L,1,15.53,15.53,9.45,Delivered,5,5
11116,2026-01-14,C00017,Córdoba,Enterprise,Website,Cleaning,Paper towels x12,2,20.73,41.46,28.67,Delivered,5,4
11117,2026-01-15,C03264,Córdoba,SMB,Website,Office,Paper A4 box,3,17.52,52.56,33.87,Delivered,3,3
11118,2026-01-15,C00214,Patagonia,Consumer,Website,Tech,USB-C dock,6,112.42,674.52,413.93,Delivered,5,3
11119,2026-01-15,C00002,Buenos Aires,SMB,Marketplace,Tech,27in monitor,2,236.68,473.36,288.06,Delivered,5,4
11120,2026-01-15,C00232,Buenos Aires,Enterprise,Sales rep,Tech,Wireless mouse,3,23.58,70.74,43.1,Delivered,5,5
11121,2026-01-15,C02986,Patagonia,SMB,Website,Cleaning,Disinfectant 5L,7,15.58,109.06,58.69,Delivered,3,3
11122,2026-01-15,C00002,Buenos Aires,SMB,Website,Office,Toner cartridge,3,64.25,192.75,130.92,Delivered,5,4
11123,2026-01-15,C00015,Cuyo,Consumer,Sales rep,Tech,Wireless mouse,5,21.58,107.9,72.2,Delivered,3,3
11124,2026-01-15,C00075,Cuyo,SMB,Website,Tech,Wireless mouse,4,23.25,93.0,51.03,Delivered,2,1
11125,2026-01-15,C00001,Cuyo,SMB,Sales rep,Office,Ergonomic chair,7,226.04,1582.28,975.09,Delivered,2,1
11126,2026-01-15,C03609,Buenos Aires,Consumer,Marketplace,Cleaning,Paper towels x12,4,19.5,78.0,46.38,Delivered,3,2
11127,2026-01-15,C00006,NOA,Enterprise,Website,Office,Toner cartridge,4,67.59,270.36,168.17,Returned,5,5
11128,2026-01-15,C03186,Córdoba,SMB,Marketplace,Cleaning,Disinfectant 5L,5,14.46,72.3,48.21,Delivered,2,1
11129,2026-01-15,C00002,Buenos Aires,SMB,Marketplace,Cleaning,Paper towels x12,1,22.07,22.07,12.5,Delivered,2,2
11130,2026-01-15,C03989,NOA,SMB,Marketplace,Office,Toner cartridge,6,66.22,397.32,230.55,Delivered,2,1
11131,2026-01-15,C00019,Patagonia,Consumer,Sales rep,Cleaning,Paper towels x12,7,22.44,157.08,82.27,Delivered,2,4
11132,2026-01-15,C00002,Buenos Aires,SMB,Marketplace,Office,Toner cartridge,7,69.02,483.14,280.33,Delivered,3,2
11133,2026-01-15,C01003,Cuyo,SMB,Marketplace,Tech,Wireless mouse,4,20.46,81.84,49.83,Delivered,3,3
11134,2026-01-15,C00001,Cuyo,SMB,Sales rep,Office,Toner cartridge,1,62.92,62.92,43.26,Delivered,5,5
11135,2026-01-15,C00033,Cuyo,SMB,Marketplace,Tech,Wireless mouse,5,20.85,104.25,73.03,Delivered,2,1
11136,2026-01-15,C00045,NOA,SMB,Sales rep,Cleaning,Paper towels x12,6,19.93,119.58,87.7,Returned,3,2
11137,2026-01-16,C01446,Córdoba,Consumer,Website,Tech,USB-C dock,2,129.31,258.62,139.11,Delivered,2,1
11138,2026-01-16,C00597,Córdoba,Consumer,Sales rep,Cleaning,Paper towels x12,5,20.13,100.65,61.4,Delivered,2,4
11139,2026-01-16,C02065,Cuyo,SMB,Sales rep,Cleaning,Paper towels x12,4,21.84,87.36,51.84,Delivered,3,1
11140,2026-01-16,C02251,NOA,Consumer,Website,Cleaning,Disinfectant 5L,6,14.33,85.98,62.99,Delivered,2,1
11141,2026-01-16,C03722,NOA,Consumer,Marketplace,Office,Toner cartridge,3,59.94,179.82,111.47,Delivered,5,5
11142,2026-01-16,C02358,NOA,SMB,Website,Office,Ergonomic chair,2,198.94,397.88,280.35,Delivered,3,3
11143,2026-01-16,C00112,Buenos Aires,SMB,Sales rep,Office,Paper A4 box,7,17.82,124.74,86.17,Delivered,5,6
11144,2026-01-16,C00059,Cuyo,Consumer,Website,Cleaning,Disinfectant 5L,5,15.78,78.9,47.49,Delivered,2,1
11145,2026-01-16,C00005,Cuyo,SMB,Sales rep,Office,Toner cartridge,7,60.59,424.13,290.86,Delivered,5,6
11146,2026-01-17,C00256,Buenos Aires,Consumer,Website,Tech,Wireless mouse,7,20.95,146.65,91.0,Delivered,2,1
11147,2026-01-17,C00641,Cuyo,Enterprise,Marketplace,Cleaning,Disinfectant 5L,7,15.81,110.67,62.64,Delivered,5,4
11148,2026-01-18,C00639,Córdoba,SMB,Website,Tech,USB-C dock,7,119.14,833.98,526.03,Delivered,5,4
11149,2026-01-18,C00633,Cuyo,SMB,Website,Tech,27in monitor,4,263.77,1055.08,560.14,Delivered,5,4
11150,2026-01-18,C00003,Córdoba,Consumer,Marketplace,Tech,27in monitor,2,262.62,525.24,273.14,Delivered,5,4
11151,2026-01-18,C00327,Buenos Aires,Consumer,Sales rep,Tech,Wireless mouse,3,23.14,69.42,41.66,Delivered,2,1
11152,2026-01-18,C00009,NOA,Consumer,Sales rep,Office,Ergonomic chair,6,220.44,1322.64,783.13,Cancelled,2,2
11153,2026-01-18,C00024,Buenos Aires,SMB,Sales rep,Tech,Wireless mouse,5,21.64,108.2,73.16,Delivered,5,3
11154,2026-01-18,C00082,NOA,SMB,Marketplace,Office,Ergonomic chair,4,214.08,856.32,577.37,Returned,2,1
11155,2026-01-18,C03940,Buenos Aires,Enterprise,Marketplace,Office,Ergonomic chair,3,221.72,665.16,397.37,Returned,5,4
11156,2026-01-18,C00040,Cuyo,Consumer,Website,Tech,Wireless mouse,1,20.9,20.9,12.93,Delivered,2,2
11157,2026-01-18,C00004,Cuyo,Consumer,Website,Cleaning,Paper towels x12,4,21.66,86.64,47.6,Cancelled,2,1
11158,2026-01-19,C00070,Cuyo,Consumer,Website,Tech,27in monitor,6,258.17,1549.02,819.49,Delivered,5,5
11159,2026-01-19,C00001,Cuyo,SMB,Website,Cleaning,Paper towels x12,5,21.19,105.95,69.21,Delivered,5,6
11160,2026-01-19,C00001,Cuyo,SMB,Website,Tech,Wireless mouse,6,22.43,134.58,89.92,Delivered,5,2
11161,2026-01-19,C03247,Buenos Aires,SMB,Website,Tech,Wireless mouse,1,23.54,23.54,15.27,Delivered,5,5
11162,2026-01-19,C00826,Cuyo,Consumer,Marketplace,Office,Paper A4 box,1,16.68,16.68,11.26,Delivered,5,4
11163,2026-01-19,C00181,Buenos Aires,SMB,Sales rep,Tech,27in monitor,5,235.63,1178.15,782.86,Delivered,2,2
11164,2026-01-19,C00016,Córdoba,Consumer,Sales rep,Office,Ergonomic chair,3,194.35,583.05,438.21,Delivered,3,1
11165,2026-01-19,C00005,Cuyo,SMB,Sales rep,Office,Toner cartridge,3,62.57,187.71,117.37,Delivered,3,4
11166,2026-01-19,C00311,Cuyo,Enterprise,Website,Office,Ergonomic chair,6,210.92,1265.52,856.2,Delivered,2,1
11167,2026-01-19,C02014,Córdoba,Consumer,Marketplace,Cleaning,Paper towels x12,5,21.61,108.05,64.15,Delivered,2,1
11168,2026-01-19,C00523,Buenos Aires,SMB,Website,Tech,USB-C dock,3,117.62,352.86,241.99,Delivered,5,3
11169,2026-01-20,C01320,Buenos Aires,SMB,Marketplace,Cleaning,Paper towels x12,1,19.75,19.75,11.97,Delivered,3,2
11170,2026-01-20,C00004,Cuyo,Consumer,Website,Tech,27in monitor,2,239.45,478.9,278.1,Delivered,3,3
11171,2026-01-20,C00062,Patagonia,Consumer,Marketplace,Office,Paper A4 box,4,17.02,68.08,40.02,Delivered,2,2
11172,2026-01-20,C00001,Cuyo,SMB,Marketplace,Office,Paper A4 box,4,17.32,69.28,40.55,Delivered,3,2
11173,2026-01-20,C00016,Córdoba,Consumer,Website,Tech,USB-C dock,2,119.55,239.1,137.19,Delivered,5,5
11174,2026-01-20,C00283,Buenos Aires,Consumer,Sales rep,Office,Toner cartridge,5,67.89,339.45,200.31,Delivered,2,1
11175,2026-01-20,C00137,Córdoba,Enterprise,Website,Tech,27in monitor,4,263.03,1052.12,570.56,Delivered,2,1
11176,2026-01-20,C00585,Cuyo,Enterprise,Website,Tech,27in monitor,2,261.18,522.36,286.46,Delivered,5,5
11177,2026-01-20,C00018,Buenos Aires,SMB,Website,Tech,USB-C dock,7,119.76,838.32,562.44,Delivered,2,2
11178,2026-01-20,C03261,Patagonia,Enterprise,Marketplace,Cleaning,Paper towels x12,6,20.94,125.64,79.83,Delivered,2,5
11179,2026-01-21,C00131,NOA,Consumer,Website,Office,Paper A4 box,6,18.08,108.48,63.69,Delivered,5,6
11180,2026-01-21,C00466,Cuyo,SMB,Website,Tech,USB-C dock,4,118.97,475.88,281.14,Delivered,3,4
11181,2026-01-21,C00001,Cuyo,SMB,Website,Office,Toner cartridge,5,67.79,338.95,184.49,Delivered,5,4
11182,2026-01-21,C00004,Cuyo,Consumer,Website,Office,Paper A4 box,4,17.81,71.24,43.41,Delivered,3,2
11183,2026-01-21,C00801,Cuyo,Enterprise,Marketplace,Office,Paper A4 box,6,18.76,112.56,64.0,Delivered,3,1
11184,2026-01-21,C03281,Cuyo,Consumer,Marketplace,Office,Toner cartridge,6,62.59,375.54,233.25,Delivered,3,3
11185,2026-01-21,C00003,Córdoba,Consumer,Website,Office,Toner cartridge,4,66.96,267.84,159.43,Delivered,2,1
11186,2026-01-21,C01969,Buenos Aires,Consumer,Website,Office,Paper A4 box,5,18.33,91.65,56.59,Delivered,2,2
11187,2026-01-21,C00082,NOA,SMB,Sales rep,Tech,27in monitor,6,260.65,1563.9,870.76,Delivered,5,1
11188,2026-01-21,C01160,Córdoba,SMB,Sales rep,Office,Paper A4 box,1,19.13,19.13,11.37,Delivered,3,4
11189,2026-01-21,C03144,NOA,Consumer,Sales rep,Tech,27in monitor,7,264.13,1848.91,961.61,Delivered,3,1
11190,2026-01-21,C00046,Córdoba,SMB,Marketplace,Cleaning,Disinfectant 5L,6,15.68,94.08,58.8,Delivered,5,4
11191,2026-01-21,C00803,Cuyo,SMB,Website,Tech,USB-C dock,5,124.78,623.9,336.76,Delivered,5,3
11192,2026-01-22,C01439,NOA,SMB,Marketplace,Office,Ergonomic chair,2,217.42,434.84,284.6,Returned,2,2
11193,2026-01-22,C00231,Córdoba,SMB,Website,Cleaning,Paper towels x12,7,21.92,153.44,97.13,Delivered,5,4
11194,2026-01-22,C00016,Córdoba,Consumer,Website,Tech,USB-C dock,6,114.13,684.78,468.55,Delivered,2,1
11195,2026-01-22,C00006,NOA,Enterprise,Marketplace,Cleaning,Disinfectant 5L,2,14.22,28.44,17.34,Delivered,3,2
11196,2026-01-22,C00058,Buenos Aires,SMB,Sales rep,Office,Toner cartridge,5,65.88,329.4,196.77,Delivered,5,5
11197,2026-01-22,C00036,Cuyo,Consumer,Sales rep,Office,Paper A4 box,7,17.12,119.84,85.65,Delivered,5,6
11198,2026-01-22,C00221,NOA,Consumer,Marketplace,Tech,27in monitor,1,240.04,240.04,140.85,Delivered,2,4
11199,2026-01-22,C00050,NOA,Consumer,Sales rep,Cleaning,Paper towels x12,4,21.32,85.28,55.07,Delivered,3,1
11200,2026-01-22,C02310,Cuyo,Consumer,Sales rep,Cleaning,Paper towels x12,7,21.84,152.88,97.19,Delivered,2,2
11201,2026-01-22,C00260,Córdoba,SMB,Website,Cleaning,Disinfectant 5L,2,14.11,28.22,16.61,Delivered,3,4
11202,2026-01-22,C00048,Cuyo,Consumer,Website,Tech,Wireless mouse,7,21.28,148.96,95.32,Delivered,2,3
11203,2026-01-23,C00421,Córdoba,Consumer,Sales rep,Office,Toner cartridge,4,59.27,237.08,144.15,Delivered,3,2
11204,2026-01-23,C01489,Buenos Aires,Enterprise,Website,Office,Ergonomic chair,1,208.33,208.33,120.31,Delivered,3,3
11205,2026-01-23,C00002,Buenos Aires,SMB,Website,Office,Toner cartridge,6,64.81,388.86,238.99,Delivered,2,1
11206,2026-01-23,C00005,Cuyo,SMB,Marketplace,Tech,USB-C dock,7,114.71,802.97,539.91,Delivered,2,2
11207,2026-01-23,C00007,Cuyo,SMB,Marketplace,Tech,27in monitor,5,257.59,1287.95,849.61,Delivered,2,1
11208,2026-01-23,C03157,Córdoba,SMB,Marketplace,Cleaning,Paper towels x12,6,20.69,124.14,71.48,Delivered,3,2
11209,2026-01-23,C00005,Cuyo,SMB,Sales rep,Office,Paper A4 box,3,17.87,53.61,34.06,Delivered,5,3
11210,2026-01-23,C00123,Buenos Aires,Consumer,Sales rep,Office,Paper A4 box,4,16.96,67.84,48.93,Delivered,3,3
11211,2026-01-23,C00108,Cuyo,SMB,Website,Tech,Wireless mouse,6,22.35,134.1,84.49,Delivered,2,1
11212,2026-01-23,C00049,Cuyo,SMB,Website,Office,Toner cartridge,1,65.59,65.59,40.34,Delivered,5,5
11213,2026-01-23,C00135,NOA,SMB,Sales rep,Tech,Wireless mouse,1,21.72,21.72,13.78,Delivered,2,1
11214,2026-01-23,C02168,Cuyo,Enterprise,Sales rep,Cleaning,Paper towels x12,2,21.04,42.08,25.7,Delivered,2,1
11215,2026-01-23,C00009,NOA,Consumer,Website,Cleaning,Disinfectant 5L,3,15.2,45.6,28.92,Delivered,5,3
11216,2026-01-23,C00108,Cuyo,SMB,Website,Tech,Wireless mouse,3,23.41,70.23,45.49,Delivered,5,4
11217,2026-01-23,C00339,Buenos Aires,SMB,Website,Tech,27in monitor,6,255.94,1535.64,1015.12,Delivered,5,4
11218,2026-01-24,C02869,Cuyo,Consumer,Sales rep,Cleaning,Paper towels x12,4,21.23,84.92,54.21,Delivered,3,1
11219,2026-01-24,C00001,Cuyo,SMB,Marketplace,Office,Toner cartridge,5,69.1,345.5,212.07,Delivered,2,1
11220,2026-01-24,C00006,NOA,Enterprise,Website,Cleaning,Disinfectant 5L,4,14.72,58.88,39.66,Delivered,5,4
11221,2026-01-24,C00091,Cuyo,Consumer,Sales rep,Cleaning,Paper towels x12,3,22.33,66.99,43.47,Delivered,2,1
11222,2026-01-24,C00879,NOA,SMB,Marketplace,Cleaning,Paper towels x12,1,21.57,21.57,11.63,Delivered,3,2
11223,2026-01-24,C00218,Buenos Aires,Consumer,Sales rep,Cleaning,Disinfectant 5L,1,15.52,15.52,9.36,Delivered,3,1
11224,2026-01-24,C00025,Buenos Aires,SMB,Website,Tech,Wireless mouse,3,20.82,62.46,45.56,Delivered,2,1
11225,2026-01-24,C00002,Buenos Aires,SMB,Marketplace,Cleaning,Disinfectant 5L,5,15.19,75.95,42.34,Delivered,5,4
11226,2026-01-24,C01051,Cuyo,Consumer,Sales rep,Cleaning,Disinfectant 5L,3,15.82,47.46,26.21,Cancelled,2,2
11227,2026-01-24,C00252,Patagonia,SMB,Sales rep,Cleaning,Paper towels x12,3,20.98,62.94,36.46,Delivered,2,1
11228,2026-01-24,C03034,Cuyo,SMB,Marketplace,Cleaning,Paper towels x12,6,20.71,124.26,86.96,Delivered,5,3
11229,2026-01-24,C00006,NOA,Enterprise,Sales rep,Cleaning,Paper towels x12,1,21.04,21.04,12.08,Delivered,3,2
11230,2026-01-25,C00633,Cuyo,SMB,Website,Office,Paper A4 box,5,17.58,87.9,53.03,Delivered,5,4
11231,2026-01-25,C00008,Cuyo,SMB,Website,Cleaning,Paper towels x12,6,19.9,119.4,86.66,Delivered,2,1
11232,2026-01-25,C02229,NOA,Consumer,Marketplace,Tech,USB-C dock,5,119.35,596.75,388.21,Delivered,5,6
11233,2026-01-25,C00022,Cuyo,SMB,Website,Cleaning,Disinfectant 5L,2,14.21,28.42,18.52,Delivered,2,2
11234,2026-01-25,C00001,Cuyo,SMB,Sales rep,Tech,27in monitor,6,255.97,1535.82,971.12,Delivered,5,5
11235,2026-01-25,C01511,Cuyo,SMB,Sales rep,Tech,Wireless mouse,3,23.67,71.01,37.27,Delivered,3,2
11236,2026-01-25,C01194,Buenos Aires,Consumer,Website,Office,Paper A4 box,4,19.0,76.0,45.73,Delivered,3,3
11237,2026-01-25,C00016,Córdoba,Consumer,Sales rep,Cleaning,Paper towels x12,5,19.71,98.55,67.22,Delivered,2,2
11238,2026-01-26,C00033,Cuyo,SMB,Marketplace,Tech,27in monitor,2,249.16,498.32,314.85,Delivered,5,4
11239,2026-01-26,C02923,Buenos Aires,SMB,Marketplace,Office,Toner cartridge,3,60.39,181.17,121.31,Delivered,5,5
11240,2026-01-26,C00004,Cuyo,Consumer,Sales rep,Cleaning,Disinfectant 5L,7,14.89,104.23,69.17,Delivered,5,4
11241,2026-01-26,C00001,Cuyo,SMB,Website,Office,Toner cartridge,2,64.95,129.9,85.87,Delivered,5,3
11242,2026-01-26,C00004,Cuyo,Consumer,Marketplace,Office,Paper A4 box,7,19.4,135.8,87.26,Delivered,2,1
11243,2026-01-26,C00007,Cuyo,SMB,Website,Cleaning,Paper towels x12,3,20.75,62.25,41.12,Delivered,3,2
11244,2026-01-26,C01778,Buenos Aires,Consumer,Sales rep,Cleaning,Disinfectant 5L,1,14.93,14.93,9.35,Delivered,2,3
11245,2026-01-26,C00167,Cuyo,Consumer,Sales rep,Office,Paper A4 box,6,17.58,105.48,66.25,Delivered,2,1
11246,2026-01-26,C00039,NOA,SMB,Sales rep,Tech,USB-C dock,6,123.63,741.78,496.85,Delivered,2,1
11247,2026-01-26,C01300,Cuyo,SMB,Website,Cleaning,Disinfectant 5L,4,15.3,61.2,35.52,Delivered,2,3
11248,2026-01-26,C00001,Cuyo,SMB,Marketplace,Cleaning,Disinfectant 5L,2,15.66,31.32,20.9,Delivered,5,5
11249,2026-01-26,C00001,Cuyo,SMB,Website,Tech,27in monitor,2,243.86,487.72,290.57,Delivered,3,1
11250,2026-01-26,C00211,Buenos Aires,Enterprise,Website,Tech,USB-C dock,7,118.85,831.95,573.31,Delivered,3,3
11251,2026-01-26,C00406,Buenos Aires,Consumer,Marketplace,Office,Ergonomic chair,6,202.76,1216.56,717.53,Delivered,5,3
11252,2026-01-26,C01378,Buenos Aires,SMB,Marketplace,Office,Paper A4 box,1,19.31,19.31,12.55,Delivered,5,3
11253,2026-01-26,C00232,Buenos Aires,Enterprise,Website,Office,Ergonomic chair,7,223.51,1564.57,1005.05,Delivered,5,6
11254,2026-01-26,C00121,Cuyo,Consumer,Sales rep,Tech,27in monitor,5,241.22,1206.1,770.83,Delivered,5,6
11255,2026-01-27,C00294,NOA,SMB,Marketplace,Cleaning,Disinfectant 5L,6,15.4,92.4,54.99,Delivered,3,3
11256,2026-01-27,C00005,Cuyo,SMB,Marketplace,Cleaning,Paper towels x12,6,21.45,128.7,75.82,Delivered,3,3
11257,2026-01-27,C00006,NOA,Enterprise,Website,Tech,Wireless mouse,2,23.0,46.0,24.33,Delivered,2,1
11258,2026-01-27,C00054,Cuyo,Consumer,Sales rep,Tech,27in monitor,5,228.97,1144.85,760.6,Returned,2,1
11259,2026-01-27,C00001,Cuyo,SMB,Marketplace,Cleaning,Paper towels x12,1,21.15,21.15,13.1,Delivered,3,2
11260,2026-01-27,C02464,Patagonia,Enterprise,Website,Office,Paper A4 box,4,17.25,69.0,46.87,Delivered,5,3
11261,2026-01-27,C00885,Cuyo,SMB,Sales rep,Office,Ergonomic chair,4,218.75,875.0,463.64,Returned,5,4
11262,2026-01-27,C00227,Buenos Aires,Enterprise,Website,Cleaning,Paper towels x12,6,19.69,118.14,72.11,Delivered,5,2
11263,2026-01-28,C00001,Cuyo,SMB,Marketplace,Tech,Wireless mouse,2,20.31,40.62,26.94,Delivered,3,4
11264,2026-01-28,C00009,NOA,Consumer,Website,Tech,USB-C dock,1,110.77,110.77,70.95,Delivered,2,1
11265,2026-01-28,C00018,Buenos Aires,SMB,Website,Cleaning,Paper towels x12,4,19.38,77.52,58.29,Delivered,3,1
11266,2026-01-28,C01057,Buenos Aires,Consumer,Marketplace,Cleaning,Paper towels x12,5,21.48,107.4,62.39,Delivered,5,5
11267,2026-01-28,C00006,NOA,Enterprise,Website,Office,Ergonomic chair,5,217.4,1087.0,732.38,Delivered,5,5
11268,2026-01-28,C00005,Cuyo,SMB,Marketplace,Cleaning,Disinfectant 5L,3,14.68,44.04,29.16,Delivered,3,3
11269,2026-01-28,C00027,Cuyo,SMB,Sales rep,Tech,USB-C dock,1,117.45,117.45,79.76,Delivered,5,3
11270,2026-01-28,C00021,NOA,SMB,Marketplace,Cleaning,Disinfectant 5L,6,16.04,96.24,52.01,Cancelled,5,6
11271,2026-01-28,C00157,Cuyo,SMB,Website,Office,Paper A4 box,3,16.88,50.64,35.92,Delivered,5,4
11272,2026-01-28,C00008,Cuyo,SMB,Website,Office,Toner cartridge,1,63.88,63.88,41.6,Delivered,3,1
11273,2026-01-28,C00882,NOA,Consumer,Website,Cleaning,Disinfectant 5L,7,14.75,103.25,65.64,Delivered,2,1
11274,2026-01-29,C00001,Cuyo,SMB,Marketplace,Tech,27in monitor,7,254.16,1779.12,1167.72,Delivered,3,3
11275,2026-01-29,C00022,Cuyo,SMB,Marketplace,Tech,Wireless mouse,3,20.83,62.49,43.85,Delivered,3,4
11276,2026-01-29,C00096,Córdoba,Consumer,Sales rep,Cleaning,Paper towels x12,7,21.73,152.11,90.81,Delivered,2,1
11277,2026-01-29,C03218,Patagonia,Enterprise,Website,Office,Ergonomic chair,6,226.73,1360.38,879.32,Delivered,2,2
11278,2026-01-29,C02094,Patagonia,SMB,Website,Cleaning,Paper towels x12,5,22.27,111.35,60.54,Delivered,3,1
11279,2026-01-29,C00003,Córdoba,Consumer,Marketplace,Tech,USB-C dock,3,118.56,355.68,251.33,Delivered,5,5
11280,2026-01-29,C00301,Cuyo,Consumer,Marketplace,Tech,Wireless mouse,5,21.42,107.1,60.97,Delivered,3,1
11281,2026-01-29,C03984,Córdoba,SMB,Marketplace,Tech,27in monitor,4,251.69,1006.76,577.34,Delivered,3,3
11282,2026-01-29,C00002,Buenos Aires,SMB,Sales rep,Tech,USB-C dock,3,128.17,384.51,209.27,Delivered,2,1
11283,2026-01-29,C00006,NOA,Enterprise,Marketplace,Cleaning,Disinfectant 5L,7,14.17,99.19,66.02,Delivered,5,4
11284,2026-01-29,C00208,Córdoba,Consumer,Website,Cleaning,Disinfectant 5L,6,14.78,88.68,50.52,Delivered,3,3
11285,2026-01-30,C00026,Buenos Aires,SMB,Website,Cleaning,Disinfectant 5L,5,14.31,71.55,52.3,Delivered,5,3
11286,2026-01-30,C01936,Cuyo,SMB,Marketplace,Tech,27in monitor,3,245.39,736.17,423.08,Delivered,5,3
11287,2026-01-30,C00001,Cuyo,SMB,Website,Office,Ergonomic chair,1,211.12,211.12,130.12,Delivered,2,3
11288,2026-01-30,C00832,Córdoba,Consumer,Marketplace,Tech,USB-C dock,5,123.28,616.4,413.31,Delivered,3,2
11289,2026-01-30,C00118,Cuyo,Consumer,Marketplace,Tech,USB-C dock,3,119.96,359.88,238.82,Returned,5,3
11290,2026-01-30,C00002,Buenos Aires,SMB,Marketplace,Office,Ergonomic chair,3,208.58,625.74,351.74,Delivered,2,1
11291,2026-01-30,C00069,Patagonia,SMB,Website,Cleaning,Paper towels x12,4,22.45,89.8,51.34,Delivered,3,4
11292,2026-01-30,C00850,Córdoba,Enterprise,Website,Office,Ergonomic chair,7,207.87,1455.09,887.95,Delivered,2,1
11293,2026-01-30,C00004,Cuyo,Consumer,Sales rep,Office,Paper A4 box,3,17.31,51.93,35.31,Cancelled,5,2
11294,2026-01-30,C00004,Cuyo,Consumer,Marketplace,Office,Ergonomic chair,5,201.93,1009.65,691.66,Delivered,5,5
11295,2026-01-30,C03301,Buenos Aires,Consumer,Marketplace,Tech,USB-C dock,6,118.32,709.92,430.04,Returned,2,2
11296,2026-01-30,C01598,NOA,SMB,Website,Office,Toner cartridge,5,63.42,317.1,204.79,Delivered,5,5
11297,2026-01-31,C00001,Cuyo,SMB,Website,Tech,Wireless mouse,7,23.42,163.94,88.07,Cancelled,3,2
11298,2026-01-31,C00024,Buenos Aires,SMB,Marketplace,Cleaning,Paper towels x12,3,20.65,61.95,38.8,Delivered,5,5
11299,2026-01-31,C02509,Patagonia,Enterprise,Sales rep,Office,Ergonomic chair,5,195.04,975.2,654.6,Delivered,2,1
11300,2026-01-31,C00003,Córdoba,Consumer,Sales rep,Office,Toner cartridge,6,64.17,385.02,257.13,Delivered,3,2
11301,2026-01-31,C00072,Cuyo,Enterprise,Website,Cleaning,Disinfectant 5L,2,14.78,29.56,18.69,Delivered,3,3
11302,2026-01-31,C01448,Buenos Aires,Consumer,Marketplace,Office,Ergonomic chair,1,214.13,214.13,133.82,Delivered,2,1
11303,2026-01-31,C00010,Córdoba,SMB,Website,Office,Toner cartridge,6,61.28,367.68,236.44,Delivered,3,2
11304,2026-01-31,C00052,Córdoba,Consumer,Sales rep,Office,Ergonomic chair,4,200.91,803.64,474.76,Delivered,2,2
11305,2026-01-31,C00140,Córdoba,Consumer,Website,Office,Ergonomic chair,2,207.97,415.94,242.86,Delivered,5,6
11306,2026-01-31,C00425,Buenos Aires,Consumer,Website,Office,Ergonomic chair,3,210.35,631.05,429.72,Delivered,2,1
11307,2026-01-31,C00786,Córdoba,SMB,Marketplace,Tech,USB-C dock,6,118.77,712.62,490.41,Delivered,2,3
11308,2026-01-31,C00050,NOA,Consumer,Website,Tech,Wireless mouse,6,21.27,127.62,87.21,Delivered,3,2
11309,2026-01-31,C00791,Buenos Aires,Enterprise,Marketplace,Office,Toner cartridge,7,58.95,412.65,255.79,Delivered,3,2
11310,2026-01-31,C00194,Patagonia,Consumer,Marketplace,Office,Ergonomic chair,1,210.07,210.07,140.52,Delivered,2,2
11311,2026-01-31,C00328,Cuyo,Enterprise,Website,Cleaning,Disinfectant 5L,5,15.96,79.8,42.22,Delivered,5,3
11312,2026-02-01,C01993,NOA,Enterprise,Marketplace,Office,Ergonomic chair,2,221.46,442.92,284.72,Delivered,5,3
11313,2026-02-01,C00092,Patagonia,SMB,Marketplace,Cleaning,Paper towels x12,1,20.61,20.61,12.32,Delivered,5,3
11314,2026-02-01,C00050,NOA,Consumer,Sales rep,Cleaning,Paper towels x12,3,20.61,61.83,39.26,Delivered,2,1
11315,2026-02-01,C00015,Cuyo,Consumer,Sales rep,Cleaning,Disinfectant 5L,4,15.25,61.0,37.33,Delivered,5,5
11316,2026-02-01,C00003,Córdoba,Consumer,Marketplace,Tech,USB-C dock,7,112.17,785.19,503.51,Delivered,2,1
11317,2026-02-02,C00258,Buenos Aires,SMB,Website,Tech,27in monitor,3,230.59,691.77,506.33,Delivered,3,4
11318,2026-02-02,C00031,Buenos Aires,SMB,Marketplace,Office,Ergonomic chair,2,210.93,421.86,268.63,Delivered,3,2
11319,2026-02-02,C01567,Buenos Aires,Consumer,Website,Office,Ergonomic chair,4,205.07,820.28,511.26,Delivered,2,1
11320,2026-02-02,C00007,Cuyo,SMB,Website,Office,Ergonomic chair,6,209.65,1257.9,767.73,Delivered,5,5
11321,2026-02-02,C00009,NOA,Consumer,Website,Office,Ergonomic chair,4,199.24,796.96,586.36,Delivered,5,7
11322,2026-02-02,C01832,Buenos Aires,SMB,Sales rep,Cleaning,Disinfectant 5L,6,14.38,86.28,50.11,Delivered,5,4
11323,2026-02-02,C00003,Córdoba,Consumer,Sales rep,Tech,USB-C dock,5,112.76,563.8,365.78,Delivered,5,4
11324,2026-02-02,C00357,Córdoba,SMB,Marketplace,Cleaning,Paper towels x12,5,22.44,112.2,71.72,Delivered,2,1
11325,2026-02-02,C00068,Buenos Aires,Consumer,Website,Cleaning,Disinfectant 5L,2,14.21,28.42,20.9,Delivered,2,2
11326,2026-02-02,C00001,Cuyo,SMB,Sales rep,Office,Paper A4 box,6,17.28,103.68,62.11,Delivered,5,2
11327,2026-02-02,C00001,Cuyo,SMB,Website,Tech,Wireless mouse,3,23.39,70.17,37.47,Delivered,5,4
11328,2026-02-02,C00007,Cuyo,SMB,Marketplace,Tech,Wireless mouse,1,22.22,22.22,12.34,Delivered,2,1
11329,2026-02-03,C00011,Buenos Aires,Enterprise,Marketplace,Tech,Wireless mouse,7,20.28,141.96,100.32,Delivered,5,4
11330,2026-02-03,C00001,Cuyo,SMB,Sales rep,Tech,USB-C dock,4,118.96,475.84,264.55,Delivered,3,3
11331,2026-02-03,C00716,Buenos Aires,Consumer,Website,Tech,27in monitor,2,238.34,476.68,315.84,Delivered,5,2
11332,2026-02-03,C02332,Cuyo,SMB,Website,Office,Paper A4 box,4,17.98,71.92,45.52,Delivered,5,5
11333,2026-02-03,C00013,Córdoba,Enterprise,Website,Tech,USB-C dock,6,126.48,758.88,402.3,Delivered,5,4
11334,2026-02-03,C00186,Córdoba,Consumer,Marketplace,Cleaning,Disinfectant 5L,5,16.07,80.35,45.94,Delivered,2,2
11335,2026-02-03,C00219,NOA,SMB,Sales rep,Tech,27in monitor,7,235.33,1647.31,1070.94,Delivered,5,3
11336,2026-02-03,C00036,Cuyo,Consumer,Website,Tech,27in monitor,7,244.74,1713.18,1109.78,Delivered,3,2
11337,2026-02-03,C00045,NOA,SMB,Website,Tech,USB-C dock,7,116.37,814.59,541.29,Delivered,5,6
11338,2026-02-03,C00992,Buenos Aires,Consumer,Marketplace,Office,Paper A4 box,6,17.11,102.66,73.04,Delivered,2,4
11339,2026-02-03,C00802,NOA,SMB,Website,Tech,27in monitor,5,260.08,1300.4,815.7,Delivered,3,3
11340,2026-02-03,C00001,Cuyo,SMB,Website,Office,Paper A4 box,7,18.01,126.07,86.25,Delivered,3,2
11341,2026-02-03,C00001,Cuyo,SMB,Website,Office,Toner cartridge,7,64.61,452.27,299.13,Delivered,2,1
11342,2026-02-03,C00105,Córdoba,Consumer,Website,Office,Paper A4 box,5,16.67,83.35,54.67,Delivered,3,4
11343,2026-02-03,C00002,Buenos Aires,SMB,Sales rep,Office,Ergonomic chair,1,197.69,197.69,143.35,Delivered,2,2
11344,2026-02-04,C00179,Cuyo,SMB,Marketplace,Tech,27in monitor,2,234.82,469.64,307.89,Delivered,3,2
11345,2026-02-04,C00096,Córdoba,Consumer,Marketplace,Tech,27in monitor,4,252.39,1009.56,594.73,Delivered,2,1
11346,2026-02-04,C02870,Buenos Aires,Consumer,Website,Tech,Wireless mouse,3,22.68,68.04,45.65,Delivered,2,2
11347,2026-02-04,C00006,NOA,Enterprise,Website,Office,Ergonomic chair,1,196.65,196.65,146.11,Delivered,5,2
11348,2026-02-04,C00080,Buenos Aires,SMB,Marketplace,Cleaning,Paper towels x12,1,20.19,20.19,14.24,Delivered,3,3
11349,2026-02-04,C03415,NOA,SMB,Marketplace,Office,Paper A4 box,4,17.77,71.08,45.26,Delivered,2,3
11350,2026-02-04,C00002,Buenos Aires,SMB,Sales rep,Office,Paper A4 box,4,18.6,74.4,47.33,Delivered,3,3
11351,2026-02-04,C00218,Buenos Aires,Consumer,Marketplace,Tech,Wireless mouse,4,21.32,85.28,53.08,Delivered,5,4
11352,2026-02-04,C01456,Cuyo,SMB,Marketplace,Tech,USB-C dock,1,117.9,117.9,69.18,Delivered,2,1
11353,2026-02-04,C00048,Cuyo,Consumer,Sales rep,Office,Ergonomic chair,4,197.22,788.88,547.24,Delivered,2,1
11354,2026-02-04,C01492,Buenos Aires,Consumer,Website,Office,Ergonomic chair,4,198.02,792.08,574.61,Cancelled,3,2
11355,2026-02-04,C00048,Cuyo,Consumer,Website,Cleaning,Paper towels x12,6,20.37,122.22,86.72,Returned,3,2
11356,2026-02-04,C00006,NOA,Enterprise,Website,Office,Paper A4 box,4,17.74,70.96,39.83,Delivered,5,3
11357,2026-02-04,C00004,Cuyo,Consumer,Website,Office,Paper A4 box,2,19.05,38.1,24.47,Delivered,3,1
11358,2026-02-05,C00001,Cuyo,SMB,Marketplace,Tech,Wireless mouse,2,22.41,44.82,30.66,Returned,5,3
11359,2026-02-05,C00001,Cuyo,SMB,Marketplace,Tech,27in monitor,7,246.56,1725.92,1095.48,Delivered,2,1
11360,2026-02-05,C03344,Córdoba,SMB,Marketplace,Office,Ergonomic chair,1,193.44,193.44,124.73,Delivered,2,3
11361,2026-02-05,C03073,Córdoba,Consumer,Marketplace,Tech,27in monitor,5,257.49,1287.45,700.83,Delivered,5,3
11362,2026-02-05,C00192,Cuyo,SMB,Sales rep,Office,Ergonomic chair,7,215.25,1506.75,884.61,Delivered,2,1
11363,2026-02-05,C00074,Cuyo,SMB,Marketplace,Tech,27in monitor,3,225.58,676.74,508.7,Delivered,2,3
11364,2026-02-05,C00595,Buenos Aires,SMB,Website,Cleaning,Paper towels x12,1,21.32,21.32,11.78,Delivered,3,1
11365,2026-02-05,C00004,Cuyo,Consumer,Website,Tech,Wireless mouse,2,20.49,40.98,30.38,Delivered,5,5
11366,2026-02-05,C00019,Patagonia,Consumer,Website,Office,Ergonomic chair,7,222.98,1560.86,871.88,Delivered,2,2
11367,2026-02-05,C00136,NOA,SMB,Marketplace,Tech,Wireless mouse,5,22.69,113.45,64.42,Delivered,3,5
11368,2026-02-05,C01029,Cuyo,SMB,Website,Cleaning,Paper towels x12,4,22.08,88.32,54.68,Delivered,2,2
11369,2026-02-05,C00013,Córdoba,Enterprise,Website,Tech,USB-C dock,3,111.41,334.23,227.65,Delivered,2,2
11370,2026-02-05,C03263,Cuyo,Consumer,Sales rep,Office,Ergonomic chair,2,214.12,428.24,243.25,Delivered,3,1
11371,2026-02-05,C00047,Buenos Aires,SMB,Website,Cleaning,Paper towels x12,3,20.78,62.34,36.59,Delivered,3,3
11372,2026-02-05,C00020,Buenos Aires,SMB,Marketplace,Office,Ergonomic chair,3,224.18,672.54,410.85,Returned,3,3
11373,2026-02-05,C00377,Cuyo,Consumer,Website,Office,Paper A4 box,4,18.57,74.28,39.62,Delivered,2,3
11374,2026-02-06,C02366,Cuyo,SMB,Sales rep,Tech,USB-C dock,5,116.9,584.5,355.87,Delivered,3,1
11375,2026-02-06,C00034,Patagonia,Consumer,Website,Tech,Wireless mouse,7,20.69,144.83,85.46,Delivered,2,3
11376,2026-02-06,C00357,Córdoba,SMB,Marketplace,Office,Paper A4 box,2,18.99,37.98,22.82,Delivered,5,6
11377,2026-02-06,C01712,Cuyo,SMB,Website,Tech,27in monitor,7,236.56,1655.92,1177.62,Cancelled,2,1
11378,2026-02-06,C00009,NOA,Consumer,Marketplace,Tech,USB-C dock,7,118.02,826.14,498.34,Delivered,5,6
11379,2026-02-06,C00289,Cuyo,SMB,Sales rep,Office,Ergonomic chair,2,216.43,432.86,292.23,Delivered,2,1
11380,2026-02-06,C00161,Cuyo,Enterprise,Website,Cleaning,Paper towels x12,6,20.97,125.82,80.38,Delivered,2,1
11381,2026-02-06,C00068,Buenos Aires,Consumer,Website,Tech,USB-C dock,3,121.84,365.52,237.8,Cancelled,5,4
11382,2026-02-06,C00230,Patagonia,SMB,Sales rep,Office,Ergonomic chair,5,219.83,1099.15,644.54,Delivered,2,1
11383,2026-02-06,C00010,Córdoba,SMB,Website,Office,Ergonomic chair,2,196.92,393.84,239.32,Delivered,5,5
11384,2026-02-06,C02798,Patagonia,SMB,Sales rep,Tech,27in monitor,6,237.37,1424.22,958.6,Delivered,3,1
11385,2026-02-06,C03850,Buenos Aires,SMB,Sales rep,Office,Paper A4 box,7,19.03,133.21,81.63,Delivered,5,3
11386,2026-02-06,C00036,Cuyo,Consumer,Website,Tech,27in monitor,4,241.48,965.92,631.28,Returned,2,3
11387,2026-02-06,C00001,Cuyo,SMB,Marketplace,Cleaning,Paper towels x12,1,21.76,21.76,14.55,Delivered,2,2
11388,2026-02-06,C00034,Patagonia,Consumer,Website,Cleaning,Paper towels x12,6,20.24,121.44,79.31,Delivered,2,1
11389,2026-02-06,C00001,Cuyo,SMB,Website,Cleaning,Disinfectant 5L,6,15.68,94.08,58.34,Delivered,2,1
11390,2026-02-06,C00001,Cuyo,SMB,Website,Office,Paper A4 box,3,18.51,55.53,30.51,Delivered,2,4
11391,2026-02-07,C00799,Buenos Aires,SMB,Sales rep,Office,Ergonomic chair,2,196.41,392.82,235.04,Delivered,5,4
11392,2026-02-07,C00002,Buenos Aires,SMB,Website,Tech,Wireless mouse,6,20.6,123.6,88.89,Delivered,5,6
11393,2026-02-07,C00990,Cuyo,SMB,Website,Tech,USB-C dock,5,120.05,600.25,344.71,Delivered,3,4
11394,2026-02-07,C03134,Buenos Aires,Enterprise,Sales rep,Office,Ergonomic chair,5,220.02,1100.1,681.87,Delivered,2,1
11395,2026-02-07,C00069,Patagonia,SMB,Website,Office,Paper A4 box,6,18.74,112.44,64.44,Delivered,3,1
11396,2026-02-07,C00015,Cuyo,Consumer,Website,Cleaning,Disinfectant 5L,5,14.73,73.65,47.62,Delivered,5,3
11397,2026-02-07,C00035,Buenos Aires,SMB,Sales rep,Office,Ergonomic chair,3,215.86,647.58,347.34,Delivered,2,1
11398,2026-02-07,C01389,Patagonia,SMB,Website,Cleaning,Disinfectant 5L,7,14.71,102.97,71.96,Delivered,3,2
11399,2026-02-07,C00003,Córdoba,Consumer,Marketplace,Office,Toner cartridge,5,61.39,306.95,190.14,Cancelled,5,5
11400,2026-02-08,C03327,NOA,Consumer,Website,Office,Ergonomic chair,6,203.56,1221.36,865.95,Delivered,3,4
11401,2026-02-08,C00177,NOA,SMB,Sales rep,Cleaning,Paper towels x12,6,20.39,122.34,81.44,Delivered,3,2
11402,2026-02-08,C00012,Buenos Aires,Consumer,Website,Cleaning,Paper towels x12,2,19.66,39.32,25.65,Delivered,2,2
11403,2026-02-08,C01050,Cuyo,SMB,Website,Cleaning,Paper towels x12,6,20.51,123.06,86.23,Delivered,2,1
11404,2026-02-08,C01159,NOA,SMB,Sales rep,Office,Ergonomic chair,5,211.06,1055.3,587.1,Delivered,2,2
11405,2026-02-08,C00045,NOA,SMB,Marketplace,Office,Toner cartridge,3,59.88,179.64,128.37,Delivered,3,2
11406,2026-02-08,C00001,Cuyo,SMB,Website,Cleaning,Disinfectant 5L,2,15.86,31.72,17.74,Delivered,2,1
11407,2026-02-08,C03470,NOA,SMB,Sales rep,Cleaning,Disinfectant 5L,1,14.07,14.07,8.8,Delivered,3,3
11408,2026-02-08,C00366,Cuyo,Consumer,Sales rep,Cleaning,Disinfectant 5L,3,13.87,41.61,27.04,Delivered,3,3
11409,2026-02-09,C01194,Buenos Aires,Consumer,Website,Cleaning,Disinfectant 5L,2,14.74,29.48,18.97,Delivered,3,1
11410,2026-02-09,C00649,Córdoba,Consumer,Marketplace,Tech,27in monitor,5,250.31,1251.55,850.25,Delivered,5,2
11411,2026-02-09,C00061,Cuyo,Consumer,Marketplace,Office,Toner cartridge,5,67.62,338.1,211.5,Delivered,5,3
11412,2026-02-09,C00001,Cuyo,SMB,Website,Tech,Wireless mouse,5,21.57,107.85,73.74,Delivered,5,3
11413,2026-02-09,C00004,Cuyo,Consumer,Website,Tech,USB-C dock,5,112.49,562.45,351.8,Delivered,2,2
11414,2026-02-09,C00825,Córdoba,Consumer,Marketplace,Cleaning,Paper towels x12,2,20.41,40.82,27.26,Delivered,3,2
11415,2026-02-09,C00500,Córdoba,SMB,Marketplace,Tech,USB-C dock,2,112.65,225.3,143.44,Delivered,5,4
11416,2026-02-09,C00001,Cuyo,SMB,Sales rep,Office,Paper A4 box,6,18.68,112.08,66.14,Delivered,2,1
11417,2026-02-09,C00111,Cuyo,Consumer,Marketplace,Cleaning,Paper towels x12,3,21.95,65.85,38.57,Returned,5,5
11418,2026-02-09,C00012,Buenos Aires,Consumer,Website,Office,Toner cartridge,2,61.08,122.16,81.2,Delivered,3,1
11419,2026-02-09,C00272,Cuyo,SMB,Marketplace,Office,Ergonomic chair,5,210.1,1050.5,614.6,Delivered,2,1
11420,2026-02-09,C01624,Buenos Aires,SMB,Website,Office,Ergonomic chair,4,225.17,900.68,541.7,Delivered,2,1
11421,2026-02-09,C02983,Buenos Aires,SMB,Website,Cleaning,Paper towels x12,6,19.68,118.08,70.15,Delivered,5,5
11422,2026-02-09,C00055,Patagonia,SMB,Website,Tech,27in monitor,7,238.01,1666.07,988.12,Delivered,5,6
11423,2026-02-09,C00001,Cuyo,SMB,Website,Cleaning,Disinfectant 5L,4,15.07,60.28,38.23,Delivered,5,3
11424,2026-02-09,C00001,Cuyo,SMB,Sales rep,Tech,Wireless mouse,4,23.34,93.36,50.86,Delivered,2,2
11425,2026-02-09,C00004,Cuyo,Consumer,Marketplace,Tech,USB-C dock,5,123.77,618.85,338.03,Delivered,3,1
11426,2026-02-10,C00001,Cuyo,SMB,Website,Office,Paper A4 box,1,17.57,17.57,10.51,Delivered,2,2
11427,2026-02-10,C02377,Cuyo,SMB,Website,Tech,USB-C dock,2,119.36,238.72,155.71,Delivered,2,1
11428,2026-02-10,C00989,Córdoba,SMB,Sales rep,Office,Toner cartridge,6,60.87,365.22,236.46,Delivered,2,4
11429,2026-02-10,C00002,Buenos Aires,SMB,Website,Tech,Wireless mouse,5,23.6,118.0,61.43,Delivered,3,1
11430,2026-02-10,C00263,Buenos Aires,Consumer,Sales rep,Tech,Wireless mouse,5,21.12,105.6,70.24,Delivered,5,5
11431,2026-02-10,C01479,Cuyo,SMB,Website,Tech,Wireless mouse,5,21.77,108.85,62.67,Delivered,5,4
11432,2026-02-10,C02344,Cuyo,Consumer,Website,Office,Toner cartridge,4,65.82,263.28,158.06,Delivered,2,1
11433,2026-02-10,C00211,Buenos Aires,Enterprise,Website,Cleaning,Disinfectant 5L,2,14.02,28.04,18.83,Delivered,5,5
11434,2026-02-10,C00001,Cuyo,SMB,Sales rep,Tech,USB-C dock,6,129.02,774.12,484.21,Delivered,5,4
11435,2026-02-10,C00313,Buenos Aires,SMB,Website,Cleaning,Disinfectant 5L,1,14.17,14.17,9.42,Delivered,2,1
11436,2026-02-10,C01652,Cuyo,Consumer,Marketplace,Tech,Wireless mouse,3,20.78,62.34,37.16,Delivered,3,3
11437,2026-02-10,C00001,Cuyo,SMB,Website,Tech,27in monitor,5,244.37,1221.85,834.5,Delivered,5,5
11438,2026-02-10,C00096,Córdoba,Consumer,Marketplace,Office,Paper A4 box,3,17.44,52.32,31.19,Delivered,5,5
11439,2026-02-10,C01633,Cuyo,SMB,Website,Office,Toner cartridge,6,60.7,364.2,218.56,Delivered,3,4
11440,2026-02-10,C01208,Cuyo,Consumer,Marketplace,Tech,USB-C dock,6,127.72,766.32,478.34,Delivered,5,4
11441,2026-02-11,C00017,Córdoba,Enterprise,Website,Office,Ergonomic chair,7,225.34,1577.38,831.03,Delivered,2,1
11442,2026-02-11,C00341,Buenos Aires,SMB,Website,Office,Ergonomic chair,5,207.67,1038.35,599.34,Delivered,5,4
11443,2026-02-11,C00097,Córdoba,SMB,Sales rep,Cleaning,Paper towels x12,7,20.01,140.07,83.84,Delivered,3,3
11444,2026-02-11,C00221,NOA,Consumer,Website,Office,Paper A4 box,6,18.68,112.08,59.57,Delivered,3,3
11445,2026-02-11,C00085,Buenos Aires,Enterprise,Website,Cleaning,Paper towels x12,5,19.49,97.45,61.75,Delivered,3,5
11446,2026-02-11,C00010,Córdoba,SMB,Website,Cleaning,Disinfectant 5L,2,15.43,30.86,16.83,Returned,5,6
11447,2026-02-11,C00790,Cuyo,Consumer,Sales rep,Cleaning,Disinfectant 5L,6,13.86,83.16,54.01,Delivered,3,3
11448,2026-02-11,C01320,Buenos Aires,SMB,Website,Tech,USB-C dock,3,114.8,344.4,236.63,Delivered,3,3
11449,2026-02-11,C00001,Cuyo,SMB,Marketplace,Cleaning,Disinfectant 5L,2,16.11,32.22,19.32,Delivered,5,4
11450,2026-02-11,C00001,Cuyo,SMB,Website,Cleaning,Paper towels x12,6,19.96,119.76,70.62,Delivered,5,7
11451,2026-02-11,C01067,Cuyo,SMB,Website,Cleaning,Disinfectant 5L,2,15.37,30.74,16.85,Delivered,3,3
11452,2026-02-11,C01310,Buenos Aires,SMB,Website,Office,Paper A4 box,4,19.29,77.16,45.5,Delivered,5,5
11453,2026-02-11,C00018,Buenos Aires,SMB,Website,Tech,27in monitor,6,241.44,1448.64,909.72,Delivered,5,5
11454,2026-02-11,C00002,Buenos Aires,SMB,Website,Cleaning,Disinfectant 5L,7,14.48,101.36,58.07,Delivered,2,2
11455,2026-02-11,C00002,Buenos Aires,SMB,Website,Tech,Wireless mouse,7,22.41,156.87,94.96,Returned,3,3
11456,2026-02-11,C00024,Buenos Aires,SMB,Marketplace,Office,Ergonomic chair,7,198.37,1388.59,855.0,Delivered,2,1
11457,2026-02-11,C00001,Cuyo,SMB,Website,Office,Toner cartridge,5,67.93,339.65,216.2,Delivered,2,2
11458,2026-02-12,C00001,Cuyo,SMB,Marketplace,Tech,Wireless mouse,5,21.69,108.45,67.65,Delivered,2,3
11459,2026-02-12,C00010,Córdoba,SMB,Website,Office,Ergonomic chair,7,213.43,1494.01,828.78,Delivered,5,4
11460,2026-02-12,C00654,Patagonia,Consumer,Website,Tech,USB-C dock,5,115.51,577.55,379.27,Delivered,3,3
11461,2026-02-12,C00053,Cuyo,Consumer,Website,Cleaning,Paper towels x12,7,19.91,139.37,87.92,Delivered,2,1
11462,2026-02-12,C00221,NOA,Consumer,Website,Office,Paper A4 box,4,17.4,69.6,47.17,Delivered,5,5
11463,2026-02-12,C00001,Cuyo,SMB,Marketplace,Office,Paper A4 box,1,17.84,17.84,11.68,Returned,2,1
11464,2026-02-12,C00012,Buenos Aires,Consumer,Website,Tech,Wireless mouse,6,21.01,126.06,82.72,Delivered,3,2
11465,2026-02-12,C00064,Cuyo,SMB,Website,Tech,27in monitor,5,260.9,1304.5,792.34,Returned,2,1
11466,2026-02-12,C00406,Buenos Aires,Consumer,Sales rep,Tech,USB-C dock,7,119.74,838.18,558.2,Delivered,2,2
11467,2026-02-12,C00006,NOA,Enterprise,Marketplace,Office,Paper A4 box,2,16.79,33.58,19.9,Delivered,2,1
11468,2026-02-13,C00054,Cuyo,Consumer,Sales rep,Office,Paper A4 box,1,17.14,17.14,12.56,Returned,3,1
11469,2026-02-13,C00030,Cuyo,Consumer,Website,Tech,Wireless mouse,2,22.76,45.52,27.67,Delivered,5,5
11470,2026-02-13,C00005,Cuyo,SMB,Sales rep,Tech,27in monitor,5,252.13,1260.65,844.97,Delivered,5,6
11471,2026-02-13,C00011,Buenos Aires,Enterprise,Website,Cleaning,Disinfectant 5L,4,14.91,59.64,37.92,Delivered,3,1
11472,2026-02-13,C03360,Buenos Aires,SMB,Marketplace,Tech,27in monitor,5,231.78,1158.9,698.03,Delivered,5,5
11473,2026-02-13,C00032,Cuyo,SMB,Website,Tech,27in monitor,7,244.01,1708.07,961.51,Delivered,2,1
11474,2026-02-13,C00015,Cuyo,Consumer,Website,Tech,USB-C dock,4,119.51,478.04,271.13,Delivered,3,3
11475,2026-02-13,C00740,Cuyo,Enterprise,Sales rep,Office,Paper A4 box,3,16.88,50.64,37.0,Delivered,5,5
11476,2026-02-13,C02467,Cuyo,SMB,Website,Cleaning,Paper towels x12,7,20.49,143.43,81.12,Delivered,2,1
11477,2026-02-13,C01057,Buenos Aires,Consumer,Sales rep,Cleaning,Disinfectant 5L,6,13.81,82.86,55.91,Delivered,3,3
11478,2026-02-13,C00255,Córdoba,Consumer,Website,Cleaning,Paper towels x12,7,20.55,143.85,96.67,Delivered,3,3
11479,2026-02-13,C01646,Cuyo,SMB,Website,Tech,Wireless mouse,7,22.21,155.47,96.82,Delivered,5,5
11480,2026-02-13,C00139,Patagonia,SMB,Marketplace,Office,Ergonomic chair,1,224.67,224.67,141.79,Delivered,3,1
11481,2026-02-13,C02252,Cuyo,Consumer,Marketplace,Tech,USB-C dock,6,123.65,741.9,492.0,Delivered,3,4
11482,2026-02-13,C01079,Cuyo,SMB,Marketplace,Office,Ergonomic chair,5,208.5,1042.5,633.44,Returned,3,2
11483,2026-02-13,C02275,NOA,SMB,Sales rep,Cleaning,Disinfectant 5L,4,14.11,56.44,40.9,Delivered,2,3
11484,2026-02-13,C00005,Cuyo,SMB,Sales rep,Tech,Wireless mouse,2,22.03,44.06,25.53,Delivered,3,2
11485,2026-02-13,C02487,Buenos Aires,Consumer,Sales rep,Cleaning,Paper towels x12,3,21.08,63.24,40.89,Delivered,5,3
11486,2026-02-13,C00061,Cuyo,Consumer,Website,Cleaning,Paper towels x12,5,20.62,103.1,66.06,Delivered,3,1
11487,2026-02-13,C00340,Córdoba,Enterprise,Marketplace,Tech,USB-C dock,5,125.06,625.3,414.69,Returned,2,1
11488,2026-02-13,C00407,Córdoba,Consumer,Sales rep,Cleaning,Disinfectant 5L,6,15.76,94.56,53.83,Delivered,2,1
11489,2026-02-14,C00373,Buenos Aires,Consumer,Website,Office,Paper A4 box,5,18.73,93.65,57.63,Delivered,2,1
11490,2026-02-14,C00600,Córdoba,SMB,Website,Cleaning,Disinfectant 5L,3,14.93,44.79,26.95,Returned,3,1
11491,2026-02-14,C01768,Buenos Aires,SMB,Marketplace,Cleaning,Paper towels x12,5,21.36,106.8,68.83,Delivered,5,4
11492,2026-02-14,C02018,Cuyo,SMB,Website,Tech,Wireless mouse,3,20.85,62.55,44.87,Delivered,3,4
11493,2026-02-14,C00064,Cuyo,SMB,Website,Tech,USB-C dock,6,120.9,725.4,470.0,Delivered,5,5
11494,2026-02-14,C00095,Córdoba,SMB,Website,Tech,27in monitor,7,243.45,1704.15,1006.08,Delivered,3,2
11495,2026-02-14,C00079,Cuyo,Enterprise,Website,Tech,Wireless mouse,4,21.8,87.2,48.5,Delivered,5,3
11496,2026-02-14,C00003,Córdoba,Consumer,Marketplace,Office,Toner cartridge,2,64.86,129.72,82.68,Delivered,3,3
11497,2026-02-15,C00905,Cuyo,SMB,Website,Cleaning,Paper towels x12,2,19.36,38.72,26.78,Delivered,5,3
11498,2026-02-15,C01842,Patagonia,Consumer,Marketplace,Tech,Wireless mouse,2,21.68,43.36,25.88,Delivered,3,2
11499,2026-02-15,C00003,Córdoba,Consumer,Website,Tech,Wireless mouse,1,23.7,23.7,14.19,Delivered,2,2
11500,2026-02-15,C00273,Córdoba,Enterprise,Marketplace,Tech,27in monitor,2,245.91,491.82,292.47,Delivered,2,1
11501,2026-02-15,C00014,Cuyo,SMB,Website,Tech,USB-C dock,1,120.38,120.38,81.77,Delivered,3,3
11502,2026-02-15,C00001,Cuyo,SMB,Website,Office,Paper A4 box,3,17.34,52.02,36.0,Delivered,2,1
11503,2026-02-15,C00218,Buenos Aires,Consumer,Website,Tech,Wireless mouse,4,23.62,94.48,57.15,Delivered,2,3
11504,2026-02-15,C00153,Buenos Aires,Consumer,Website,Tech,Wireless mouse,2,21.99,43.98,27.41,Delivered,5,4
11505,2026-02-15,C03011,Buenos Aires,SMB,Sales rep,Tech,27in monitor,4,256.4,1025.6,561.09,Delivered,2,1
11506,2026-02-15,C00217,Cuyo,SMB,Website,Tech,Wireless mouse,6,22.74,136.44,86.99,Delivered,5,4
11507,2026-02-16,C01100,Cuyo,SMB,Marketplace,Tech,27in monitor,7,238.11,1666.77,1186.49,Delivered,5,4
11508,2026-02-16,C03689,Buenos Aires,SMB,Sales rep,Tech,27in monitor,2,233.69,467.38,304.03,Delivered,5,5
11509,2026-02-16,C00011,Buenos Aires,Enterprise,Website,Tech,Wireless mouse,6,22.17,133.02,74.82,Delivered,3,1
11510,2026-02-16,C00025,Buenos Aires,SMB,Marketplace,Tech,USB-C dock,4,126.12,504.48,323.14,Returned,5,5
11511,2026-02-16,C00090,Buenos Aires,Enterprise,Website,Tech,USB-C dock,2,119.65,239.3,149.33,Delivered,2,1
11512,2026-02-16,C00019,Patagonia,Consumer,Marketplace,Tech,Wireless mouse,2,21.27,42.54,28.16,Delivered,2,1
11513,2026-02-16,C00141,Cuyo,SMB,Website,Tech,27in monitor,4,241.6,966.4,617.3,Delivered,2,3
11514,2026-02-16,C00096,Córdoba,Consumer,Marketplace,Office,Ergonomic chair,1,196.69,196.69,143.19,Delivered,3,5
11515,2026-02-16,C00004,Cuyo,Consumer,Website,Office,Toner cartridge,5,65.5,327.5,208.47,Delivered,5,4
11516,2026-02-16,C00002,Buenos Aires,SMB,Marketplace,Tech,27in monitor,6,254.93,1529.58,818.4,Delivered,2,2
11517,2026-02-16,C00005,Cuyo,SMB,Website,Tech,27in monitor,2,240.97,481.94,280.14,Delivered,5,4
11518,2026-02-16,C01400,Buenos Aires,SMB,Website,Office,Toner cartridge,6,61.17,367.02,230.23,Delivered,3,2
11519,2026-02-16,C00003,Córdoba,Consumer,Website,Office,Toner cartridge,5,63.63,318.15,191.15,Delivered,5,4
11520,2026-02-16,C00394,Córdoba,SMB,Sales rep,Cleaning,Paper towels x12,1,19.43,19.43,14.5,Delivered,5,2
11521,2026-02-16,C00001,Cuyo,SMB,Website,Cleaning,Paper towels x12,3,22.07,66.21,43.88,Delivered,3,1
11522,2026-02-16,C00004,Cuyo,Consumer,Sales rep,Tech,USB-C dock,6,110.67,664.02,404.37,Delivered,3,3
11523,2026-02-16,C00009,NOA,Consumer,Sales rep,Office,Ergonomic chair,1,207.31,207.31,116.53,Delivered,2,2
11524,2026-02-17,C00093,Córdoba,Consumer,Marketplace,Cleaning,Disinfectant 5L,3,15.19,45.57,31.08,Delivered,2,1
11525,2026-02-17,C03996,Cuyo,SMB,Marketplace,Office,Toner cartridge,4,61.29,245.16,158.82,Cancelled,3,1
11526,2026-02-17,C00031,Buenos Aires,SMB,Website,Office,Toner cartridge,3,63.3,189.9,118.05,Delivered,3,3
11527,2026-02-17,C00006,NOA,Enterprise,Website,Tech,USB-C dock,6,116.67,700.02,471.32,Delivered,3,3
11528,2026-02-17,C00029,Patagonia,Consumer,Website,Cleaning,Paper towels x12,2,20.47,40.94,23.7,Delivered,2,3
11529,2026-02-17,C00424,Patagonia,SMB,Marketplace,Office,Paper A4 box,1,16.58,16.58,10.48,Delivered,3,1
11530,2026-02-17,C00002,Buenos Aires,SMB,Website,Office,Toner cartridge,1,64.36,64.36,38.5,Delivered,5,5
11531,2026-02-17,C00182,Córdoba,Consumer,Website,Tech,USB-C dock,2,112.58,225.16,167.86,Returned,3,2
11532,2026-02-17,C00849,Cuyo,SMB,Website,Tech,Wireless mouse,1,23.3,23.3,13.9,Delivered,3,3
11533,2026-02-17,C00804,Córdoba,SMB,Website,Cleaning,Disinfectant 5L,2,15.84,31.68,19.08,Delivered,5,3
11534,2026-02-17,C00001,Cuyo,SMB,Website,Cleaning,Paper towels x12,2,20.82,41.64,27.19,Returned,2,1
11535,2026-02-17,C00080,Buenos Aires,SMB,Marketplace,Tech,27in monitor,7,256.6,1796.2,1053.37,Returned,2,3
11536,2026-02-17,C00001,Cuyo,SMB,Website,Cleaning,Disinfectant 5L,2,15.15,30.3,16.75,Delivered,5,5
11537,2026-02-17,C00009,NOA,Consumer,Marketplace,Office,Toner cartridge,7,66.09,462.63,273.39,Delivered,5,3
11538,2026-02-17,C00290,Buenos Aires,Enterprise,Marketplace,Tech,USB-C dock,4,126.71,506.84,325.87,Delivered,3,1
11539,2026-02-17,C00025,Buenos Aires,SMB,Website,Tech,Wireless mouse,4,20.51,82.04,55.42,Delivered,3,3
11540,2026-02-18,C00019,Patagonia,Consumer,Marketplace,Tech,USB-C dock,7,127.54,892.78,587.6,Delivered,3,2
11541,2026-02-18,C00084,Buenos Aires,Consumer,Website,Office,Toner cartridge,7,59.48,416.36,269.89,Delivered,2,3
11542,2026-02-18,C00007,Cuyo,SMB,Website,Tech,USB-C dock,7,111.81,782.67,539.55,Delivered,2,1
11543,2026-02-18,C00002,Buenos Aires,SMB,Website,Office,Ergonomic chair,6,210.73,1264.38,754.13,Delivered,3,4
11544,2026-02-18,C00006,NOA,Enterprise,Marketplace,Office,Ergonomic chair,3,211.08,633.24,362.97,Delivered,5,5
11545,2026-02-18,C00049,Cuyo,SMB,Marketplace,Office,Paper A4 box,3,18.53,55.59,35.14,Delivered,3,1
11546,2026-02-18,C00033,Cuyo,SMB,Website,Cleaning,Paper towels x12,4,22.38,89.52,49.32,Delivered,3,2
11547,2026-02-18,C00074,Cuyo,SMB,Website,Office,Toner cartridge,4,68.99,275.96,171.02,Delivered,2,1
11548,2026-02-18,C00008,Cuyo,SMB,Website,Office,Paper A4 box,6,17.81,106.86,63.38,Delivered,5,2
11549,2026-02-18,C01114,NOA,SMB,Marketplace,Office,Toner cartridge,4,65.85,263.4,176.54,Delivered,3,2
11550,2026-02-18,C00171,Buenos Aires,SMB,Sales rep,Office,Paper A4 box,4,18.22,72.88,50.09,Delivered,3,1
11551,2026-02-18,C01295,Buenos Aires,SMB,Website,Tech,27in monitor,4,237.49,949.96,614.22,Delivered,3,1
11552,2026-02-18,C00002,Buenos Aires,SMB,Website,Tech,Wireless mouse,7,23.65,165.55,104.72,Delivered,2,1
11553,2026-02-18,C00003,Córdoba,Consumer,Website,Office,Ergonomic chair,2,203.99,407.98,293.99,Delivered,2,2
11554,2026-02-18,C00102,Buenos Aires,SMB,Website,Tech,Wireless mouse,7,20.78,145.46,104.3,Delivered,2,3
11555,2026-02-18,C00005,Cuyo,SMB,Sales rep,Cleaning,Disinfectant 5L,2,16.2,32.4,18.05,Delivered,5,4
11556,2026-02-18,C01007,Cuyo,Enterprise,Marketplace,Cleaning,Paper towels x12,4,21.76,87.04,56.84,Delivered,5,3
11557,2026-02-18,C00057,Buenos Aires,Enterprise,Website,Office,Toner cartridge,1,63.98,63.98,39.84,Delivered,5,5
11558,2026-02-18,C00892,NOA,SMB,Sales rep,Tech,27in monitor,6,262.39,1574.34,834.01,Delivered,3,1
11559,2026-02-19,C01598,NOA,SMB,Website,Tech,Wireless mouse,7,21.24,148.68,97.23,Delivered,5,2
11560,2026-02-19,C00053,Cuyo,Consumer,Website,Cleaning,Paper towels x12,1,19.39,19.39,12.11,Delivered,2,1
11561,2026-02-19,C02145,Cuyo,Consumer,Website,Office,Paper A4 box,7,18.59,130.13,80.92,Delivered,2,1
11562,2026-02-19,C01087,Córdoba,Consumer,Marketplace,Tech,27in monitor,5,246.03,1230.15,827.27,Delivered,3,1
11563,2026-02-19,C00013,Córdoba,Enterprise,Marketplace,Cleaning,Paper towels x12,7,20.46,143.22,94.34,Delivered,2,1
11564,2026-02-19,C00946,Cuyo,SMB,Sales rep,Tech,27in monitor,6,231.36,1388.16,932.54,Returned,5,5
11565,2026-02-19,C00004,Cuyo,Consumer,Website,Tech,USB-C dock,4,112.68,450.72,289.08,Delivered,3,1
11566,2026-02-19,C00087,Córdoba,SMB,Website,Cleaning,Paper towels x12,1,19.76,19.76,12.83,Delivered,5,5
11567,2026-02-19,C01191,Cuyo,Consumer,Website,Office,Toner cartridge,1,67.52,67.52,38.28,Delivered,5,4
11568,2026-02-19,C03195,NOA,SMB,Website,Cleaning,Disinfectant 5L,5,15.41,77.05,49.51,Delivered,3,2
11569,2026-02-19,C00101,Cuyo,Consumer,Website,Tech,27in monitor,1,243.62,243.62,169.5,Delivered,2,2
11570,2026-02-19,C00992,Buenos Aires,Consumer,Website,Cleaning,Paper towels x12,7,22.07,154.49,99.02,Delivered,3,2
11571,2026-02-19,C00006,NOA,Enterprise,Marketplace,Tech,USB-C dock,4,122.94,491.76,333.6,Delivered,3,3
11572,2026-02-19,C00005,Cuyo,SMB,Website,Tech,Wireless mouse,7,23.32,163.24,101.0,Delivered,5,3
11573,2026-02-19,C03111,Cuyo,Consumer,Website,Tech,Wireless mouse,3,23.46,70.38,44.4,Delivered,2,1
11574,2026-02-19,C00016,Córdoba,Consumer,Marketplace,Cleaning,Paper towels x12,1,20.1,20.1,11.67,Delivered,5,2
11575,2026-02-19,C01419,NOA,SMB,Website,Tech,27in monitor,2,248.66,497.32,275.77,Delivered,3,5
11576,2026-02-19,C01644,Buenos Aires,Consumer,Website,Tech,USB-C dock,7,115.09,805.63,544.88,Cancelled,2,1
11577,2026-02-19,C00510,Buenos Aires,Consumer,Marketplace,Tech,USB-C dock,6,113.9,683.4,438.81,Delivered,5,3
11578,2026-02-19,C00005,Cuyo,SMB,Sales rep,Office,Paper A4 box,1,17.07,17.07,11.56,Delivered,5,3
11579,2026-02-19,C00397,Buenos Aires,SMB,Website,Office,Ergonomic chair,2,222.63,445.26,240.86,Delivered,5,4
11580,2026-02-19,C00003,Córdoba,Consumer,Website,Office,Paper A4 box,7,17.64,123.48,77.54,Delivered,5,4
11581,2026-02-20,C00007,Cuyo,SMB,Website,Tech,27in monitor,4,246.7,986.8,603.56,Returned,3,3
11582,2026-02-20,C03910,Córdoba,SMB,Marketplace,Tech,27in monitor,4,243.51,974.04,664.17,Delivered,3,3
11583,2026-02-20,C01603,Patagonia,SMB,Website,Cleaning,Paper towels x12,4,20.12,80.48,49.26,Delivered,3,2
11584,2026-02-20,C00595,Buenos Aires,SMB,Marketplace,Tech,USB-C dock,7,121.09,847.63,463.77,Delivered,3,3
11585,2026-02-20,C01223,Buenos Aires,Consumer,Website,Tech,27in monitor,5,249.16,1245.8,825.68,Delivered,3,1
11586,2026-02-20,C00045,NOA,SMB,Website,Tech,27in monitor,3,256.98,770.94,507.68,Delivered,3,3
11587,2026-02-20,C00376,Buenos Aires,SMB,Marketplace,Office,Ergonomic chair,3,193.78,581.34,346.83,Delivered,2,1
11588,2026-02-20,C00001,Cuyo,SMB,Marketplace,Tech,Wireless mouse,6,21.32,127.92,84.57,Delivered,3,2
11589,2026-02-20,C00004,Cuyo,Consumer,Website,Office,Toner cartridge,7,68.14,476.98,259.82,Delivered,2,1
11590,2026-02-20,C00013,Córdoba,Enterprise,Marketplace,Office,Toner cartridge,6,63.87,383.22,246.71,Delivered,3,1
11591,2026-02-20,C00054,Cuyo,Consumer,Website,Office,Ergonomic chair,1,216.16,216.16,145.06,Delivered,3,2
11592,2026-02-20,C00001,Cuyo,SMB,Sales rep,Cleaning,Disinfectant 5L,5,15.36,76.8,51.35,Delivered,2,1
11593,2026-02-20,C00256,Buenos Aires,Consumer,Sales rep,Tech,27in monitor,3,242.58,727.74,419.97,Delivered,2,3
11594,2026-02-20,C00535,Cuyo,SMB,Website,Tech,27in monitor,6,236.23,1417.38,966.14,Delivered,2,1
11595,2026-02-20,C02602,Cuyo,Consumer,Website,Office,Paper A4 box,3,17.8,53.4,33.86,Delivered,3,3
11596,2026-02-21,C00612,Buenos Aires,Consumer,Marketplace,Tech,Wireless mouse,4,21.4,85.6,51.01,Delivered,2,1
11597,2026-02-21,C00300,Buenos Aires,SMB,Marketplace,Tech,27in monitor,7,263.28,1842.96,987.45,Delivered,2,1
11598,2026-02-21,C02009,Cuyo,Consumer,Marketplace,Cleaning,Disinfectant 5L,6,14.25,85.5,55.47,Delivered,2,1
11599,2026-02-21,C01958,Patagonia,Enterprise,Website,Tech,27in monitor,3,244.12,732.36,460.48,Delivered,3,1
11600,2026-02-21,C00062,Patagonia,Consumer,Marketplace,Tech,USB-C dock,1,118.71,118.71,81.67,Delivered,5,4
11601,2026-02-21,C00001,Cuyo,SMB,Website,Tech,Wireless mouse,5,23.5,117.5,75.48,Delivered,5,2
11602,2026-02-21,C00012,Buenos Aires,Consumer,Website,Office,Paper A4 box,4,17.09,68.36,49.45,Delivered,3,3
11603,2026-02-21,C00912,Buenos Aires,Consumer,Website,Cleaning,Paper towels x12,5,19.56,97.8,72.57,Delivered,2,1
11604,2026-02-21,C00140,Córdoba,Consumer,Sales rep,Cleaning,Paper towels x12,6,19.89,119.34,79.21,Delivered,3,1
11605,2026-02-21,C00009,NOA,Consumer,Marketplace,Office,Toner cartridge,1,62.77,62.77,40.69,Delivered,5,5
11606,2026-02-21,C00085,Buenos Aires,Enterprise,Website,Office,Paper A4 box,2,16.88,33.76,20.28,Delivered,5,4
11607,2026-02-21,C00011,Buenos Aires,Enterprise,Sales rep,Tech,USB-C dock,6,128.06,768.36,443.36,Delivered,2,3
11608,2026-02-21,C00400,Córdoba,Consumer,Website,Office,Toner cartridge,7,59.68,417.76,277.03,Delivered,2,1
11609,2026-02-22,C02672,Cuyo,SMB,Website,Tech,Wireless mouse,7,22.8,159.6,101.63,Delivered,2,1
11610,2026-02-22,C00001,Cuyo,SMB,Marketplace,Tech,USB-C dock,3,112.9,338.7,251.38,Delivered,5,5
11611,2026-02-22,C00027,Cuyo,SMB,Website,Tech,USB-C dock,4,113.59,454.36,329.97,Delivered,5,6
11612,2026-02-22,C00001,Cuyo,SMB,Website,Cleaning,Disinfectant 5L,1,15.55,15.55,10.49,Delivered,5,5
11613,2026-02-22,C00009,NOA,Consumer,Website,Office,Paper A4 box,4,18.67,74.68,49.75,Delivered,3,3
11614,2026-02-22,C00171,Buenos Aires,SMB,Website,Cleaning,Disinfectant 5L,7,14.75,103.25,63.47,Delivered,2,1
11615,2026-02-22,C01891,Buenos Aires,SMB,Sales rep,Cleaning,Paper towels x12,3,19.79,59.37,42.69,Delivered,5,6
11616,2026-02-22,C00587,Cuyo,Enterprise,Website,Cleaning,Paper towels x12,4,20.01,80.04,52.66,Delivered,3,2
11617,2026-02-22,C00372,Cuyo,Enterprise,Sales rep,Cleaning,Disinfectant 5L,3,15.82,47.46,27.58,Delivered,3,3
11618,2026-02-22,C00120,Cuyo,SMB,Sales rep,Office,Toner cartridge,6,64.02,384.12,260.53,Delivered,5,5
11619,2026-02-22,C02927,Cuyo,Consumer,Sales rep,Cleaning,Paper towels x12,4,20.25,81.0,57.02,Delivered,3,3
11620,2026-02-22,C00115,Córdoba,Consumer,Sales rep,Office,Ergonomic chair,1,198.5,198.5,144.2,Delivered,3,4
11621,2026-02-22,C00014,Cuyo,SMB,Marketplace,Tech,USB-C dock,6,118.27,709.62,492.45,Cancelled,5,4
11622,2026-02-22,C00007,Cuyo,SMB,Marketplace,Office,Toner cartridge,7,68.17,477.19,291.0,Delivered,5,4
11623,2026-02-23,C00004,Cuyo,Consumer,Marketplace,Tech,USB-C dock,7,122.31,856.17,585.89,Delivered,2,1
11624,2026-02-23,C00374,Buenos Aires,Consumer,Website,Cleaning,Paper towels x12,6,22.04,132.24,86.89,Delivered,3,1
11625,2026-02-23,C00761,Cuyo,Consumer,Website,Office,Ergonomic chair,1,219.52,219.52,122.71,Delivered,5,7
11626,2026-02-23,C00942,Buenos Aires,Consumer,Marketplace,Tech,USB-C dock,1,113.93,113.93,66.17,Delivered,5,4
11627,2026-02-23,C00025,Buenos Aires,SMB,Website,Cleaning,Disinfectant 5L,1,16.01,16.01,8.3,Delivered,3,1
11628,2026-02-23,C00048,Cuyo,Consumer,Sales rep,Tech,USB-C dock,3,122.54,367.62,246.58,Delivered,5,3
11629,2026-02-23,C00005,Cuyo,SMB,Sales rep,Tech,27in monitor,5,231.57,1157.85,794.43,Delivered,3,2
11630,2026-02-23,C00285,Cuyo,Enterprise,Website,Office,Paper A4 box,1,17.56,17.56,12.27,Delivered,3,4
11631,2026-02-23,C00106,Cuyo,SMB,Sales rep,Tech,USB-C dock,1,125.8,125.8,81.35,Delivered,5,2
11632,2026-02-23,C00003,Córdoba,Consumer,Sales rep,Cleaning,Disinfectant 5L,4,14.93,59.72,37.85,Delivered,5,4
11633,2026-02-23,C00001,Cuyo,SMB,Sales rep,Office,Paper A4 box,5,19.42,97.1,56.48,Delivered,3,3
11634,2026-02-24,C00007,Cuyo,SMB,Website,Tech,USB-C dock,3,126.91,380.73,242.96,Delivered,2,1
11635,2026-02-24,C00001,Cuyo,SMB,Marketplace,Office,Toner cartridge,3,67.7,203.1,118.34,Delivered,2,2
11636,2026-02-24,C00070,Cuyo,Consumer,Sales rep,Cleaning,Paper towels x12,5,20.82,104.1,63.84,Delivered,5,5
11637,2026-02-24,C00149,Córdoba,SMB,Website,Office,Ergonomic chair,6,204.5,1227.0,778.84,Delivered,2,1
11638,2026-02-24,C00001,Cuyo,SMB,Marketplace,Tech,27in monitor,7,233.31,1633.17,1151.41,Delivered,2,2
11639,2026-02-24,C00037,Córdoba,Enterprise,Marketplace,Office,Toner cartridge,6,60.44,362.64,245.75,Returned,2,1
11640,2026-02-24,C00012,Buenos Aires,Consumer,Website,Tech,27in monitor,3,231.55,694.65,469.1,Delivered,3,3
11641,2026-02-24,C01994,Buenos Aires,Enterprise,Marketplace,Office,Paper A4 box,7,17.18,120.26,81.29,Delivered,5,6
11642,2026-02-24,C03207,Cuyo,SMB,Marketplace,Office,Ergonomic chair,2,204.04,408.08,284.22,Delivered,2,1
11643,2026-02-24,C00001,Cuyo,SMB,Website,Office,Paper A4 box,2,17.94,35.88,22.65,Delivered,3,1
11644,2026-02-24,C00016,Córdoba,Consumer,Marketplace,Cleaning,Paper towels x12,6,21.64,129.84,83.05,Delivered,3,2
11645,2026-02-24,C02801,Cuyo,Consumer,Sales rep,Cleaning,Disinfectant 5L,2,14.89,29.78,19.05,Delivered,5,5
11646,2026-02-24,C00022,Cuyo,SMB,Website,Office,Toner cartridge,7,61.31,429.17,275.39,Returned,2,1
11647,2026-02-24,C00027,Cuyo,SMB,Website,Tech,27in monitor,1,233.95,233.95,152.48,Delivered,3,3
11648,2026-02-24,C02272,Buenos Aires,Consumer,Website,Tech,Wireless mouse,4,21.44,85.76,49.35,Delivered,3,2
11649,2026-02-24,C03076,Buenos Aires,SMB,Sales rep,Cleaning,Paper towels x12,4,20.32,81.28,51.76,Delivered,2,1
11650,2026-02-24,C00280,Buenos Aires,SMB,Website,Tech,USB-C dock,3,111.65,334.95,232.37,Delivered,2,1
11651,2026-02-24,C00053,Cuyo,Consumer,Website,Office,Ergonomic chair,5,218.57,1092.85,674.94,Delivered,5,5
11652,2026-02-24,C03405,NOA,SMB,Marketplace,Office,Ergonomic chair,5,223.39,1116.95,697.71,Delivered,5,5
11653,2026-02-24,C00145,Córdoba,Consumer,Marketplace,Cleaning,Disinfectant 5L,2,15.53,31.06,19.18,Delivered,2,1
11654,2026-02-24,C00048,Cuyo,Consumer,Marketplace,Office,Paper A4 box,7,16.66,116.62,70.0,Delivered,5,4
11655,2026-02-24,C00002,Buenos Aires,SMB,Website,Cleaning,Paper towels x12,4,20.83,83.32,47.17,Delivered,3,2
11656,2026-02-25,C00952,Patagonia,SMB,Sales rep,Office,Paper A4 box,7,16.64,116.48,87.92,Delivered,2,1
11657,2026-02-25,C00876,Patagonia,SMB,Marketplace,Tech,27in monitor,2,261.36,522.72,294.72,Delivered,3,1
11658,2026-02-25,C00001,Cuyo,SMB,Website,Office,Toner cartridge,5,68.57,342.85,179.32,Delivered,2,2
11659,2026-02-25,C00080,Buenos Aires,SMB,Website,Cleaning,Disinfectant 5L,1,15.13,15.13,8.85,Delivered,5,4
11660,2026-02-25,C00136,NOA,SMB,Website,Cleaning,Disinfectant 5L,7,16.14,112.98,59.3,Delivered,2,1
11661,2026-02-25,C00001,Cuyo,SMB,Website,Cleaning,Disinfectant 5L,3,16.02,48.06,26.54,Delivered,2,1
11662,2026-02-25,C02030,Córdoba,Consumer,Sales rep,Cleaning,Paper towels x12,5,19.89,99.45,69.03,Delivered,5,6
11663,2026-02-25,C00004,Cuyo,Consumer,Website,Cleaning,Disinfectant 5L,6,15.59,93.54,53.19,Delivered,5,6
11664,2026-02-25,C01798,Buenos Aires,Enterprise,Website,Office,Paper A4 box,2,16.75,33.5,23.37,Delivered,5,4
11665,2026-02-25,C00159,Buenos Aires,SMB,Website,Office,Toner cartridge,4,67.93,271.72,167.82,Delivered,3,3
11666,2026-02-25,C02362,Buenos Aires,SMB,Website,Tech,Wireless mouse,2,23.29,46.58,25.73,Delivered,5,3
11667,2026-02-26,C03682,Cuyo,SMB,Sales rep,Cleaning,Paper towels x12,4,22.19,88.76,55.33,Delivered,5,6
11668,2026-02-26,C00473,Córdoba,Consumer,Marketplace,Tech,Wireless mouse,4,23.3,93.2,53.39,Delivered,2,2
11669,2026-02-26,C00004,Cuyo,Consumer,Marketplace,Office,Ergonomic chair,2,209.08,418.16,274.85,Delivered,3,2
11670,2026-02-26,C00004,Cuyo,Consumer,Marketplace,Cleaning,Disinfectant 5L,4,15.63,62.52,34.93,Delivered,3,4
11671,2026-02-26,C00004,Cuyo,Consumer,Marketplace,Tech,Wireless mouse,1,22.79,22.79,14.56,Delivered,2,1
11672,2026-02-26,C00001,Cuyo,SMB,Website,Cleaning,Paper towels x12,2,19.46,38.92,27.61,Delivered,2,2
11673,2026-02-26,C00029,Patagonia,Consumer,Website,Office,Toner cartridge,5,60.36,301.8,211.99,Delivered,3,3
11674,2026-02-26,C00572,Buenos Aires,Consumer,Website,Cleaning,Disinfectant 5L,6,13.8,82.8,50.62,Delivered,2,1
11675,2026-02-26,C01703,Patagonia,SMB,Marketplace,Tech,Wireless mouse,3,22.97,68.91,43.64,Cancelled,2,2
11676,2026-02-26,C01521,Cuyo,Consumer,Website,Tech,Wireless mouse,4,20.74,82.96,56.54,Delivered,2,1
11677,2026-02-26,C00023,Buenos Aires,Consumer,Sales rep,Tech,27in monitor,2,263.94,527.88,330.32,Delivered,3,2
11678,2026-02-26,C00002,Buenos Aires,SMB,Marketplace,Tech,USB-C dock,3,114.84,344.52,239.85,Delivered,2,2
11679,2026-02-26,C00107,Buenos Aires,Consumer,Website,Tech,USB-C dock,4,120.3,481.2,314.03,Cancelled,3,3
11680,2026-02-26,C00117,Buenos Aires,Consumer,Website,Tech,USB-C dock,2,124.35,248.7,166.25,Delivered,5,3
11681,2026-02-26,C00001,Cuyo,SMB,Marketplace,Tech,USB-C dock,7,124.5,871.5,571.45,Delivered,5,3
11682,2026-02-26,C00001,Cuyo,SMB,Website,Tech,Wireless mouse,7,22.18,155.26,105.9,Delivered,2,1
11683,2026-02-26,C00002,Buenos Aires,SMB,Website,Tech,27in monitor,4,241.4,965.6,664.74,Delivered,3,3
11684,2026-02-26,C00044,Buenos Aires,Consumer,Website,Office,Paper A4 box,2,17.45,34.9,24.72,Delivered,5,4
11685,2026-02-26,C01455,Buenos Aires,SMB,Website,Tech,27in monitor,7,238.18,1667.26,1154.6,Delivered,3,4
11686,2026-02-26,C00010,Córdoba,SMB,Sales rep,Tech,USB-C dock,1,126.58,126.58,66.95,Delivered,5,4
11687,2026-02-26,C01845,Buenos Aires,Enterprise,Website,Cleaning,Disinfectant 5L,1,15.74,15.74,9.03,Delivered,3,2
11688,2026-02-26,C03098,Cuyo,SMB,Marketplace,Office,Toner cartridge,3,60.69,182.07,121.52,Delivered,2,1
11689,2026-02-27,C00030,Cuyo,Consumer,Website,Office,Paper A4 box,6,16.93,101.58,73.12,Delivered,5,4
11690,2026-02-27,C02984,Cuyo,Enterprise,Sales rep,Office,Paper A4 box,4,17.89,71.56,45.05,Delivered,2,1
11691,2026-02-27,C00005,Cuyo,SMB,Website,Tech,USB-C dock,4,120.78,483.12,281.49,Delivered,3,2
11692,2026-02-27,C00004,Cuyo,Consumer,Website,Tech,27in monitor,4,228.27,913.08,645.6,Delivered,2,2
11693,2026-02-27,C00779,Cuyo,Consumer,Website,Office,Toner cartridge,5,66.31,331.55,220.98,Delivered,2,3
11694,2026-02-27,C00432,Buenos Aires,SMB,Marketplace,Cleaning,Paper towels x12,6,20.04,120.24,70.82,Delivered,5,6
11695,2026-02-27,C00850,Córdoba,Enterprise,Website,Office,Toner cartridge,1,64.32,64.32,38.0,Delivered,5,5
11696,2026-02-27,C00012,Buenos Aires,Consumer,Website,Cleaning,Disinfectant 5L,2,14.68,29.36,18.06,Delivered,3,2
11697,2026-02-27,C00005,Cuyo,SMB,Website,Tech,USB-C dock,2,122.37,244.74,134.12,Delivered,2,3
11698,2026-02-28,C01518,Patagonia,SMB,Website,Cleaning,Disinfectant 5L,1,15.13,15.13,10.01,Delivered,2,1
11699,2026-02-28,C00075,Cuyo,SMB,Website,Tech,USB-C dock,5,128.49,642.45,345.66,Delivered,5,3
11700,2026-02-28,C00166,Buenos Aires,Enterprise,Website,Tech,USB-C dock,6,120.9,725.4,426.57,Cancelled,3,1
11701,2026-02-28,C00650,Cuyo,SMB,Website,Tech,USB-C dock,3,115.49,346.47,219.84,Delivered,3,4
11702,2026-02-28,C00016,Córdoba,Consumer,Website,Tech,USB-C dock,3,122.43,367.29,251.62,Delivered,3,3
11703,2026-02-28,C03063,Cuyo,SMB,Marketplace,Tech,27in monitor,6,238.12,1428.72,819.12,Delivered,5,5
11704,2026-02-28,C00022,Cuyo,SMB,Website,Tech,USB-C dock,3,126.86,380.58,217.07,Delivered,3,3
11705,2026-02-28,C00010,Córdoba,SMB,Sales rep,Tech,27in monitor,2,240.18,480.36,272.96,Delivered,5,4
11706,2026-02-28,C00142,Buenos Aires,SMB,Sales rep,Office,Ergonomic chair,2,195.96,391.92,244.81,Delivered,5,4
11707,2026-03-01,C00464,Cuyo,SMB,Sales rep,Tech,USB-C dock,3,128.87,386.61,219.15,Delivered,5,5
11708,2026-03-01,C00006,NOA,Enterprise,Website,Cleaning,Paper towels x12,4,20.98,83.92,46.66,Delivered,5,4
11709,2026-03-01,C00014,Cuyo,SMB,Website,Cleaning,Disinfectant 5L,7,15.13,105.91,70.85,Delivered,2,1
11710,2026-03-01,C00002,Buenos Aires,SMB,Website,Cleaning,Paper towels x12,6,19.33,115.98,79.77,Delivered,2,1
11711,2026-03-01,C00223,Cuyo,Consumer,Sales rep,Office,Paper A4 box,6,16.83,100.98,60.11,Delivered,3,2
11712,2026-03-01,C00118,Cuyo,Consumer,Sales rep,Tech,USB-C dock,2,122.94,245.88,145.14,Delivered,2,1
11713,2026-03-01,C03696,Buenos Aires,Consumer,Website,Cleaning,Disinfectant 5L,4,16.09,64.36,41.63,Delivered,5,3
11714,2026-03-01,C00036,Cuyo,Consumer,Marketplace,Tech,Wireless mouse,7,23.75,166.25,101.84,Delivered,5,1
11715,2026-03-01,C01350,Buenos Aires,SMB,Sales rep,Office,Paper A4 box,6,17.67,106.02,68.15,Delivered,2,1
11716,2026-03-02,C00045,NOA,SMB,Website,Tech,USB-C dock,3,126.8,380.4,229.97,Delivered,2,3
11717,2026-03-02,C00344,Córdoba,Consumer,Marketplace,Office,Toner cartridge,6,66.28,397.68,226.81,Delivered,3,1
11718,2026-03-02,C00028,Patagonia,SMB,Website,Cleaning,Disinfectant 5L,5,14.88,74.4,47.16,Delivered,2,1
11719,2026-03-02,C00520,NOA,SMB,Website,Office,Paper A4 box,6,17.74,106.44,70.9,Delivered,3,1
11720,2026-03-02,C00126,Córdoba,Consumer,Marketplace,Cleaning,Paper towels x12,6,20.69,124.14,84.89,Delivered,3,1
11721,2026-03-02,C00001,Cuyo,SMB,Sales rep,Office,Paper A4 box,6,18.47,110.82,62.51,Delivered,3,3
11722,2026-03-02,C00001,Cuyo,SMB,Website,Office,Toner cartridge,4,64.46,257.84,168.0,Delivered,2,1
11723,2026-03-02,C00002,Buenos Aires,SMB,Sales rep,Cleaning,Disinfectant 5L,6,15.92,95.52,62.52,Delivered,5,6
11724,2026-03-02,C00137,Córdoba,Enterprise,Website,Tech,Wireless mouse,4,22.65,90.6,49.78,Delivered,5,6
11725,2026-03-02,C00017,Córdoba,Enterprise,Website,Office,Paper A4 box,6,18.85,113.1,75.52,Delivered,2,4
11726,2026-03-02,C00001,Cuyo,SMB,Sales rep,Tech,USB-C dock,3,129.02,387.06,216.67,Delivered,3,2
11727,2026-03-02,C00006,NOA,Enterprise,Marketplace,Office,Toner cartridge,2,64.39,128.78,80.4,Delivered,5,4
11728,2026-03-02,C02295,NOA,SMB,Website,Cleaning,Disinfectant 5L,4,13.95,55.8,37.58,Delivered,3,2
11729,2026-03-02,C00110,Cuyo,Consumer,Website,Cleaning,Paper towels x12,5,20.85,104.25,58.06,Delivered,5,5
11730,2026-03-02,C00014,Cuyo,SMB,Website,Tech,27in monitor,3,264.21,792.63,407.76,Delivered,3,3
11731,2026-03-02,C00119,Córdoba,SMB,Marketplace,Tech,27in monitor,1,247.78,247.78,156.27,Delivered,3,3
11732,2026-03-02,C00081,Cuyo,Consumer,Marketplace,Tech,USB-C dock,5,121.2,606.0,350.37,Delivered,5,2
11733,2026-03-02,C00031,Buenos Aires,SMB,Website,Cleaning,Paper towels x12,3,21.09,63.27,43.11,Delivered,3,2
11734,2026-03-02,C00001,Cuyo,SMB,Website,Tech,USB-C dock,4,120.67,482.68,283.68,Delivered,3,4
11735,2026-03-02,C01960,Cuyo,Consumer,Website,Office,Toner cartridge,5,63.8,319.0,204.43,Delivered,5,5
11736,2026-03-02,C00007,Cuyo,SMB,Website,Office,Paper A4 box,6,18.95,113.7,74.7,Delivered,2,1
11737,2026-03-03,C00023,Buenos Aires,Consumer,Sales rep,Office,Toner cartridge,4,60.89,243.56,171.6,Delivered,2,2
11738,2026-03-03,C00003,Córdoba,Consumer,Website,Tech,USB-C dock,4,123.66,494.64,301.45,Delivered,5,4
11739,2026-03-03,C00316,Córdoba,Consumer,Marketplace,Cleaning,Paper towels x12,7,19.98,139.86,95.53,Delivered,3,1
11740,2026-03-03,C02423,Cuyo,Consumer,Sales rep,Cleaning,Disinfectant 5L,3,15.92,47.76,26.44,Delivered,2,1
11741,2026-03-03,C00827,Buenos Aires,SMB,Website,Tech,Wireless mouse,1,21.04,21.04,15.24,Delivered,5,3
11742,2026-03-03,C00002,Buenos Aires,SMB,Website,Office,Ergonomic chair,6,217.66,1305.96,856.76,Delivered,2,1
11743,2026-03-03,C00210,Buenos Aires,Consumer,Website,Office,Toner cartridge,4,60.01,240.04,144.05,Delivered,5,3
11744,2026-03-03,C00130,Buenos Aires,Consumer,Marketplace,Cleaning,Disinfectant 5L,5,15.62,78.1,52.03,Delivered,5,7
11745,2026-03-03,C00092,Patagonia,SMB,Sales rep,Cleaning,Disinfectant 5L,3,13.95,41.85,28.34,Delivered,5,5
11746,2026-03-03,C00126,Córdoba,Consumer,Sales rep,Tech,27in monitor,1,236.62,236.62,166.23,Delivered,5,4
11747,2026-03-03,C00352,Córdoba,Enterprise,Marketplace,Office,Toner cartridge,5,60.92,304.6,213.03,Delivered,2,1
11748,2026-03-03,C00151,Cuyo,SMB,Sales rep,Tech,Wireless mouse,7,22.72,159.04,89.0,Delivered,5,7
11749,2026-03-03,C02393,Patagonia,SMB,Website,Office,Ergonomic chair,6,193.6,1161.6,741.45,Delivered,2,1
11750,2026-03-03,C00119,Córdoba,SMB,Website,Tech,USB-C dock,2,115.06,230.12,156.85,Delivered,3,1
11751,2026-03-03,C00632,Cuyo,SMB,Sales rep,Office,Paper A4 box,3,18.9,56.7,33.62,Delivered,3,1
11752,2026-03-03,C00045,NOA,SMB,Website,Office,Ergonomic chair,6,210.81,1264.86,786.59,Delivered,3,2
11753,2026-03-03,C02074,Cuyo,SMB,Sales rep,Office,Paper A4 box,7,17.59,123.13,82.1,Delivered,3,2
11754,2026-03-03,C00057,Buenos Aires,Enterprise,Website,Tech,USB-C dock,3,113.3,339.9,204.87,Delivered,5,5
11755,2026-03-03,C00453,Córdoba,Consumer,Website,Cleaning,Disinfectant 5L,1,13.99,13.99,10.09,Delivered,3,2
11756,2026-03-03,C00303,Cuyo,SMB,Marketplace,Office,Paper A4 box,3,18.07,54.21,31.25,Delivered,5,4
11757,2026-03-03,C00266,Patagonia,SMB,Website,Office,Paper A4 box,6,18.13,108.78,71.51,Delivered,5,6
11758,2026-03-03,C00056,Buenos Aires,Consumer,Marketplace,Office,Toner cartridge,1,63.98,63.98,44.13,Delivered,2,1
11759,2026-03-03,C00933,Cuyo,Consumer,Website,Office,Toner cartridge,7,66.78,467.46,293.89,Delivered,5,5
11760,2026-03-04,C00141,Cuyo,SMB,Website,Tech,USB-C dock,3,111.75,335.25,216.64,Delivered,2,3
11761,2026-03-04,C00010,Córdoba,SMB,Sales rep,Tech,Wireless mouse,3,20.38,61.14,43.77,Delivered,3,1
11762,2026-03-04,C00726,Cuyo,SMB,Marketplace,Tech,27in monitor,5,237.6,1188.0,800.31,Delivered,2,1
11763,2026-03-04,C00003,Córdoba,Consumer,Website,Office,Toner cartridge,3,62.89,188.67,106.55,Delivered,2,1
11764,2026-03-04,C00021,NOA,SMB,Website,Tech,27in monitor,5,233.73,1168.65,798.47,Returned,3,4
11765,2026-03-04,C02801,Cuyo,Consumer,Website,Tech,Wireless mouse,4,22.03,88.12,61.15,Delivered,3,2
11766,2026-03-04,C00019,Patagonia,Consumer,Website,Tech,27in monitor,1,261.82,261.82,139.39,Delivered,2,1
11767,2026-03-04,C01895,Buenos Aires,SMB,Marketplace,Tech,USB-C dock,6,116.17,697.02,491.38,Delivered,3,3
11768,2026-03-04,C00013,Córdoba,Enterprise,Marketplace,Tech,27in monitor,1,243.64,243.64,161.73,Delivered,5,3
11769,2026-03-04,C00014,Cuyo,SMB,Sales rep,Tech,27in monitor,2,238.74,477.48,324.33,Returned,2,1
11770,2026-03-04,C00266,Patagonia,SMB,Sales rep,Office,Ergonomic chair,7,226.13,1582.91,912.0,Delivered,3,2
11771,2026-03-04,C00338,NOA,SMB,Marketplace,Office,Toner cartridge,3,66.26,198.78,130.17,Delivered,5,4
11772,2026-03-04,C00617,Buenos Aires,SMB,Sales rep,Tech,USB-C dock,6,120.32,721.92,451.0,Delivered,3,1
11773,2026-03-05,C00074,Cuyo,SMB,Sales rep,Tech,27in monitor,7,244.85,1713.95,1131.21,Delivered,3,4
11774,2026-03-05,C01893,Buenos Aires,Consumer,Website,Office,Paper A4 box,4,17.18,68.72,45.63,Delivered,2,2
11775,2026-03-05,C00005,Cuyo,SMB,Website,Cleaning,Disinfectant 5L,3,15.79,47.37,25.98,Delivered,3,3
11776,2026-03-05,C00051,Buenos Aires,SMB,Marketplace,Tech,27in monitor,2,231.3,462.6,336.39,Returned,2,1
11777,2026-03-05,C01221,Córdoba,Consumer,Marketplace,Cleaning,Disinfectant 5L,5,14.91,74.55,49.93,Delivered,3,1
11778,2026-03-05,C01209,Buenos Aires,SMB,Marketplace,Cleaning,Disinfectant 5L,3,15.98,47.94,28.59,Delivered,5,5
11779,2026-03-05,C00256,Buenos Aires,Consumer,Website,Office,Ergonomic chair,6,218.22,1309.32,726.62,Delivered,5,4
11780,2026-03-05,C00121,Cuyo,Consumer,Website,Cleaning,Paper towels x12,4,20.94,83.76,49.31,Delivered,3,3
11781,2026-03-05,C00760,Cuyo,Consumer,Website,Office,Paper A4 box,7,17.14,119.98,84.91,Delivered,3,1
11782,2026-03-05,C00003,Córdoba,Consumer,Marketplace,Cleaning,Disinfectant 5L,3,14.23,42.69,25.27,Delivered,3,1
11783,2026-03-05,C00028,Patagonia,SMB,Marketplace,Cleaning,Paper towels x12,7,22.57,157.99,82.12,Delivered,3,1
11784,2026-03-05,C01154,Patagonia,Enterprise,Website,Tech,27in monitor,1,257.12,257.12,151.32,Delivered,5,4
11785,2026-03-05,C01907,Córdoba,Consumer,Website,Office,Ergonomic chair,3,195.03,585.09,384.49,Returned,2,1
11786,2026-03-05,C00309,Córdoba,Consumer,Marketplace,Cleaning,Paper towels x12,3,20.58,61.74,42.54,Delivered,3,2
11787,2026-03-05,C00037,Córdoba,Enterprise,Marketplace,Office,Paper A4 box,4,18.71,74.84,41.37,Delivered,5,4
11788,2026-03-05,C00030,Cuyo,Consumer,Website,Office,Paper A4 box,7,17.52,122.64,75.55,Delivered,2,1
11789,2026-03-05,C00040,Cuyo,Consumer,Website,Tech,27in monitor,4,237.11,948.44,595.31,Delivered,2,1
11790,2026-03-05,C00018,Buenos Aires,SMB,Website,Office,Paper A4 box,2,18.58,37.16,21.01,Delivered,5,4
11791,2026-03-05,C00006,NOA,Enterprise,Website,Office,Toner cartridge,2,61.73,123.46,71.23,Delivered,2,1
11792,2026-03-05,C01166,Cuyo,Consumer,Website,Cleaning,Paper towels x12,1,22.57,22.57,12.69,Delivered,2,2
11793,2026-03-05,C00724,Córdoba,Consumer,Sales rep,Office,Paper A4 box,5,16.91,84.55,52.34,Delivered,2,2
11794,2026-03-05,C03795,NOA,Enterprise,Sales rep,Tech,27in monitor,3,257.87,773.61,503.4,Delivered,3,1
11795,2026-03-05,C02599,Buenos Aires,SMB,Marketplace,Cleaning,Disinfectant 5L,7,15.7,109.9,69.3,Delivered,3,1
11796,2026-03-05,C00040,Cuyo,Consumer,Sales rep,Cleaning,Disinfectant 5L,1,14.38,14.38,9.21,Delivered,3,2
11797,2026-03-05,C01874,Buenos Aires,Consumer,Website,Office,Paper A4 box,1,17.46,17.46,9.92,Delivered,5,5
11798,2026-03-05,C02760,Cuyo,Consumer,Marketplace,Tech,27in monitor,7,234.87,1644.09,1020.66,Delivered,2,2
11799,2026-03-05,C02702,Cuyo,SMB,Website,Office,Toner cartridge,7,64.54,451.78,297.99,Delivered,2,2
11800,2026-03-05,C00067,Cuyo,Consumer,Marketplace,Cleaning,Paper towels x12,6,20.75,124.5,73.21,Delivered,2,1
11801,2026-03-05,C00029,Patagonia,Consumer,Sales rep,Office,Paper A4 box,6,18.11,108.66,72.24,Delivered,5,5
11802,2026-03-06,C00528,Patagonia,SMB,Website,Tech,27in monitor,3,263.99,791.97,493.7,Delivered,3,4
11803,2026-03-06,C00013,Córdoba,Enterprise,Website,Office,Paper A4 box,7,18.42,128.94,84.13,Delivered,5,6
11804,2026-03-06,C00048,Cuyo,Consumer,Sales rep,Office,Toner cartridge,5,66.52,332.6,212.38,Delivered,3,3
11805,2026-03-06,C01385,Córdoba,Consumer,Website,Office,Paper A4 box,4,18.45,73.8,49.56,Delivered,5,3
11806,2026-03-06,C00012,Buenos Aires,Consumer,Website,Office,Toner cartridge,4,64.47,257.88,152.47,Delivered,3,2
11807,2026-03-06,C03595,Córdoba,SMB,Website,Office,Paper A4 box,6,19.09,114.54,75.56,Delivered,5,5
11808,2026-03-06,C00179,Cuyo,SMB,Marketplace,Tech,Wireless mouse,7,21.62,151.34,85.71,Delivered,5,4
11809,2026-03-06,C03317,Buenos Aires,SMB,Website,Tech,27in monitor,4,260.73,1042.92,609.74,Delivered,2,1
11810,2026-03-06,C01686,Buenos Aires,Consumer,Website,Office,Ergonomic chair,5,210.21,1051.05,592.07,Delivered,3,1
11811,2026-03-06,C00175,Córdoba,SMB,Website,Cleaning,Paper towels x12,2,22.55,45.1,25.53,Delivered,2,1
11812,2026-03-06,C00034,Patagonia,Consumer,Marketplace,Office,Toner cartridge,7,59.47,416.29,305.15,Delivered,3,3
11813,2026-03-06,C00005,Cuyo,SMB,Sales rep,Office,Toner cartridge,2,66.07,132.14,83.98,Delivered,2,2
11814,2026-03-06,C00183,Buenos Aires,SMB,Website,Office,Toner cartridge,2,60.61,121.22,79.46,Delivered,2,1
11815,2026-03-06,C03783,Cuyo,SMB,Website,Office,Ergonomic chair,5,199.34,996.7,707.21,Delivered,2,1
11816,2026-03-06,C00193,Buenos Aires,SMB,Marketplace,Tech,27in monitor,7,247.81,1734.67,1018.71,Delivered,3,2
11817,2026-03-06,C00150,Cuyo,SMB,Website,Tech,USB-C dock,6,121.67,730.02,472.34,Delivered,2,1
11818,2026-03-06,C00711,Cuyo,SMB,Website,Office,Toner cartridge,3,63.1,189.3,116.1,Delivered,2,3
11819,2026-03-06,C03966,Córdoba,Enterprise,Sales rep,Office,Paper A4 box,7,16.71,116.97,73.75,Delivered,5,3
11820,2026-03-06,C03486,Buenos Aires,Enterprise,Website,Office,Ergonomic chair,3,211.54,634.62,430.03,Delivered,2,1
11821,2026-03-06,C00299,Buenos Aires,Consumer,Website,Cleaning,Disinfectant 5L,1,13.85,13.85,10.06,Delivered,2,3
11822,2026-03-07,C00003,Córdoba,Consumer,Website,Tech,27in monitor,5,227.83,1139.15,793.84,Delivered,3,3
11823,2026-03-07,C01908,Córdoba,Consumer,Website,Office,Paper A4 box,2,16.86,33.72,21.92,Delivered,5,3
11824,2026-03-07,C00005,Cuyo,SMB,Marketplace,Tech,USB-C dock,1,123.65,123.65,83.57,Returned,5,4
11825,2026-03-07,C00011,Buenos Aires,Enterprise,Marketplace,Office,Paper A4 box,5,16.61,83.05,61.69,Delivered,3,3
11826,2026-03-07,C00007,Cuyo,SMB,Sales rep,Office,Ergonomic chair,4,203.0,812.0,510.58,Delivered,5,4
11827,2026-03-07,C02192,Buenos Aires,Consumer,Marketplace,Tech,USB-C dock,5,112.36,561.8,367.59,Delivered,5,3
11828,2026-03-07,C00338,NOA,SMB,Marketplace,Office,Ergonomic chair,5,193.26,966.3,656.8,Delivered,5,4
11829,2026-03-08,C00015,Cuyo,Consumer,Website,Tech,27in monitor,4,233.9,935.6,656.03,Delivered,2,1
11830,2026-03-08,C00005,Cuyo,SMB,Website,Tech,Wireless mouse,3,23.66,70.98,36.65,Delivered,3,4
11831,2026-03-08,C00005,Cuyo,SMB,Website,Tech,USB-C dock,3,124.37,373.11,212.56,Delivered,5,5
11832,2026-03-08,C00016,Córdoba,Consumer,Website,Tech,Wireless mouse,4,20.62,82.48,48.61,Cancelled,3,3
11833,2026-03-08,C00022,Cuyo,SMB,Website,Tech,USB-C dock,5,111.24,556.2,402.9,Delivered,5,3
11834,2026-03-08,C00001,Cuyo,SMB,Sales rep,Tech,27in monitor,2,249.14,498.28,318.78,Delivered,3,2
11835,2026-03-08,C00796,Buenos Aires,SMB,Website,Cleaning,Disinfectant 5L,6,15.23,91.38,50.03,Delivered,2,1
11836,2026-03-08,C00001,Cuyo,SMB,Website,Cleaning,Paper towels x12,3,19.39,58.17,43.07,Delivered,2,1
11837,2026-03-08,C01714,Patagonia,SMB,Website,Office,Paper A4 box,1,17.94,17.94,10.79,Delivered,3,2
11838,2026-03-09,C00035,Buenos Aires,SMB,Website,Cleaning,Disinfectant 5L,5,15.1,75.5,46.89,Delivered,2,1
11839,2026-03-09,C01629,Cuyo,SMB,Website,Office,Paper A4 box,4,18.6,74.4,39.84,Delivered,2,1
11840,2026-03-09,C00144,Patagonia,Consumer,Marketplace,Office,Ergonomic chair,3,210.96,632.88,388.95,Delivered,2,1
11841,2026-03-09,C02810,Cuyo,SMB,Website,Cleaning,Disinfectant 5L,2,15.86,31.72,17.78,Delivered,2,1
11842,2026-03-09,C03853,Buenos Aires,Enterprise,Marketplace,Office,Paper A4 box,7,18.47,129.29,73.54,Delivered,3,2
11843,2026-03-09,C00004,Cuyo,Consumer,Sales rep,Cleaning,Disinfectant 5L,5,15.28,76.4,44.89,Delivered,5,4
11844,2026-03-09,C00581,Córdoba,Consumer,Website,Office,Paper A4 box,2,18.98,37.96,21.58,Delivered,5,5
11845,2026-03-09,C00989,Córdoba,SMB,Sales rep,Tech,USB-C dock,2,120.67,241.34,136.75,Delivered,3,3
11846,2026-03-09,C00003,Córdoba,Consumer,Sales rep,Office,Paper A4 box,1,18.09,18.09,11.53,Delivered,3,1
11847,2026-03-09,C00028,Patagonia,SMB,Sales rep,Office,Toner cartridge,4,63.6,254.4,163.75,Delivered,5,6
11848,2026-03-09,C00049,Cuyo,SMB,Marketplace,Office,Paper A4 box,4,16.95,67.8,42.29,Delivered,5,5
11849,2026-03-09,C00515,Buenos Aires,SMB,Website,Cleaning,Paper towels x12,3,20.13,60.39,36.66,Delivered,3,3
11850,2026-03-09,C00105,Córdoba,Consumer,Marketplace,Office,Ergonomic chair,7,202.43,1417.01,864.36,Delivered,5,1
11851,2026-03-09,C00012,Buenos Aires,Consumer,Marketplace,Tech,27in monitor,7,228.68,1600.76,1151.57,Delivered,5,5
11852,2026-03-09,C02261,Buenos Aires,SMB,Website,Tech,USB-C dock,6,125.75,754.5,477.83,Delivered,5,4
11853,2026-03-09,C00221,NOA,Consumer,Sales rep,Tech,Wireless mouse,2,22.57,45.14,27.79,Delivered,2,2
11854,2026-03-09,C03902,Buenos Aires,SMB,Website,Tech,27in monitor,5,253.08,1265.4,804.9,Delivered,2,1
11855,2026-03-09,C00692,Patagonia,Consumer,Sales rep,Tech,USB-C dock,3,126.66,379.98,244.43,Delivered,5,5
11856,2026-03-09,C00016,Córdoba,Consumer,Sales rep,Tech,USB-C dock,7,128.32,898.24,516.89,Cancelled,2,2
11857,2026-03-10,C00003,Córdoba,Consumer,Marketplace,Cleaning,Paper towels x12,1,21.58,21.58,12.48,Delivered,2,1
11858,2026-03-10,C00124,Córdoba,SMB,Website,Tech,USB-C dock,2,112.26,224.52,151.59,Delivered,3,4
11859,2026-03-10,C00001,Cuyo,SMB,Website,Tech,USB-C dock,3,123.08,369.24,229.37,Delivered,3,2
11860,2026-03-10,C01253,Córdoba,SMB,Website,Cleaning,Disinfectant 5L,2,15.96,31.92,17.72,Delivered,5,4
11861,2026-03-10,C00010,Córdoba,SMB,Marketplace,Cleaning,Disinfectant 5L,4,14.85,59.4,39.33,Delivered,2,1
11862,2026-03-10,C00013,Córdoba,Enterprise,Website,Tech,27in monitor,5,242.83,1214.15,729.51,Delivered,2,3
11863,2026-03-10,C00035,Buenos Aires,SMB,Website,Office,Paper A4 box,3,18.12,54.36,31.82,Delivered,2,1
11864,2026-03-10,C00012,Buenos Aires,Consumer,Website,Tech,Wireless mouse,1,21.12,21.12,14.15,Delivered,3,2
11865,2026-03-10,C00035,Buenos Aires,SMB,Sales rep,Office,Toner cartridge,5,61.86,309.3,179.82,Delivered,3,3
11866,2026-03-10,C00021,NOA,SMB,Marketplace,Office,Toner cartridge,3,66.75,200.25,111.33,Delivered,3,4
11867,2026-03-10,C00157,Cuyo,SMB,Website,Office,Paper A4 box,7,16.86,118.02,83.66,Delivered,5,5
11868,2026-03-10,C00002,Buenos Aires,SMB,Marketplace,Office,Paper A4 box,1,18.05,18.05,11.2,Delivered,5,4
11869,2026-03-10,C00002,Buenos Aires,SMB,Sales rep,Tech,27in monitor,4,228.68,914.72,633.92,Delivered,3,1
11870,2026-03-11,C00179,Cuyo,SMB,Marketplace,Office,Paper A4 box,7,19.19,134.33,87.54,Delivered,3,3
11871,2026-03-11,C00920,Cuyo,Consumer,Sales rep,Cleaning,Paper towels x12,2,20.54,41.08,24.8,Delivered,5,4
11872,2026-03-11,C00006,NOA,Enterprise,Website,Tech,Wireless mouse,2,22.61,45.22,26.44,Delivered,5,5
11873,2026-03-11,C00053,Cuyo,Consumer,Sales rep,Tech,USB-C dock,4,111.89,447.56,293.71,Delivered,3,3
11874,2026-03-11,C00005,Cuyo,SMB,Marketplace,Office,Paper A4 box,4,18.07,72.28,47.6,Delivered,3,3
11875,2026-03-11,C00009,NOA,Consumer,Sales rep,Tech,Wireless mouse,4,22.43,89.72,61.42,Delivered,5,6
11876,2026-03-11,C00039,NOA,SMB,Website,Office,Ergonomic chair,6,225.28,1351.68,698.51,Delivered,2,2
11877,2026-03-11,C00029,Patagonia,Consumer,Website,Office,Toner cartridge,3,64.51,193.53,108.55,Returned,2,1
11878,2026-03-11,C00811,Buenos Aires,SMB,Website,Cleaning,Paper towels x12,5,20.76,103.8,69.17,Delivered,3,2
11879,2026-03-11,C00001,Cuyo,SMB,Marketplace,Tech,Wireless mouse,7,21.39,149.73,94.78,Delivered,3,2
11880,2026-03-11,C00007,Cuyo,SMB,Marketplace,Cleaning,Disinfectant 5L,5,16.15,80.75,44.92,Delivered,3,2
11881,2026-03-11,C00410,Buenos Aires,Enterprise,Website,Office,Ergonomic chair,1,193.62,193.62,133.63,Delivered,3,2
11882,2026-03-11,C00002,Buenos Aires,SMB,Sales rep,Cleaning,Disinfectant 5L,4,14.13,56.52,35.57,Delivered,2,2
11883,2026-03-11,C00101,Cuyo,Consumer,Marketplace,Office,Paper A4 box,3,18.07,54.21,30.43,Delivered,2,1
11884,2026-03-11,C00086,Buenos Aires,Enterprise,Website,Tech,27in monitor,4,234.42,937.68,675.24,Cancelled,3,1
11885,2026-03-11,C00007,Cuyo,SMB,Sales rep,Cleaning,Paper towels x12,2,20.54,41.08,24.8,Delivered,5,5
11886,2026-03-11,C00401,Buenos Aires,SMB,Website,Office,Toner cartridge,5,64.45,322.25,190.74,Delivered,2,1
11887,2026-03-11,C00019,Patagonia,Consumer,Website,Office,Ergonomic chair,4,201.03,804.12,581.32,Delivered,2,2
11888,2026-03-11,C00056,Buenos Aires,Consumer,Website,Tech,27in monitor,6,237.74,1426.44,833.78,Delivered,2,1
11889,2026-03-11,C00005,Cuyo,SMB,Website,Office,Ergonomic chair,1,201.13,201.13,120.02,Delivered,2,1
11890,2026-03-11,C02532,NOA,Consumer,Marketplace,Tech,Wireless mouse,4,21.18,84.72,51.02,Delivered,3,2
11891,2026-03-11,C00047,Buenos Aires,SMB,Website,Cleaning,Paper towels x12,6,19.71,118.26,76.56,Delivered,3,3
11892,2026-03-12,C00010,Córdoba,SMB,Marketplace,Tech,Wireless mouse,2,20.26,40.52,27.0,Delivered,2,2
11893,2026-03-12,C00110,Cuyo,Consumer,Marketplace,Tech,Wireless mouse,2,21.91,43.82,29.09,Delivered,5,7
11894,2026-03-12,C00605,Cuyo,Consumer,Sales rep,Tech,27in monitor,4,232.7,930.8,580.32,Delivered,2,1
11895,2026-03-12,C00486,Buenos Aires,Enterprise,Website,Office,Toner cartridge,5,64.29,321.45,192.16,Delivered,3,1
11896,2026-03-12,C00115,Córdoba,Consumer,Website,Office,Ergonomic chair,1,212.09,212.09,136.47,Delivered,5,5
11897,2026-03-12,C02379,Cuyo,Enterprise,Sales rep,Tech,27in monitor,7,264.11,1848.77,1193.5,Delivered,3,2
11898,2026-03-12,C03537,Patagonia,SMB,Website,Office,Ergonomic chair,1,195.69,195.69,127.09,Delivered,3,1
11899,2026-03-12,C00869,Córdoba,Consumer,Website,Tech,27in monitor,2,252.56,505.12,289.18,Delivered,3,3
11900,2026-03-12,C02573,Córdoba,Consumer,Marketplace,Tech,Wireless mouse,1,22.57,22.57,14.98,Delivered,5,5
11901,2026-03-12,C00035,Buenos Aires,SMB,Marketplace,Tech,USB-C dock,6,129.43,776.58,401.55,Delivered,2,2
11902,2026-03-12,C01019,Buenos Aires,SMB,Website,Tech,27in monitor,7,240.0,1680.0,1189.15,Delivered,3,2
11903,2026-03-12,C00008,Cuyo,SMB,Marketplace,Office,Toner cartridge,6,59.1,354.6,220.96,Delivered,5,4
11904,2026-03-12,C00143,Cuyo,SMB,Website,Cleaning,Disinfectant 5L,5,14.51,72.55,50.13,Cancelled,3,1
11905,2026-03-12,C00349,Cuyo,SMB,Marketplace,Office,Paper A4 box,4,17.87,71.48,44.57,Delivered,5,5
11906,2026-03-12,C00002,Buenos Aires,SMB,Website,Tech,USB-C dock,6,112.63,675.78,439.62,Delivered,2,1
11907,2026-03-12,C00012,Buenos Aires,Consumer,Website,Office,Ergonomic chair,7,215.5,1508.5,870.53,Delivered,2,3
11908,2026-03-13,C00018,Buenos Aires,SMB,Website,Office,Paper A4 box,4,18.91,75.64,45.33,Delivered,5,3
11909,2026-03-13,C00004,Cuyo,Consumer,Marketplace,Office,Paper A4 box,6,17.04,102.24,62.22,Delivered,3,4
11910,2026-03-13,C01917,Córdoba,SMB,Sales rep,Tech,USB-C dock,7,116.78,817.46,570.51,Delivered,5,2
11911,2026-03-13,C00001,Cuyo,SMB,Website,Office,Paper A4 box,6,18.17,109.02,75.41,Delivered,3,2
11912,2026-03-13,C00514,Buenos Aires,SMB,Website,Office,Ergonomic chair,1,197.76,197.76,146.31,Delivered,3,3
11913,2026-03-13,C00707,Córdoba,Consumer,Marketplace,Tech,Wireless mouse,5,20.76,103.8,74.58,Delivered,3,2
11914,2026-03-13,C00944,Patagonia,SMB,Sales rep,Cleaning,Paper towels x12,4,21.91,87.64,47.61,Delivered,2,2
11915,2026-03-13,C00007,Cuyo,SMB,Sales rep,Office,Toner cartridge,5,68.27,341.35,185.91,Delivered,2,2
11916,2026-03-13,C00002,Buenos Aires,SMB,Website,Office,Toner cartridge,6,63.03,378.18,239.57,Delivered,2,1
11917,2026-03-13,C00068,Buenos Aires,Consumer,Website,Cleaning,Paper towels x12,3,22.0,66.0,38.63,Cancelled,3,2
11918,2026-03-13,C01133,Córdoba,Enterprise,Marketplace,Office,Ergonomic chair,7,219.45,1536.15,954.86,Delivered,5,4
11919,2026-03-13,C01193,Buenos Aires,Consumer,Sales rep,Office,Toner cartridge,1,67.84,67.84,43.45,Delivered,5,4
11920,2026-03-13,C01225,Patagonia,Consumer,Marketplace,Tech,Wireless mouse,6,22.34,134.04,91.3,Delivered,5,5
11921,2026-03-13,C00858,Cuyo,Consumer,Website,Tech,USB-C dock,4,119.17,476.68,264.29,Delivered,5,3
11922,2026-03-13,C00427,Cuyo,SMB,Website,Cleaning,Disinfectant 5L,3,15.71,47.13,27.91,Delivered,2,1
11923,2026-03-13,C01395,Cuyo,SMB,Website,Tech,Wireless mouse,6,20.99,125.94,84.72,Delivered,5,4
11924,2026-03-13,C01660,Córdoba,SMB,Marketplace,Office,Toner cartridge,5,64.9,324.5,192.66,Delivered,5,3
11925,2026-03-13,C00967,Buenos Aires,Consumer,Sales rep,Tech,USB-C dock,2,123.98,247.96,145.97,Delivered,2,1
11926,2026-03-13,C01145,Buenos Aires,SMB,Website,Office,Paper A4 box,2,18.95,37.9,24.13,Delivered,5,7
11927,2026-03-14,C00077,Buenos Aires,Enterprise,Website,Tech,27in monitor,1,229.16,229.16,160.65,Delivered,3,4
11928,2026-03-14,C00017,Córdoba,Enterprise,Sales rep,Office,Ergonomic chair,2,202.08,404.16,280.96,Delivered,3,3
11929,2026-03-14,C00390,Córdoba,SMB,Website,Office,Toner cartridge,3,68.97,206.91,124.6,Delivered,2,1
11930,2026-03-14,C00403,Buenos Aires,Consumer,Marketplace,Tech,27in monitor,5,234.43,1172.15,704.86,Delivered,3,1
11931,2026-03-14,C00027,Cuyo,SMB,Website,Office,Ergonomic chair,5,194.02,970.1,687.48,Delivered,5,5
11932,2026-03-14,C00133,Cuyo,SMB,Marketplace,Cleaning,Paper towels x12,6,20.25,121.5,75.08,Delivered,5,3
11933,2026-03-14,C00113,Cuyo,Consumer,Marketplace,Cleaning,Paper towels x12,5,21.64,108.2,66.25,Delivered,2,1
11934,2026-03-14,C00074,Cuyo,SMB,Website,Cleaning,Disinfectant 5L,6,15.69,94.14,60.41,Delivered,2,3
11935,2026-03-14,C00051,Buenos Aires,SMB,Marketplace,Tech,27in monitor,4,227.1,908.4,600.55,Delivered,5,4
11936,2026-03-14,C00290,Buenos Aires,Enterprise,Sales rep,Office,Toner cartridge,3,65.68,197.04,115.44,Delivered,2,1
11937,2026-03-14,C00037,Córdoba,Enterprise,Website,Office,Ergonomic chair,4,210.46,841.84,505.38,Delivered,5,6
11938,2026-03-15,C00002,Buenos Aires,SMB,Sales rep,Cleaning,Paper towels x12,6,19.67,118.02,81.02,Delivered,5,6
11939,2026-03-15,C00836,Cuyo,SMB,Website,Cleaning,Paper towels x12,4,22.58,90.32,51.09,Delivered,2,3
11940,2026-03-15,C03942,Córdoba,SMB,Sales rep,Cleaning,Paper towels x12,7,21.62,151.34,89.83,Delivered,2,1
11941,2026-03-15,C00001,Cuyo,SMB,Marketplace,Office,Toner cartridge,6,67.21,403.26,247.47,Delivered,5,4
11942,2026-03-15,C00005,Cuyo,SMB,Website,Office,Toner cartridge,3,64.5,193.5,115.07,Delivered,2,2
11943,2026-03-15,C00054,Cuyo,Consumer,Website,Office,Paper A4 box,5,18.92,94.6,61.92,Delivered,3,4
11944,2026-03-15,C00137,Córdoba,Enterprise,Website,Office,Toner cartridge,4,66.98,267.92,149.17,Delivered,3,3
11945,2026-03-15,C00013,Córdoba,Enterprise,Website,Tech,Wireless mouse,5,21.99,109.95,70.45,Delivered,3,2
11946,2026-03-15,C00009,NOA,Consumer,Marketplace,Office,Paper A4 box,5,18.72,93.6,54.2,Delivered,3,1
11947,2026-03-16,C00378,Buenos Aires,SMB,Website,Office,Toner cartridge,4,65.82,263.28,151.5,Delivered,2,1
11948,2026-03-16,C00264,Cuyo,SMB,Website,Cleaning,Disinfectant 5L,6,13.91,83.46,56.09,Cancelled,2,5
11949,2026-03-16,C00019,Patagonia,Consumer,Marketplace,Cleaning,Disinfectant 5L,3,15.84,47.52,26.82,Delivered,3,2
11950,2026-03-16,C00249,Patagonia,Consumer,Marketplace,Office,Paper A4 box,7,18.4,128.8,69.65,Returned,3,3
11951,2026-03-16,C00097,Córdoba,SMB,Marketplace,Tech,27in monitor,6,230.46,1382.76,987.9,Returned,2,1
11952,2026-03-16,C00022,Cuyo,SMB,Website,Tech,27in monitor,2,247.06,494.12,313.76,Delivered,2,1
11953,2026-03-16,C00149,Córdoba,SMB,Website,Office,Ergonomic chair,5,197.41,987.05,588.3,Delivered,5,3
11954,2026-03-16,C01232,Córdoba,SMB,Website,Office,Toner cartridge,1,62.65,62.65,37.12,Delivered,5,5
11955,2026-03-16,C01888,Cuyo,SMB,Website,Tech,27in monitor,4,238.59,954.36,579.61,Delivered,2,3
11956,2026-03-16,C00001,Cuyo,SMB,Website,Tech,27in monitor,7,235.3,1647.1,1096.62,Delivered,3,1
11957,2026-03-16,C00010,Córdoba,SMB,Marketplace,Office,Toner cartridge,6,63.28,379.68,259.71,Delivered,2,1
11958,2026-03-16,C01632,Buenos Aires,SMB,Website,Office,Toner cartridge,4,63.25,253.0,145.3,Delivered,3,2
11959,2026-03-16,C00005,Cuyo,SMB,Marketplace,Office,Ergonomic chair,4,193.94,775.76,500.03,Delivered,2,2
11960,2026-03-16,C00065,Córdoba,SMB,Marketplace,Tech,USB-C dock,4,112.87,451.48,265.83,Delivered,5,3
11961,2026-03-16,C00007,Cuyo,SMB,Marketplace,Tech,USB-C dock,4,116.17,464.68,291.51,Delivered,5,6
11962,2026-03-16,C02815,Córdoba,Consumer,Sales rep,Cleaning,Disinfectant 5L,5,15.1,75.5,50.83,Delivered,2,1
11963,2026-03-16,C00508,Córdoba,Consumer,Website,Tech,Wireless mouse,7,21.21,148.47,91.96,Delivered,5,3
11964,2026-03-16,C00605,Cuyo,Consumer,Website,Office,Toner cartridge,1,61.49,61.49,43.02,Delivered,2,1
11965,2026-03-16,C00239,Buenos Aires,Consumer,Website,Tech,Wireless mouse,1,22.67,22.67,12.2,Delivered,5,5
11966,2026-03-16,C01046,Patagonia,Consumer,Sales rep,Tech,27in monitor,3,228.55,685.65,458.64,Delivered,2,1
11967,2026-03-16,C00055,Patagonia,SMB,Website,Cleaning,Paper towels x12,5,21.48,107.4,69.33,Delivered,3,1
11968,2026-03-16,C00001,Cuyo,SMB,Website,Cleaning,Paper towels x12,6,21.61,129.66,86.66,Delivered,2,1
11969,2026-03-17,C00147,Córdoba,Enterprise,Marketplace,Cleaning,Paper towels x12,3,20.81,62.43,42.57,Delivered,5,5
11970,2026-03-17,C00142,Buenos Aires,SMB,Sales rep,Cleaning,Disinfectant 5L,3,14.48,43.44,28.74,Delivered,3,1
11971,2026-03-17,C00001,Cuyo,SMB,Website,Office,Toner cartridge,2,60.81,121.62,71.69,Delivered,5,5
11972,2026-03-17,C03254,Cuyo,SMB,Marketplace,Cleaning,Paper towels x12,6,19.56,117.36,72.7,Delivered,2,1
11973,2026-03-17,C00031,Buenos Aires,SMB,Sales rep,Tech,27in monitor,7,235.26,1646.82,1068.57,Delivered,5,4
11974,2026-03-17,C00254,Buenos Aires,SMB,Marketplace,Cleaning,Paper towels x12,7,22.64,158.48,89.57,Delivered,2,1
11975,2026-03-17,C00162,Córdoba,Enterprise,Sales rep,Cleaning,Paper towels x12,3,20.33,60.99,40.92,Delivered,2,1
11976,2026-03-17,C00749,Cuyo,Enterprise,Marketplace,Cleaning,Paper towels x12,3,20.06,60.18,34.66,Delivered,5,4
11977,2026-03-17,C00003,Córdoba,Consumer,Marketplace,Office,Ergonomic chair,3,193.73,581.19,381.15,Delivered,2,1
11978,2026-03-17,C00004,Cuyo,Consumer,Website,Office,Paper A4 box,5,18.31,91.55,55.45,Delivered,5,2
11979,2026-03-17,C00098,NOA,Consumer,Marketplace,Tech,27in monitor,2,237.74,475.48,297.63,Delivered,5,4
11980,2026-03-17,C00008,Cuyo,SMB,Marketplace,Office,Ergonomic chair,5,196.02,980.1,726.38,Delivered,5,6
11981,2026-03-17,C00022,Cuyo,SMB,Sales rep,Office,Ergonomic chair,5,195.34,976.7,583.6,Delivered,2,1
11982,2026-03-17,C00019,Patagonia,Consumer,Marketplace,Cleaning,Disinfectant 5L,6,14.88,89.28,54.97,Delivered,3,2
11983,2026-03-17,C00003,Córdoba,Consumer,Marketplace,Cleaning,Paper towels x12,6,21.74,130.44,74.37,Delivered,3,1
11984,2026-03-17,C00079,Cuyo,Enterprise,Sales rep,Office,Toner cartridge,2,67.01,134.02,81.06,Delivered,2,3
11985,2026-03-17,C00016,Córdoba,Consumer,Marketplace,Office,Toner cartridge,3,67.95,203.85,112.3,Delivered,5,4
11986,2026-03-17,C01012,Córdoba,SMB,Marketplace,Tech,27in monitor,6,233.33,1399.98,967.52,Delivered,3,2
11987,2026-03-17,C00003,Córdoba,Consumer,Sales rep,Tech,27in monitor,3,243.46,730.38,427.59,Delivered,5,5
11988,2026-03-17,C00070,Cuyo,Consumer,Website,Cleaning,Disinfectant 5L,7,14.94,104.58,72.35,Cancelled,5,5
11989,2026-03-17,C00277,Buenos Aires,SMB,Sales rep,Office,Toner cartridge,4,60.35,241.4,150.57,Delivered,5,5
11990,2026-03-17,C03127,Cuyo,SMB,Website,Tech,27in monitor,1,247.19,247.19,143.97,Delivered,5,3
11991,2026-03-18,C00178,Córdoba,SMB,Website,Cleaning,Paper towels x12,1,19.93,19.93,12.74,Delivered,5,1
11992,2026-03-18,C03483,Córdoba,Consumer,Website,Tech,USB-C dock,7,127.15,890.05,521.45,Delivered,5,4
11993,2026-03-18,C00002,Buenos Aires,SMB,Website,Tech,Wireless mouse,1,22.09,22.09,14.07,Delivered,3,3
11994,2026-03-18,C03467,Cuyo,SMB,Website,Cleaning,Paper towels x12,6,20.37,122.22,72.96,Delivered,3,3
11995,2026-03-18,C00134,Buenos Aires,Consumer,Website,Office,Toner cartridge,4,62.24,248.96,153.12,Delivered,5,3
11996,2026-03-18,C00846,Córdoba,SMB,Website,Office,Toner cartridge,7,63.99,447.93,312.84,Delivered,5,4
11997,2026-03-18,C00804,Córdoba,SMB,Website,Tech,27in monitor,4,240.98,963.92,682.37,Delivered,2,1
11998,2026-03-18,C00742,Cuyo,SMB,Marketplace,Office,Toner cartridge,5,67.35,336.75,212.69,Delivered,3,2
11999,2026-03-18,C00001,Cuyo,SMB,Website,Office,Ergonomic chair,4,209.39,837.56,545.58,Delivered,2,1
12000,2026-03-18,C00202,Cuyo,Consumer,Marketplace,Tech,USB-C dock,3,115.9,347.7,211.94,Delivered,2,1
12001,2026-03-18,C02256,Córdoba,SMB,Website,Office,Toner cartridge,7,62.5,437.5,287.48,Delivered,2,1
12002,2026-03-18,C01266,Cuyo,SMB,Marketplace,Cleaning,Disinfectant 5L,3,14.74,44.22,30.09,Delivered,3,2
12003,2026-03-18,C00894,Patagonia,SMB,Website,Cleaning,Paper towels x12,5,21.72,108.6,62.16,Delivered,5,1
12004,2026-03-18,C00010,Córdoba,SMB,Marketplace,Office,Paper A4 box,4,18.28,73.12,43.52,Delivered,3,1
12005,2026-03-18,C00402,Córdoba,SMB,Website,Office,Toner cartridge,7,64.11,448.77,279.79,Delivered,3,1
12006,2026-03-18,C00448,Córdoba,SMB,Marketplace,Tech,27in monitor,3,233.13,699.39,452.58,Delivered,5,3
12007,2026-03-18,C00046,Córdoba,SMB,Website,Office,Toner cartridge,5,60.98,304.9,178.97,Delivered,5,6
12008,2026-03-18,C01171,Córdoba,Consumer,Website,Tech,Wireless mouse,5,21.19,105.95,63.21,Delivered,3,3
12009,2026-03-19,C00003,Córdoba,Consumer,Marketplace,Office,Paper A4 box,1,18.7,18.7,12.25,Delivered,3,3
12010,2026-03-19,C03184,Cuyo,SMB,Website,Cleaning,Disinfectant 5L,2,14.07,28.14,20.88,Delivered,5,4
12011,2026-03-19,C00186,Córdoba,Consumer,Marketplace,Tech,USB-C dock,1,122.88,122.88,67.48,Delivered,5,3
12012,2026-03-19,C00001,Cuyo,SMB,Website,Tech,USB-C dock,3,110.64,331.92,200.18,Delivered,3,1
12013,2026-03-19,C00580,NOA,SMB,Website,Office,Paper A4 box,2,18.61,37.22,24.62,Delivered,2,2
12014,2026-03-19,C00003,Córdoba,Consumer,Website,Cleaning,Disinfectant 5L,2,16.0,32.0,17.58,Delivered,5,5
12015,2026-03-19,C00004,Cuyo,Consumer,Marketplace,Office,Paper A4 box,5,17.15,85.75,49.78,Delivered,5,2
12016,2026-03-19,C00619,Córdoba,Consumer,Marketplace,Tech,USB-C dock,5,120.06,600.3,330.53,Delivered,5,5
12017,2026-03-19,C00650,Cuyo,SMB,Sales rep,Cleaning,Paper towels x12,7,19.86,139.02,93.07,Delivered,3,2
12018,2026-03-19,C01097,Cuyo,Enterprise,Website,Office,Paper A4 box,1,17.12,17.12,11.18,Delivered,5,4
12019,2026-03-19,C03173,Buenos Aires,SMB,Website,Tech,USB-C dock,2,120.25,240.5,167.4,Delivered,3,3
12020,2026-03-19,C00155,Córdoba,Enterprise,Sales rep,Office,Paper A4 box,6,17.41,104.46,68.92,Delivered,3,2
12021,2026-03-19,C03469,Cuyo,Enterprise,Website,Tech,27in monitor,4,228.27,913.08,641.96,Delivered,5,4
12022,2026-03-19,C00001,Cuyo,SMB,Website,Tech,USB-C dock,1,119.67,119.67,70.7,Delivered,3,3
12023,2026-03-19,C00495,Cuyo,Consumer,Marketplace,Cleaning,Disinfectant 5L,4,15.34,61.36,38.12,Delivered,3,2
12024,2026-03-19,C00256,Buenos Aires,Consumer,Sales rep,Office,Paper A4 box,2,18.57,37.14,24.8,Delivered,5,5
12025,2026-03-19,C00201,Buenos Aires,Consumer,Website,Cleaning,Disinfectant 5L,2,15.7,31.4,19.07,Delivered,3,3
12026,2026-03-19,C00046,Córdoba,SMB,Website,Tech,27in monitor,4,240.41,961.64,647.36,Delivered,5,4
12027,2026-03-20,C00330,Cuyo,SMB,Marketplace,Tech,USB-C dock,2,116.1,232.2,137.85,Delivered,3,1
12028,2026-03-20,C00010,Córdoba,SMB,Website,Tech,27in monitor,5,256.36,1281.8,716.96,Delivered,3,4
12029,2026-03-20,C00003,Córdoba,Consumer,Marketplace,Tech,USB-C dock,3,126.07,378.21,250.66,Delivered,5,5
12030,2026-03-20,C00009,NOA,Consumer,Website,Cleaning,Disinfectant 5L,3,13.83,41.49,28.16,Delivered,3,2
12031,2026-03-20,C00003,Córdoba,Consumer,Website,Tech,27in monitor,4,263.17,1052.68,668.05,Delivered,5,6
12032,2026-03-20,C01147,Patagonia,Consumer,Marketplace,Tech,27in monitor,7,232.5,1627.5,1186.64,Delivered,2,2
12033,2026-03-20,C03231,Buenos Aires,Enterprise,Website,Cleaning,Paper towels x12,7,20.95,146.65,93.14,Delivered,3,4
12034,2026-03-20,C01908,Córdoba,Consumer,Sales rep,Office,Paper A4 box,7,16.97,118.79,71.49,Delivered,2,3
12035,2026-03-20,C00093,Córdoba,Consumer,Website,Cleaning,Paper towels x12,7,20.52,143.64,100.99,Delivered,3,1
12036,2026-03-20,C00014,Cuyo,SMB,Website,Cleaning,Paper towels x12,3,19.67,59.01,38.73,Delivered,2,1
12037,2026-03-20,C00334,Cuyo,SMB,Sales rep,Cleaning,Paper towels x12,4,21.71,86.84,55.0,Delivered,2,2
12038,2026-03-20,C00401,Buenos Aires,SMB,Website,Office,Toner cartridge,3,66.38,199.14,130.08,Delivered,3,4
12039,2026-03-20,C00005,Cuyo,SMB,Sales rep,Cleaning,Paper towels x12,4,21.62,86.48,51.14,Delivered,3,4
12040,2026-03-20,C00036,Cuyo,Consumer,Website,Cleaning,Paper towels x12,7,19.77,138.39,88.02,Delivered,5,4
12041,2026-03-20,C00007,Cuyo,SMB,Sales rep,Tech,Wireless mouse,3,22.98,68.94,42.17,Delivered,2,1
12042,2026-03-21,C00010,Córdoba,SMB,Marketplace,Office,Ergonomic chair,5,214.64,1073.2,615.7,Delivered,3,2
12043,2026-03-21,C00021,NOA,SMB,Sales rep,Tech,Wireless mouse,4,22.36,89.44,51.15,Delivered,2,1
12044,2026-03-21,C00068,Buenos Aires,Consumer,Website,Cleaning,Paper towels x12,2,21.43,42.86,27.56,Delivered,5,5
12045,2026-03-21,C01076,Buenos Aires,Consumer,Marketplace,Tech,USB-C dock,3,113.07,339.21,225.39,Delivered,5,5
12046,2026-03-21,C00044,Buenos Aires,Consumer,Website,Tech,27in monitor,7,263.37,1843.59,1056.32,Delivered,2,3
12047,2026-03-21,C01656,Patagonia,Consumer,Website,Tech,27in monitor,2,243.86,487.72,281.44,Delivered,5,4
12048,2026-03-21,C00332,Buenos Aires,Consumer,Website,Tech,27in monitor,2,246.16,492.32,277.62,Cancelled,2,1
12049,2026-03-21,C00262,NOA,SMB,Website,Office,Paper A4 box,6,19.0,114.0,70.06,Delivered,3,1
12050,2026-03-21,C02425,Cuyo,SMB,Sales rep,Office,Ergonomic chair,6,206.72,1240.32,873.28,Delivered,3,2
12051,2026-03-21,C00013,Córdoba,Enterprise,Website,Tech,27in monitor,3,260.07,780.21,507.99,Returned,2,2
12052,2026-03-21,C00566,NOA,Consumer,Sales rep,Cleaning,Disinfectant 5L,5,15.04,75.2,47.44,Delivered,5,6
12053,2026-03-21,C00185,Patagonia,SMB,Website,Tech,Wireless mouse,6,20.37,122.22,82.68,Delivered,3,4
12054,2026-03-21,C01859,Buenos Aires,Consumer,Marketplace,Office,Toner cartridge,3,61.99,185.97,125.44,Delivered,3,1
12055,2026-03-21,C03736,Patagonia,SMB,Sales rep,Tech,USB-C dock,5,129.07,645.35,386.07,Delivered,3,1
12056,2026-03-21,C00570,Buenos Aires,Consumer,Website,Office,Toner cartridge,6,66.11,396.66,222.62,Delivered,3,2
12057,2026-03-21,C00001,Cuyo,SMB,Website,Office,Paper A4 box,2,18.74,37.48,23.6,Returned,3,4
12058,2026-03-22,C00006,NOA,Enterprise,Website,Tech,Wireless mouse,7,22.86,160.02,101.67,Delivered,2,1
12059,2026-03-22,C00005,Cuyo,SMB,Sales rep,Office,Ergonomic chair,5,195.21,976.05,707.66,Delivered,2,2
12060,2026-03-22,C01363,NOA,Enterprise,Sales rep,Tech,Wireless mouse,3,21.58,64.74,37.23,Delivered,3,2
12061,2026-03-22,C03898,Córdoba,Consumer,Website,Office,Toner cartridge,3,64.76,194.28,120.5,Returned,5,5
12062,2026-03-22,C01578,Córdoba,Consumer,Sales rep,Cleaning,Disinfectant 5L,5,14.74,73.7,51.97,Delivered,3,1
12063,2026-03-22,C00607,Cuyo,Consumer,Website,Tech,USB-C dock,3,116.33,348.99,229.19,Delivered,3,3
12064,2026-03-22,C00087,Córdoba,SMB,Marketplace,Office,Paper A4 box,7,17.58,123.06,71.84,Delivered,3,1
12065,2026-03-22,C00001,Cuyo,SMB,Website,Cleaning,Disinfectant 5L,5,15.69,78.45,43.62,Delivered,2,1
12066,2026-03-22,C00550,Buenos Aires,SMB,Marketplace,Office,Toner cartridge,2,67.15,134.3,81.2,Delivered,5,5
12067,2026-03-22,C00063,Buenos Aires,SMB,Marketplace,Tech,27in monitor,4,229.47,917.88,567.55,Delivered,2,1
12068,2026-03-22,C00003,Córdoba,Consumer,Sales rep,Cleaning,Disinfectant 5L,3,15.12,45.36,25.54,Cancelled,5,5
12069,2026-03-22,C00006,NOA,Enterprise,Marketplace,Cleaning,Paper towels x12,6,19.64,117.84,81.48,Delivered,2,3
12070,2026-03-22,C00001,Cuyo,SMB,Marketplace,Tech,27in monitor,7,255.72,1790.04,972.68,Delivered,2,3
12071,2026-03-22,C00001,Cuyo,SMB,Website,Office,Ergonomic chair,1,196.11,196.11,132.6,Delivered,2,1
12072,2026-03-22,C01773,Córdoba,Consumer,Marketplace,Office,Paper A4 box,1,17.85,17.85,9.99,Delivered,2,1
12073,2026-03-22,C01079,Cuyo,SMB,Website,Tech,USB-C dock,3,122.26,366.78,236.22,Delivered,5,6
12074,2026-03-22,C00024,Buenos Aires,SMB,Marketplace,Office,Paper A4 box,1,17.78,17.78,10.11,Delivered,3,1
12075,2026-03-22,C00005,Cuyo,SMB,Marketplace,Office,Toner cartridge,7,59.72,418.04,283.85,Delivered,3,1
12076,2026-03-23,C00001,Cuyo,SMB,Sales rep,Tech,27in monitor,6,237.79,1426.74,918.89,Delivered,2,1
12077,2026-03-23,C00011,Buenos Aires,Enterprise,Marketplace,Office,Toner cartridge,3,66.56,199.68,121.93,Delivered,2,2
12078,2026-03-23,C00008,Cuyo,SMB,Website,Tech,USB-C dock,6,126.46,758.76,413.52,Delivered,5,2
12079,2026-03-23,C00004,Cuyo,Consumer,Marketplace,Cleaning,Disinfectant 5L,3,14.01,42.03,30.49,Delivered,2,1
12080,2026-03-23,C00003,Córdoba,Consumer,Marketplace,Tech,USB-C dock,1,126.01,126.01,66.49,Delivered,3,3
12081,2026-03-23,C00488,Cuyo,SMB,Website,Tech,USB-C dock,3,128.53,385.59,231.7,Delivered,2,1
12082,2026-03-23,C00025,Buenos Aires,SMB,Sales rep,Office,Toner cartridge,7,66.7,466.9,300.86,Delivered,2,3
12083,2026-03-23,C00015,Cuyo,Consumer,Sales rep,Office,Paper A4 box,6,18.12,108.72,71.37,Delivered,2,1
12084,2026-03-23,C00104,Patagonia,Consumer,Sales rep,Office,Toner cartridge,4,66.28,265.12,157.82,Delivered,5,4
12085,2026-03-23,C00067,Cuyo,Consumer,Website,Cleaning,Disinfectant 5L,6,16.13,96.78,57.18,Delivered,3,3
12086,2026-03-23,C00001,Cuyo,SMB,Marketplace,Tech,27in monitor,3,249.89,749.67,408.03,Delivered,2,1
12087,2026-03-23,C00944,Patagonia,SMB,Website,Tech,USB-C dock,7,120.39,842.73,555.82,Delivered,5,4
12088,2026-03-23,C00312,Buenos Aires,SMB,Marketplace,Cleaning,Paper towels x12,7,19.87,139.09,83.25,Delivered,5,6
12089,2026-03-24,C00059,Cuyo,Consumer,Website,Office,Paper A4 box,7,18.67,130.69,74.68,Delivered,5,3
12090,2026-03-24,C00002,Buenos Aires,SMB,Website,Office,Toner cartridge,7,66.21,463.47,290.12,Delivered,5,4
12091,2026-03-24,C00050,NOA,Consumer,Marketplace,Tech,27in monitor,1,252.04,252.04,166.01,Delivered,5,4
12092,2026-03-24,C00259,Cuyo,SMB,Website,Tech,USB-C dock,4,123.78,495.12,320.81,Delivered,5,6
12093,2026-03-24,C00222,Buenos Aires,SMB,Sales rep,Tech,Wireless mouse,4,21.81,87.24,50.04,Delivered,2,1
12094,2026-03-24,C00453,Córdoba,Consumer,Website,Cleaning,Paper towels x12,2,21.58,43.16,29.15,Delivered,5,5
12095,2026-03-24,C00293,NOA,SMB,Website,Tech,Wireless mouse,1,22.55,22.55,14.49,Delivered,2,2
12096,2026-03-24,C00006,NOA,Enterprise,Marketplace,Tech,Wireless mouse,5,20.24,101.2,72.91,Delivered,2,1
12097,2026-03-24,C00006,NOA,Enterprise,Website,Tech,Wireless mouse,5,22.36,111.8,62.08,Delivered,2,1
12098,2026-03-24,C02613,Cuyo,SMB,Website,Cleaning,Paper towels x12,3,19.76,59.28,40.54,Delivered,5,5
12099,2026-03-24,C02399,Buenos Aires,SMB,Sales rep,Cleaning,Paper towels x12,7,20.46,143.22,96.64,Delivered,2,1
12100,2026-03-24,C00959,Córdoba,SMB,Website,Tech,27in monitor,5,229.39,1146.95,830.12,Delivered,5,6
12101,2026-03-24,C00166,Buenos Aires,Enterprise,Sales rep,Cleaning,Paper towels x12,7,19.82,138.74,94.28,Delivered,2,1
12102,2026-03-24,C00542,Buenos Aires,SMB,Marketplace,Cleaning,Disinfectant 5L,6,14.66,87.96,57.14,Delivered,3,1
12103,2026-03-24,C03218,Patagonia,Enterprise,Marketplace,Office,Toner cartridge,4,66.43,265.72,141.64,Delivered,3,3
12104,2026-03-24,C00060,Cuyo,Consumer,Sales rep,Tech,USB-C dock,7,112.86,790.02,524.01,Delivered,5,4
12105,2026-03-25,C00279,Cuyo,SMB,Sales rep,Tech,USB-C dock,2,118.69,237.38,139.77,Delivered,3,2
12106,2026-03-25,C00150,Cuyo,SMB,Website,Tech,Wireless mouse,7,20.82,145.74,95.7,Delivered,3,1
12107,2026-03-25,C00254,Buenos Aires,SMB,Website,Tech,Wireless mouse,3,22.47,67.41,42.42,Delivered,5,5
12108,2026-03-25,C01220,Cuyo,SMB,Marketplace,Office,Paper A4 box,2,17.34,34.68,21.92,Cancelled,5,6
12109,2026-03-25,C00047,Buenos Aires,SMB,Website,Office,Ergonomic chair,2,221.24,442.48,254.18,Delivered,2,1
12110,2026-03-25,C00015,Cuyo,Consumer,Website,Tech,27in monitor,4,262.93,1051.72,607.83,Delivered,2,2
12111,2026-03-25,C00002,Buenos Aires,SMB,Marketplace,Tech,Wireless mouse,2,23.01,46.02,28.39,Delivered,2,2
12112,2026-03-25,C02741,NOA,SMB,Marketplace,Tech,Wireless mouse,2,21.05,42.1,24.78,Delivered,3,2
12113,2026-03-25,C00003,Córdoba,Consumer,Marketplace,Tech,27in monitor,2,256.07,512.14,302.9,Delivered,5,6
12114,2026-03-25,C00513,Cuyo,Consumer,Website,Cleaning,Disinfectant 5L,2,13.99,27.98,18.72,Delivered,5,4
12115,2026-03-25,C00003,Córdoba,Consumer,Website,Office,Ergonomic chair,1,208.24,208.24,127.08,Delivered,3,3
12116,2026-03-25,C02113,Buenos Aires,Consumer,Website,Cleaning,Disinfectant 5L,4,16.12,64.48,33.13,Delivered,3,3
12117,2026-03-25,C01667,Córdoba,Consumer,Website,Tech,USB-C dock,3,121.56,364.68,214.56,Delivered,3,3
12118,2026-03-25,C00505,NOA,SMB,Marketplace,Tech,27in monitor,6,237.05,1422.3,937.44,Delivered,5,6
12119,2026-03-25,C00241,Cuyo,SMB,Marketplace,Tech,27in monitor,4,235.67,942.68,563.18,Delivered,5,4
12120,2026-03-25,C01059,Patagonia,Consumer,Sales rep,Tech,Wireless mouse,4,22.68,90.72,53.35,Delivered,5,6
12121,2026-03-25,C03827,NOA,Consumer,Marketplace,Office,Toner cartridge,1,60.18,60.18,35.69,Delivered,5,3
12122,2026-03-25,C01345,Córdoba,SMB,Website,Office,Ergonomic chair,6,199.73,1198.38,767.97,Delivered,5,3
12123,2026-03-26,C00386,Cuyo,SMB,Marketplace,Office,Toner cartridge,3,68.82,206.46,109.43,Delivered,2,2
12124,2026-03-26,C02098,Córdoba,Enterprise,Website,Tech,27in monitor,5,237.38,1186.9,838.87,Delivered,3,2
12125,2026-03-26,C03767,Cuyo,SMB,Website,Office,Paper A4 box,5,18.68,93.4,56.14,Delivered,2,1
12126,2026-03-26,C01788,Buenos Aires,SMB,Marketplace,Cleaning,Disinfectant 5L,2,14.57,29.14,20.98,Cancelled,5,3
12127,2026-03-26,C00034,Patagonia,Consumer,Marketplace,Tech,Wireless mouse,3,22.96,68.88,40.81,Delivered,3,2
12128,2026-03-26,C00001,Cuyo,SMB,Website,Tech,27in monitor,7,257.94,1805.58,1191.71,Delivered,5,5
12129,2026-03-26,C03960,NOA,SMB,Marketplace,Office,Paper A4 box,4,19.22,76.88,40.94,Delivered,5,5
12130,2026-03-26,C00354,Buenos Aires,SMB,Sales rep,Tech,USB-C dock,7,125.58,879.06,470.71,Delivered,5,4
12131,2026-03-26,C00058,Buenos Aires,SMB,Marketplace,Tech,USB-C dock,3,114.08,342.24,199.46,Cancelled,5,4
12132,2026-03-26,C00021,NOA,SMB,Marketplace,Tech,USB-C dock,1,111.38,111.38,69.16,Delivered,3,3
12133,2026-03-26,C00001,Cuyo,SMB,Website,Tech,27in monitor,1,234.2,234.2,143.15,Delivered,3,2
12134,2026-03-26,C00450,Córdoba,SMB,Sales rep,Cleaning,Disinfectant 5L,2,15.75,31.5,20.56,Delivered,3,2
12135,2026-03-26,C00021,NOA,SMB,Sales rep,Office,Toner cartridge,5,66.96,334.8,207.96,Returned,5,3
12136,2026-03-27,C01332,Cuyo,SMB,Website,Office,Paper A4 box,4,19.38,77.52,43.26,Delivered,5,4
12137,2026-03-27,C00001,Cuyo,SMB,Marketplace,Office,Toner cartridge,4,68.27,273.08,172.49,Delivered,5,6
12138,2026-03-27,C00001,Cuyo,SMB,Sales rep,Tech,Wireless mouse,3,20.6,61.8,44.68,Delivered,2,1
12139,2026-03-27,C00266,Patagonia,SMB,Website,Office,Paper A4 box,3,18.67,56.01,35.28,Delivered,5,4
12140,2026-03-27,C00443,Patagonia,Consumer,Marketplace,Cleaning,Disinfectant 5L,1,14.1,14.1,8.64,Delivered,3,1
12141,2026-03-27,C00009,NOA,Consumer,Website,Tech,27in monitor,3,247.69,743.07,442.63,Delivered,2,1
12142,2026-03-27,C00062,Patagonia,Consumer,Website,Tech,Wireless mouse,6,22.52,135.12,75.92,Delivered,3,1
12143,2026-03-27,C00812,Córdoba,SMB,Website,Tech,Wireless mouse,4,20.65,82.6,59.06,Delivered,3,3
12144,2026-03-27,C02764,Cuyo,SMB,Sales rep,Office,Toner cartridge,2,64.19,128.38,71.12,Delivered,3,1
12145,2026-03-27,C00016,Córdoba,Consumer,Sales rep,Tech,USB-C dock,1,116.26,116.26,75.49,Delivered,3,2
12146,2026-03-27,C00496,NOA,SMB,Sales rep,Tech,USB-C dock,2,114.35,228.7,156.22,Cancelled,2,1
12147,2026-03-27,C01193,Buenos Aires,Consumer,Website,Office,Ergonomic chair,1,225.12,225.12,136.85,Delivered,5,4
12148,2026-03-27,C00023,Buenos Aires,Consumer,Sales rep,Office,Paper A4 box,3,19.14,57.42,32.15,Delivered,3,3
12149,2026-03-27,C00833,Buenos Aires,Enterprise,Website,Office,Toner cartridge,2,67.9,135.8,72.93,Delivered,2,1
12150,2026-03-27,C03096,Patagonia,SMB,Website,Office,Paper A4 box,5,18.71,93.55,54.66,Returned,5,4
12151,2026-03-27,C00288,Cuyo,Consumer,Website,Tech,USB-C dock,1,118.44,118.44,75.79,Delivered,5,3
12152,2026-03-27,C00347,NOA,SMB,Website,Tech,27in monitor,3,232.1,696.3,443.74,Delivered,3,1
12153,2026-03-27,C00001,Cuyo,SMB,Marketplace,Office,Paper A4 box,2,17.74,35.48,22.65,Delivered,3,5
12154,2026-03-27,C00027,Cuyo,SMB,Website,Office,Paper A4 box,6,16.71,100.26,74.86,Delivered,3,3
12155,2026-03-27,C00001,Cuyo,SMB,Website,Office,Toner cartridge,6,59.18,355.08,246.84,Delivered,5,7
12156,2026-03-27,C01579,Cuyo,SMB,Website,Tech,27in monitor,3,262.48,787.44,491.17,Delivered,2,1
12157,2026-03-27,C00022,Cuyo,SMB,Sales rep,Tech,Wireless mouse,6,21.6,129.6,89.8,Delivered,2,1
12158,2026-03-28,C00003,Córdoba,Consumer,Website,Office,Ergonomic chair,4,218.69,874.76,533.72,Delivered,3,4
12159,2026-03-28,C02934,Cuyo,SMB,Website,Tech,Wireless mouse,1,23.52,23.52,12.23,Delivered,5,6
12160,2026-03-28,C00001,Cuyo,SMB,Marketplace,Office,Paper A4 box,7,16.88,118.16,82.06,Delivered,5,5
12161,2026-03-28,C00900,Cuyo,Consumer,Sales rep,Cleaning,Paper towels x12,3,22.02,66.06,43.04,Delivered,5,6
12162,2026-03-28,C02918,Córdoba,Enterprise,Marketplace,Tech,USB-C dock,7,123.67,865.69,574.77,Delivered,3,2
12163,2026-03-28,C00018,Buenos Aires,SMB,Marketplace,Tech,Wireless mouse,2,21.14,42.28,27.83,Delivered,3,4
12164,2026-03-28,C00040,Cuyo,Consumer,Marketplace,Tech,Wireless mouse,7,23.1,161.7,103.28,Delivered,5,4
12165,2026-03-28,C00100,Córdoba,Enterprise,Website,Tech,27in monitor,4,227.01,908.04,540.93,Delivered,5,3
12166,2026-03-28,C01610,Cuyo,Consumer,Marketplace,Tech,USB-C dock,4,129.39,517.56,291.81,Delivered,5,3
12167,2026-03-28,C00363,Cuyo,SMB,Marketplace,Office,Toner cartridge,7,67.83,474.81,263.29,Delivered,2,1
12168,2026-03-28,C00639,Córdoba,SMB,Website,Cleaning,Disinfectant 5L,4,14.64,58.56,37.96,Delivered,5,4
12169,2026-03-28,C00004,Cuyo,Consumer,Website,Tech,27in monitor,4,255.12,1020.48,605.35,Delivered,3,2
12170,2026-03-29,C00001,Cuyo,SMB,Sales rep,Tech,Wireless mouse,4,20.66,82.64,50.92,Delivered,2,1
12171,2026-03-29,C00156,Córdoba,Consumer,Website,Cleaning,Paper towels x12,6,22.37,134.22,77.02,Delivered,5,6
12172,2026-03-29,C00106,Cuyo,SMB,Marketplace,Cleaning,Disinfectant 5L,7,15.0,105.0,64.92,Delivered,3,3
12173,2026-03-29,C03960,NOA,SMB,Marketplace,Cleaning,Paper towels x12,7,20.06,140.42,95.07,Delivered,5,4
12174,2026-03-29,C00001,Cuyo,SMB,Website,Office,Ergonomic chair,3,194.78,584.34,377.09,Delivered,2,3
12175,2026-03-29,C00018,Buenos Aires,SMB,Website,Tech,27in monitor,4,225.49,901.96,601.18,Delivered,3,2
12176,2026-03-29,C00008,Cuyo,SMB,Marketplace,Tech,USB-C dock,7,120.83,845.81,471.36,Delivered,3,2
12177,2026-03-29,C00793,Cuyo,Enterprise,Website,Tech,Wireless mouse,4,23.35,93.4,57.33,Delivered,2,1
12178,2026-03-29,C00392,Cuyo,Enterprise,Website,Office,Toner cartridge,5,67.39,336.95,190.35,Delivered,5,4
12179,2026-03-29,C00016,Córdoba,Consumer,Website,Office,Toner cartridge,2,62.94,125.88,74.44,Delivered,3,2
12180,2026-03-29,C00009,NOA,Consumer,Website,Cleaning,Disinfectant 5L,1,14.19,14.19,8.81,Delivered,3,2
12181,2026-03-29,C00135,NOA,SMB,Website,Tech,USB-C dock,1,119.58,119.58,80.85,Delivered,3,3
12182,2026-03-30,C00002,Buenos Aires,SMB,Website,Cleaning,Paper towels x12,6,22.52,135.12,69.52,Delivered,5,2
12183,2026-03-30,C00271,Cuyo,Enterprise,Website,Office,Ergonomic chair,3,197.89,593.67,421.15,Delivered,2,1
12184,2026-03-30,C00007,Cuyo,SMB,Sales rep,Cleaning,Disinfectant 5L,7,14.91,104.37,65.78,Delivered,2,1
12185,2026-03-30,C00013,Córdoba,Enterprise,Website,Tech,USB-C dock,3,115.57,346.71,224.39,Delivered,3,1
12186,2026-03-30,C00046,Córdoba,SMB,Website,Tech,27in monitor,6,242.96,1457.76,909.25,Delivered,2,2
12187,2026-03-30,C00154,Cuyo,SMB,Sales rep,Office,Ergonomic chair,4,200.73,802.92,498.39,Delivered,2,3
12188,2026-03-30,C00001,Cuyo,SMB,Website,Office,Ergonomic chair,2,199.15,398.3,287.64,Delivered,2,1
12189,2026-03-30,C00148,Cuyo,SMB,Website,Office,Ergonomic chair,3,209.25,627.75,418.55,Delivered,2,2
12190,2026-03-30,C00005,Cuyo,SMB,Website,Office,Ergonomic chair,1,197.72,197.72,128.89,Delivered,2,3
12191,2026-03-30,C00007,Cuyo,SMB,Website,Cleaning,Paper towels x12,6,22.37,134.22,70.39,Delivered,3,1
12192,2026-03-30,C00176,Córdoba,Enterprise,Website,Tech,Wireless mouse,3,22.68,68.04,43.08,Delivered,5,6
12193,2026-03-30,C00056,Buenos Aires,Consumer,Sales rep,Tech,Wireless mouse,7,22.65,158.55,93.3,Delivered,3,2
12194,2026-03-30,C00065,Córdoba,SMB,Website,Tech,USB-C dock,5,118.66,593.3,418.98,Delivered,3,2
12195,2026-03-30,C00001,Cuyo,SMB,Website,Tech,Wireless mouse,5,22.03,110.15,75.24,Delivered,2,1
12196,2026-03-30,C03787,Córdoba,Consumer,Marketplace,Office,Paper A4 box,5,17.62,88.1,62.38,Delivered,5,4
12197,2026-03-30,C00007,Cuyo,SMB,Sales rep,Cleaning,Disinfectant 5L,3,14.38,43.14,26.72,Delivered,2,1
12198,2026-03-30,C00019,Patagonia,Consumer,Website,Office,Paper A4 box,4,17.99,71.96,47.62,Delivered,3,3
12199,2026-03-30,C00011,Buenos Aires,Enterprise,Website,Tech,Wireless mouse,4,20.36,81.44,50.96,Returned,3,4
12200,2026-03-30,C00008,Cuyo,SMB,Website,Office,Paper A4 box,6,17.71,106.26,66.94,Delivered,5,3
12201,2026-03-30,C00044,Buenos Aires,Consumer,Sales rep,Office,Ergonomic chair,7,202.94,1420.58,850.96,Delivered,5,1
12202,2026-03-30,C01343,Buenos Aires,SMB,Marketplace,Cleaning,Paper towels x12,5,22.4,112.0,72.13,Delivered,5,6
12203,2026-03-30,C00651,Buenos Aires,SMB,Marketplace,Tech,27in monitor,2,256.6,513.2,318.02,Delivered,2,3
12204,2026-03-30,C00554,NOA,Enterprise,Website,Tech,27in monitor,6,261.93,1571.58,938.43,Delivered,3,2
12205,2026-03-30,C00149,Córdoba,SMB,Marketplace,Tech,Wireless mouse,1,20.38,20.38,14.81,Delivered,3,3
12206,2026-03-31,C00527,Buenos Aires,Consumer,Marketplace,Office,Ergonomic chair,3,199.48,598.44,373.01,Delivered,3,1
12207,2026-03-31,C02991,Buenos Aires,SMB,Website,Office,Ergonomic chair,4,212.38,849.52,486.18,Delivered,2,4
12208,2026-03-31,C01771,Patagonia,Enterprise,Website,Office,Paper A4 box,5,17.5,87.5,55.28,Delivered,2,1
12209,2026-03-31,C03637,Córdoba,Consumer,Sales rep,Office,Paper A4 box,7,17.07,119.49,74.87,Delivered,2,2
12210,2026-03-31,C00020,Buenos Aires,SMB,Marketplace,Cleaning,Paper towels x12,1,22.47,22.47,12.16,Delivered,2,1
12211,2026-03-31,C00483,Buenos Aires,Consumer,Marketplace,Tech,Wireless mouse,3,23.32,69.96,46.11,Delivered,2,3
12212,2026-03-31,C03482,Buenos Aires,Consumer,Website,Office,Paper A4 box,6,17.74,106.44,60.32,Delivered,5,4
12213,2026-03-31,C00069,Patagonia,SMB,Website,Tech,Wireless mouse,6,23.24,139.44,79.77,Delivered,2,1
12214,2026-03-31,C00298,Buenos Aires,Enterprise,Website,Office,Ergonomic chair,5,202.04,1010.2,674.29,Delivered,3,3
12215,2026-03-31,C01467,Córdoba,Enterprise,Sales rep,Tech,27in monitor,4,231.64,926.56,649.97,Delivered,2,1
12216,2026-03-31,C00007,Cuyo,SMB,Sales rep,Tech,USB-C dock,2,126.11,252.22,137.77,Delivered,3,2
12217,2026-03-31,C00383,Cuyo,Enterprise,Sales rep,Cleaning,Paper towels x12,3,19.91,59.73,37.91,Delivered,3,4
12218,2026-03-31,C00737,Buenos Aires,Enterprise,Website,Office,Paper A4 box,1,18.49,18.49,12.13,Delivered,2,1
12219,2026-03-31,C01932,Córdoba,Consumer,Marketplace,Office,Toner cartridge,7,61.34,429.38,298.85,Delivered,5,5
12220,2026-03-31,C00003,Córdoba,Consumer,Website,Cleaning,Disinfectant 5L,3,15.85,47.55,26.38,Delivered,5,4
12221,2026-03-31,C01011,Buenos Aires,SMB,Marketplace,Tech,Wireless mouse,4,21.9,87.6,58.87,Delivered,3,2
12222,2026-03-31,C00150,Cuyo,SMB,Website,Office,Paper A4 box,1,17.04,17.04,11.59,Returned,5,4
12223,2026-03-31,C00004,Cuyo,Consumer,Sales rep,Tech,USB-C dock,1,124.27,124.27,71.41,Delivered,3,4
12224,2026-04-01,C00233,Buenos Aires,Consumer,Sales rep,Tech,USB-C dock,5,128.08,640.4,373.98,Delivered,2,1
12225,2026-04-01,C01007,Cuyo,Enterprise,Marketplace,Office,Ergonomic chair,5,224.15,1120.75,670.84,Delivered,5,3
12226,2026-04-01,C03889,Buenos Aires,Consumer,Marketplace,Office,Toner cartridge,6,62.79,376.74,222.48,Cancelled,5,5
12227,2026-04-01,C00092,Patagonia,SMB,Website,Cleaning,Disinfectant 5L,4,14.04,56.16,38.93,Delivered,2,2
12228,2026-04-01,C03079,Cuyo,SMB,Website,Cleaning,Paper towels x12,6,19.34,116.04,70.16,Returned,2,1
12229,2026-04-01,C00053,Cuyo,Consumer,Marketplace,Tech,Wireless mouse,1,23.69,23.69,13.56,Delivered,2,1
12230,2026-04-01,C00003,Córdoba,Consumer,Marketplace,Tech,27in monitor,1,243.66,243.66,135.34,Delivered,3,1
12231,2026-04-01,C00002,Buenos Aires,SMB,Website,Cleaning,Disinfectant 5L,3,14.98,44.94,29.51,Delivered,5,5
12232,2026-04-01,C00526,Patagonia,Consumer,Marketplace,Tech,27in monitor,4,235.15,940.6,644.55,Delivered,5,3
12233,2026-04-01,C00051,Buenos Aires,SMB,Website,Office,Toner cartridge,7,68.56,479.92,278.58,Cancelled,2,1
12234,2026-04-01,C00236,Cuyo,Consumer,Marketplace,Cleaning,Disinfectant 5L,4,14.25,57.0,41.5,Delivered,2,1
12235,2026-04-01,C00002,Buenos Aires,SMB,Sales rep,Office,Paper A4 box,4,18.47,73.88,44.91,Delivered,3,1
12236,2026-04-01,C00019,Patagonia,Consumer,Marketplace,Tech,Wireless mouse,2,22.54,45.08,29.41,Delivered,2,4
12237,2026-04-01,C00018,Buenos Aires,SMB,Website,Tech,27in monitor,5,247.22,1236.1,683.12,Delivered,2,1
12238,2026-04-01,C00008,Cuyo,SMB,Marketplace,Office,Toner cartridge,4,61.09,244.36,179.12,Delivered,3,2
12239,2026-04-01,C02835,Buenos Aires,SMB,Website,Office,Toner cartridge,3,62.21,186.63,112.36,Delivered,2,1
12240,2026-04-01,C00022,Cuyo,SMB,Website,Office,Paper A4 box,2,19.15,38.3,24.62,Delivered,2,1
12241,2026-04-01,C01003,Cuyo,SMB,Website,Cleaning,Paper towels x12,3,19.38,58.14,41.47,Delivered,5,5
12242,2026-04-01,C00491,Patagonia,SMB,Sales rep,Cleaning,Disinfectant 5L,6,13.88,83.28,54.22,Delivered,2,2
12243,2026-04-01,C00035,Buenos Aires,SMB,Marketplace,Office,Ergonomic chair,4,198.91,795.64,466.42,Delivered,3,3
12244,2026-04-01,C00240,Cuyo,SMB,Sales rep,Cleaning,Paper towels x12,5,20.94,104.7,71.15,Delivered,2,3
12245,2026-04-02,C00001,Cuyo,SMB,Marketplace,Tech,USB-C dock,5,116.01,580.05,339.65,Delivered,5,4
12246,2026-04-02,C00001,Cuyo,SMB,Website,Tech,27in monitor,4,238.88,955.52,575.32,Delivered,5,2
12247,2026-04-02,C00009,NOA,Consumer,Marketplace,Tech,Wireless mouse,2,22.09,44.18,26.1,Delivered,5,4
12248,2026-04-02,C00075,Cuyo,SMB,Website,Office,Ergonomic chair,5,202.09,1010.45,599.16,Delivered,3,5
12249,2026-04-02,C00034,Patagonia,Consumer,Marketplace,Tech,USB-C dock,6,119.89,719.34,407.66,Delivered,3,2
12250,2026-04-02,C00009,NOA,Consumer,Marketplace,Cleaning,Disinfectant 5L,2,15.45,30.9,17.35,Cancelled,3,3
12251,2026-04-02,C00003,Córdoba,Consumer,Sales rep,Tech,27in monitor,1,260.73,260.73,163.94,Delivered,5,3
12252,2026-04-02,C00001,Cuyo,SMB,Sales rep,Office,Ergonomic chair,4,216.38,865.52,584.21,Delivered,2,2
12253,2026-04-02,C01321,NOA,SMB,Sales rep,Office,Toner cartridge,2,68.7,137.4,86.14,Delivered,3,1
12254,2026-04-02,C00001,Cuyo,SMB,Website,Cleaning,Disinfectant 5L,5,15.41,77.05,44.54,Delivered,3,1
12255,2026-04-02,C00004,Cuyo,Consumer,Sales rep,Cleaning,Paper towels x12,1,22.16,22.16,12.86,Cancelled,2,1
12256,2026-04-02,C03009,Patagonia,Consumer,Website,Office,Paper A4 box,5,18.16,90.8,58.1,Delivered,3,3
12257,2026-04-02,C00141,Cuyo,SMB,Website,Office,Paper A4 box,7,18.21,127.47,77.07,Delivered,2,1
12258,2026-04-02,C00567,Buenos Aires,Enterprise,Website,Tech,27in monitor,4,232.22,928.88,590.31,Delivered,3,3
12259,2026-04-02,C03222,NOA,Consumer,Marketplace,Office,Toner cartridge,7,66.52,465.64,295.81,Delivered,3,2
12260,2026-04-02,C03027,Buenos Aires,Consumer,Website,Office,Toner cartridge,3,59.04,177.12,119.71,Delivered,2,1
12261,2026-04-02,C00046,Córdoba,SMB,Sales rep,Office,Toner cartridge,3,62.92,188.76,119.47,Delivered,2,1
12262,2026-04-02,C00150,Cuyo,SMB,Sales rep,Tech,USB-C dock,7,125.31,877.17,480.48,Delivered,3,4
12263,2026-04-02,C00620,Cuyo,Consumer,Website,Cleaning,Disinfectant 5L,4,15.53,62.12,34.97,Delivered,2,2
12264,2026-04-02,C00002,Buenos Aires,SMB,Website,Office,Paper A4 box,5,18.09,90.45,58.59,Delivered,3,3
12265,2026-04-02,C00011,Buenos Aires,Enterprise,Sales rep,Cleaning,Paper towels x12,7,20.05,140.35,90.68,Delivered,3,2
12266,2026-04-03,C00004,Cuyo,Consumer,Marketplace,Cleaning,Paper towels x12,4,19.73,78.92,54.18,Delivered,5,7
12267,2026-04-03,C00395,Patagonia,Consumer,Marketplace,Office,Toner cartridge,4,64.11,256.44,147.0,Delivered,5,4
12268,2026-04-03,C00028,Patagonia,SMB,Marketplace,Office,Paper A4 box,3,18.84,56.52,34.02,Delivered,2,1
12269,2026-04-03,C01065,Buenos Aires,SMB,Marketplace,Office,Ergonomic chair,3,214.19,642.57,383.5,Delivered,2,2
12270,2026-04-03,C00032,Cuyo,SMB,Website,Tech,USB-C dock,4,120.43,481.72,331.08,Delivered,5,4
12271,2026-04-03,C02140,Córdoba,Consumer,Marketplace,Tech,27in monitor,6,242.06,1452.36,835.79,Delivered,3,3
12272,2026-04-03,C00048,Cuyo,Consumer,Website,Office,Toner cartridge,2,63.71,127.42,84.44,Returned,2,4
12273,2026-04-03,C01185,Córdoba,SMB,Marketplace,Office,Paper A4 box,4,17.77,71.08,48.5,Delivered,5,3
12274,2026-04-03,C00240,Cuyo,SMB,Sales rep,Office,Toner cartridge,2,61.56,123.12,88.0,Delivered,5,4
12275,2026-04-03,C00001,Cuyo,SMB,Marketplace,Cleaning,Paper towels x12,5,19.48,97.4,66.33,Delivered,2,1
12276,2026-04-03,C00331,Buenos Aires,Enterprise,Marketplace,Cleaning,Disinfectant 5L,7,14.88,104.16,68.46,Delivered,3,3
12277,2026-04-03,C00018,Buenos Aires,SMB,Website,Office,Toner cartridge,6,67.34,404.04,228.3,Delivered,3,2
12278,2026-04-03,C00127,Buenos Aires,SMB,Sales rep,Tech,USB-C dock,6,121.55,729.3,419.31,Delivered,2,2
12279,2026-04-03,C00010,Córdoba,SMB,Sales rep,Tech,USB-C dock,5,110.68,553.4,412.27,Returned,2,2
12280,2026-04-03,C00364,Patagonia,Enterprise,Marketplace,Tech,USB-C dock,6,122.08,732.48,437.17,Delivered,2,2
12281,2026-04-03,C00121,Cuyo,Consumer,Marketplace,Office,Toner cartridge,4,67.25,269.0,163.05,Delivered,5,5
12282,2026-04-03,C00114,Patagonia,Enterprise,Sales rep,Office,Paper A4 box,4,17.56,70.24,41.83,Delivered,3,1
12283,2026-04-03,C00001,Cuyo,SMB,Website,Office,Toner cartridge,3,67.83,203.49,130.01,Delivered,2,3
12284,2026-04-04,C00093,Córdoba,Consumer,Website,Tech,27in monitor,3,241.07,723.21,417.59,Returned,3,3
12285,2026-04-04,C00021,NOA,SMB,Website,Office,Paper A4 box,2,18.21,36.42,24.2,Delivered,5,6
12286,2026-04-05,C00296,Córdoba,SMB,Sales rep,Tech,Wireless mouse,7,22.07,154.49,103.7,Delivered,3,3
12287,2026-04-05,C00169,Cuyo,Enterprise,Marketplace,Office,Ergonomic chair,1,201.25,201.25,124.68,Delivered,5,5
12288,2026-04-05,C00015,Cuyo,Consumer,Website,Cleaning,Disinfectant 5L,2,15.81,31.62,20.76,Delivered,3,1
12289,2026-04-05,C00133,Cuyo,SMB,Website,Tech,Wireless mouse,4,22.47,89.88,58.1,Delivered,3,3
12290,2026-04-05,C03553,Córdoba,Consumer,Website,Tech,Wireless mouse,6,20.71,124.26,86.77,Delivered,3,1
12291,2026-04-05,C00002,Buenos Aires,SMB,Marketplace,Office,Toner cartridge,5,68.87,344.35,213.48,Delivered,3,1
12292,2026-04-05,C00067,Cuyo,Consumer,Sales rep,Tech,Wireless mouse,1,22.65,22.65,15.24,Delivered,2,1
12293,2026-04-05,C00493,Córdoba,SMB,Website,Cleaning,Paper towels x12,2,19.55,39.1,23.34,Delivered,5,5
12294,2026-04-05,C01391,Cuyo,SMB,Sales rep,Cleaning,Paper towels x12,7,21.89,153.23,84.2,Delivered,5,4
12295,2026-04-05,C00048,Cuyo,Consumer,Website,Office,Paper A4 box,5,19.01,95.05,52.91,Cancelled,2,1
12296,2026-04-05,C00957,NOA,SMB,Marketplace,Cleaning,Disinfectant 5L,4,13.89,55.56,38.98,Delivered,5,5
12297,2026-04-05,C02832,Cuyo,Enterprise,Marketplace,Cleaning,Disinfectant 5L,2,15.05,30.1,17.63,Delivered,2,1
12298,2026-04-05,C00237,Cuyo,Consumer,Sales rep,Office,Paper A4 box,2,16.58,33.16,21.45,Delivered,2,1
12299,2026-04-05,C00055,Patagonia,SMB,Marketplace,Tech,27in monitor,2,257.03,514.06,293.82,Delivered,3,2
12300,2026-04-06,C00074,Cuyo,SMB,Website,Office,Toner cartridge,2,67.55,135.1,84.11,Delivered,5,5
12301,2026-04-06,C00410,Buenos Aires,Enterprise,Website,Office,Ergonomic chair,3,209.04,627.12,404.42,Delivered,3,2
12302,2026-04-06,C00085,Buenos Aires,Enterprise,Marketplace,Cleaning,Paper towels x12,1,20.7,20.7,13.99,Delivered,3,4
12303,2026-04-06,C00001,Cuyo,SMB,Sales rep,Office,Paper A4 box,1,17.41,17.41,11.14,Delivered,5,4
12304,2026-04-06,C00001,Cuyo,SMB,Website,Tech,USB-C dock,6,124.59,747.54,424.1,Delivered,5,6
12305,2026-04-06,C00319,Buenos Aires,SMB,Website,Tech,27in monitor,4,231.63,926.52,542.51,Delivered,5,5
12306,2026-04-06,C00717,Patagonia,SMB,Marketplace,Tech,USB-C dock,3,116.66,349.98,234.1,Delivered,5,4
12307,2026-04-06,C00385,Patagonia,Consumer,Website,Office,Paper A4 box,5,18.93,94.65,55.22,Delivered,2,1
12308,2026-04-06,C00941,Cuyo,Consumer,Website,Office,Ergonomic chair,4,222.65,890.6,497.01,Delivered,5,4
12309,2026-04-06,C00309,Córdoba,Consumer,Sales rep,Tech,USB-C dock,1,126.74,126.74,78.27,Delivered,2,1
12310,2026-04-06,C00053,Cuyo,Consumer,Website,Cleaning,Paper towels x12,1,20.03,20.03,13.18,Delivered,3,3
12311,2026-04-06,C00042,Cuyo,SMB,Website,Cleaning,Paper towels x12,2,20.38,40.76,25.6,Delivered,3,3
12312,2026-04-06,C00325,Buenos Aires,SMB,Sales rep,Office,Ergonomic chair,5,207.21,1036.05,659.89,Delivered,3,1
12313,2026-04-06,C01481,Patagonia,SMB,Marketplace,Cleaning,Disinfectant 5L,6,13.83,82.98,62.12,Delivered,5,4
12314,2026-04-06,C02834,NOA,Enterprise,Marketplace,Tech,Wireless mouse,3,22.79,68.37,39.63,Delivered,3,1
12315,2026-04-06,C00005,Cuyo,SMB,Website,Office,Paper A4 box,6,18.34,110.04,70.68,Delivered,5,7
12316,2026-04-06,C00564,Córdoba,Consumer,Marketplace,Tech,27in monitor,5,243.16,1215.8,704.26,Delivered,3,2
12317,2026-04-07,C00001,Cuyo,SMB,Marketplace,Office,Paper A4 box,5,19.2,96.0,60.7,Delivered,5,4
12318,2026-04-07,C00041,Cuyo,Consumer,Sales rep,Office,Paper A4 box,4,17.28,69.12,45.14,Delivered,2,1
12319,2026-04-07,C00577,Córdoba,SMB,Sales rep,Office,Toner cartridge,7,67.16,470.12,276.69,Delivered,2,1
12320,2026-04-07,C00227,Buenos Aires,Enterprise,Website,Tech,Wireless mouse,6,21.91,131.46,77.54,Delivered,5,5
12321,2026-04-07,C00511,NOA,SMB,Sales rep,Tech,27in monitor,5,245.38,1226.9,708.51,Delivered,3,2
12322,2026-04-07,C00076,Córdoba,SMB,Website,Office,Ergonomic chair,7,202.34,1416.38,841.29,Delivered,3,1
12323,2026-04-07,C00004,Cuyo,Consumer,Website,Office,Paper A4 box,4,17.11,68.44,48.99,Delivered,5,1
12324,2026-04-07,C00708,NOA,Consumer,Marketplace,Tech,USB-C dock,7,112.1,784.7,521.09,Delivered,5,7
12325,2026-04-07,C00209,Buenos Aires,Consumer,Website,Office,Ergonomic chair,4,218.32,873.28,467.25,Delivered,3,1
12326,2026-04-07,C00832,Córdoba,Consumer,Sales rep,Cleaning,Paper towels x12,4,21.38,85.52,55.05,Delivered,2,1
12327,2026-04-07,C01955,Patagonia,SMB,Sales rep,Tech,USB-C dock,6,127.25,763.5,486.45,Delivered,2,1
12328,2026-04-07,C00327,Buenos Aires,Consumer,Marketplace,Tech,27in monitor,4,244.2,976.8,659.98,Delivered,3,3
12329,2026-04-07,C00553,Cuyo,SMB,Sales rep,Office,Ergonomic chair,6,212.49,1274.94,726.43,Delivered,2,1
12330,2026-04-07,C00103,Córdoba,SMB,Website,Tech,27in monitor,1,230.89,230.89,165.64,Delivered,5,4
12331,2026-04-07,C00211,Buenos Aires,Enterprise,Sales rep,Office,Toner cartridge,3,59.99,179.97,129.4,Delivered,3,2
12332,2026-04-07,C02269,Cuyo,SMB,Website,Cleaning,Disinfectant 5L,1,16.16,16.16,9.38,Delivered,2,2
12333,2026-04-07,C00002,Buenos Aires,SMB,Marketplace,Tech,USB-C dock,4,116.54,466.16,277.91,Delivered,2,1
12334,2026-04-07,C00515,Buenos Aires,SMB,Website,Cleaning,Paper towels x12,3,20.66,61.98,36.43,Delivered,3,3
12335,2026-04-07,C00486,Buenos Aires,Enterprise,Marketplace,Tech,Wireless mouse,3,21.28,63.84,40.96,Delivered,3,3
12336,2026-04-07,C02475,Buenos Aires,SMB,Website,Tech,Wireless mouse,3,23.17,69.51,39.94,Delivered,5,4
12337,2026-04-07,C00003,Córdoba,Consumer,Website,Cleaning,Paper towels x12,5,20.03,100.15,69.54,Delivered,3,2
12338,2026-04-07,C00217,Cuyo,SMB,Website,Office,Toner cartridge,6,67.01,402.06,244.48,Delivered,5,3
12339,2026-04-07,C00054,Cuyo,Consumer,Sales rep,Tech,USB-C dock,4,122.06,488.24,325.1,Delivered,3,3
12340,2026-04-08,C00045,NOA,SMB,Marketplace,Tech,USB-C dock,2,128.4,256.8,134.03,Delivered,2,1
12341,2026-04-08,C00280,Buenos Aires,SMB,Website,Cleaning,Disinfectant 5L,1,15.78,15.78,10.06,Delivered,5,5
12342,2026-04-08,C01663,NOA,SMB,Website,Office,Toner cartridge,5,68.92,344.6,214.89,Delivered,2,1
12343,2026-04-08,C00122,Cuyo,Enterprise,Website,Cleaning,Disinfectant 5L,7,14.7,102.9,72.44,Delivered,3,2
12344,2026-04-08,C00002,Buenos Aires,SMB,Sales rep,Office,Paper A4 box,2,18.62,37.24,24.41,Cancelled,5,6
12345,2026-04-08,C00030,Cuyo,Consumer,Sales rep,Cleaning,Paper towels x12,1,22.29,22.29,14.53,Delivered,3,3
12346,2026-04-08,C00007,Cuyo,SMB,Website,Tech,27in monitor,6,228.84,1373.04,984.39,Delivered,3,3
12347,2026-04-08,C00077,Buenos Aires,Enterprise,Website,Office,Ergonomic chair,3,194.72,584.16,408.13,Delivered,5,5
12348,2026-04-08,C00370,Cuyo,Enterprise,Website,Tech,USB-C dock,1,128.64,128.64,78.9,Delivered,5,6
12349,2026-04-08,C00372,Cuyo,Enterprise,Marketplace,Office,Paper A4 box,1,17.42,17.42,11.82,Delivered,3,1
12350,2026-04-08,C00009,NOA,Consumer,Sales rep,Tech,Wireless mouse,3,20.73,62.19,38.16,Delivered,2,1
12351,2026-04-08,C01776,Buenos Aires,Enterprise,Sales rep,Office,Paper A4 box,7,17.1,119.7,85.94,Delivered,2,2
12352,2026-04-08,C00003,Córdoba,Consumer,Sales rep,Tech,27in monitor,4,227.51,910.04,661.19,Delivered,5,5
12353,2026-04-09,C02180,Córdoba,Consumer,Website,Office,Ergonomic chair,7,205.93,1441.51,987.38,Delivered,2,3
12354,2026-04-09,C00034,Patagonia,Consumer,Sales rep,Cleaning,Disinfectant 5L,2,14.73,29.46,20.03,Delivered,5,4
12355,2026-04-09,C00009,NOA,Consumer,Marketplace,Office,Toner cartridge,2,67.11,134.22,85.83,Returned,5,5
12356,2026-04-09,C01012,Córdoba,SMB,Sales rep,Cleaning,Paper towels x12,5,20.73,103.65,70.28,Returned,2,1
12357,2026-04-09,C00114,Patagonia,Enterprise,Website,Cleaning,Paper towels x12,7,19.38,135.66,100.12,Delivered,3,4
12358,2026-04-09,C00189,Córdoba,SMB,Marketplace,Office,Ergonomic chair,4,226.6,906.4,571.1,Delivered,3,1
12359,2026-04-09,C00006,NOA,Enterprise,Website,Cleaning,Paper towels x12,3,20.36,61.08,36.72,Delivered,3,3
12360,2026-04-09,C00084,Buenos Aires,Consumer,Sales rep,Tech,USB-C dock,1,123.34,123.34,72.22,Delivered,2,1
12361,2026-04-09,C00553,Cuyo,SMB,Marketplace,Office,Paper A4 box,6,19.37,116.22,64.65,Delivered,2,1
12362,2026-04-09,C03296,Cuyo,Enterprise,Marketplace,Cleaning,Paper towels x12,3,19.63,58.89,39.43,Delivered,5,6
12363,2026-04-09,C00866,Córdoba,SMB,Website,Tech,USB-C dock,7,120.91,846.37,559.17,Delivered,5,6
12364,2026-04-09,C00350,Cuyo,Enterprise,Sales rep,Office,Ergonomic chair,7,200.83,1405.81,976.6,Delivered,3,2
12365,2026-04-09,C00002,Buenos Aires,SMB,Website,Office,Toner cartridge,4,59.06,236.24,154.51,Delivered,3,1
12366,2026-04-09,C00118,Cuyo,Consumer,Sales rep,Office,Paper A4 box,7,17.21,120.47,86.43,Delivered,2,1
12367,2026-04-09,C00003,Córdoba,Consumer,Website,Tech,27in monitor,6,238.51,1431.06,826.93,Delivered,3,4
12368,2026-04-09,C00013,Córdoba,Enterprise,Sales rep,Cleaning,Disinfectant 5L,5,14.73,73.65,48.8,Cancelled,5,4
12369,2026-04-09,C00001,Cuyo,SMB,Website,Office,Ergonomic chair,4,193.61,774.44,484.37,Delivered,3,2
12370,2026-04-10,C00921,Buenos Aires,SMB,Website,Office,Ergonomic chair,7,194.93,1364.51,931.38,Delivered,5,3
12371,2026-04-10,C00240,Cuyo,SMB,Marketplace,Office,Toner cartridge,6,63.03,378.18,261.64,Delivered,3,2
12372,2026-04-10,C00189,Córdoba,SMB,Marketplace,Tech,USB-C dock,2,114.81,229.62,143.26,Delivered,3,1
12373,2026-04-10,C00001,Cuyo,SMB,Website,Cleaning,Paper towels x12,3,20.68,62.04,42.62,Delivered,3,2
12374,2026-04-10,C00001,Cuyo,SMB,Website,Office,Ergonomic chair,7,199.72,1398.04,914.69,Delivered,3,2
12375,2026-04-10,C00011,Buenos Aires,Enterprise,Website,Office,Paper A4 box,4,18.77,75.08,48.95,Delivered,3,3
12376,2026-04-10,C00003,Córdoba,Consumer,Website,Cleaning,Disinfectant 5L,5,15.49,77.45,49.97,Delivered,3,3
12377,2026-04-10,C00006,NOA,Enterprise,Marketplace,Office,Toner cartridge,7,60.07,420.49,266.55,Returned,2,2
12378,2026-04-10,C00727,Buenos Aires,Consumer,Marketplace,Tech,Wireless mouse,7,22.34,156.38,87.77,Delivered,3,1
12379,2026-04-10,C01073,Cuyo,SMB,Website,Cleaning,Disinfectant 5L,3,14.66,43.98,26.59,Delivered,3,2
12380,2026-04-10,C01426,Buenos Aires,SMB,Sales rep,Office,Toner cartridge,6,61.93,371.58,222.05,Delivered,3,3
12381,2026-04-10,C00383,Cuyo,Enterprise,Website,Office,Paper A4 box,2,17.25,34.5,24.56,Delivered,2,1
12382,2026-04-10,C00011,Buenos Aires,Enterprise,Website,Office,Toner cartridge,4,58.91,235.64,157.12,Delivered,3,3
12383,2026-04-10,C01238,Buenos Aires,SMB,Sales rep,Cleaning,Disinfectant 5L,4,15.33,61.32,34.05,Delivered,2,1
12384,2026-04-10,C00340,Córdoba,Enterprise,Website,Tech,USB-C dock,7,110.72,775.04,528.74,Delivered,3,1
12385,2026-04-10,C00050,NOA,Consumer,Website,Office,Ergonomic chair,3,221.82,665.46,375.18,Delivered,3,3
12386,2026-04-11,C01824,Cuyo,SMB,Marketplace,Tech,Wireless mouse,2,22.15,44.3,24.97,Delivered,3,3
12387,2026-04-11,C01616,Cuyo,Enterprise,Marketplace,Tech,Wireless mouse,5,20.35,101.75,70.06,Delivered,5,4
12388,2026-04-11,C00120,Cuyo,SMB,Website,Cleaning,Disinfectant 5L,7,15.62,109.34,68.76,Delivered,5,4
12389,2026-04-11,C01601,Cuyo,SMB,Website,Office,Paper A4 box,1,17.79,17.79,10.18,Delivered,3,2
12390,2026-04-11,C00297,Buenos Aires,SMB,Website,Cleaning,Disinfectant 5L,4,15.24,60.96,33.86,Delivered,3,2
12391,2026-04-11,C00009,NOA,Consumer,Website,Cleaning,Paper towels x12,1,20.58,20.58,14.37,Delivered,5,4
12392,2026-04-11,C00059,Cuyo,Consumer,Website,Tech,USB-C dock,5,125.85,629.25,372.59,Delivered,5,4
12393,2026-04-12,C00212,Cuyo,SMB,Website,Cleaning,Paper towels x12,2,22.62,45.24,27.93,Delivered,3,4
12394,2026-04-12,C00453,Córdoba,Consumer,Website,Office,Toner cartridge,3,60.69,182.07,128.31,Delivered,3,1
12395,2026-04-12,C00879,NOA,SMB,Marketplace,Office,Paper A4 box,3,17.25,51.75,30.52,Delivered,5,3
12396,2026-04-12,C00006,NOA,Enterprise,Sales rep,Office,Toner cartridge,4,67.75,271.0,169.34,Delivered,3,2
12397,2026-04-12,C01220,Cuyo,SMB,Website,Tech,Wireless mouse,3,22.67,68.01,42.49,Delivered,2,2
12398,2026-04-12,C03526,Cuyo,SMB,Marketplace,Office,Paper A4 box,5,16.6,83.0,60.74,Delivered,2,1
12399,2026-04-12,C03690,Cuyo,SMB,Website,Office,Paper A4 box,3,17.67,53.01,30.08,Delivered,3,5
12400,2026-04-12,C02563,Buenos Aires,Enterprise,Website,Tech,USB-C dock,6,126.87,761.22,445.77,Delivered,2,1
12401,2026-04-12,C00381,NOA,Consumer,Sales rep,Tech,27in monitor,3,250.15,750.45,423.15,Delivered,2,2
12402,2026-04-12,C00016,Córdoba,Consumer,Marketplace,Tech,USB-C dock,1,116.32,116.32,75.11,Delivered,2,3
12403,2026-04-12,C00003,Córdoba,Consumer,Website,Tech,USB-C dock,7,115.75,810.25,515.0,Delivered,3,1
12404,2026-04-12,C01528,Buenos Aires,SMB,Website,Cleaning,Paper towels x12,5,19.36,96.8,71.39,Delivered,3,2
12405,2026-04-12,C00077,Buenos Aires,Enterprise,Website,Tech,Wireless mouse,7,22.36,156.52,95.71,Returned,3,1
12406,2026-04-12,C00023,Buenos Aires,Consumer,Website,Office,Ergonomic chair,1,217.51,217.51,135.66,Returned,3,3
12407,2026-04-12,C00594,Cuyo,SMB,Marketplace,Cleaning,Disinfectant 5L,1,13.93,13.93,8.43,Delivered,5,5
12408,2026-04-13,C03621,Córdoba,SMB,Marketplace,Cleaning,Disinfectant 5L,7,16.01,112.07,66.42,Delivered,3,2
12409,2026-04-13,C02621,NOA,SMB,Website,Tech,Wireless mouse,2,20.4,40.8,27.25,Delivered,5,4
12410,2026-04-13,C00196,Patagonia,SMB,Website,Office,Ergonomic chair,4,201.02,804.08,577.08,Returned,3,5
12411,2026-04-13,C00060,Cuyo,Consumer,Sales rep,Tech,27in monitor,3,248.88,746.64,421.5,Returned,2,3
12412,2026-04-13,C02226,Buenos Aires,Consumer,Website,Cleaning,Paper towels x12,1,20.07,20.07,12.4,Delivered,3,2
12413,2026-04-13,C00699,Buenos Aires,Enterprise,Sales rep,Office,Ergonomic chair,4,223.69,894.76,477.55,Delivered,5,5
12414,2026-04-13,C00625,Córdoba,Consumer,Sales rep,Tech,USB-C dock,3,112.15,336.45,220.87,Delivered,2,1
12415,2026-04-13,C01311,Córdoba,SMB,Website,Office,Toner cartridge,3,63.56,190.68,132.06,Delivered,5,5
12416,2026-04-13,C01992,Cuyo,Enterprise,Marketplace,Tech,Wireless mouse,4,21.03,84.12,51.45,Delivered,3,3
12417,2026-04-13,C00003,Córdoba,Consumer,Website,Office,Paper A4 box,7,18.09,126.63,76.61,Delivered,3,3
12418,2026-04-13,C00004,Cuyo,Consumer,Marketplace,Office,Ergonomic chair,6,206.25,1237.5,778.68,Delivered,5,6
12419,2026-04-13,C00016,Córdoba,Consumer,Sales rep,Tech,USB-C dock,4,113.13,452.52,284.11,Delivered,3,1
12420,2026-04-13,C00265,NOA,SMB,Marketplace,Tech,27in monitor,3,227.27,681.81,421.45,Delivered,2,1
12421,2026-04-13,C00019,Patagonia,Consumer,Marketplace,Tech,USB-C dock,6,111.96,671.76,469.82,Delivered,2,2
12422,2026-04-13,C00053,Cuyo,Consumer,Sales rep,Tech,27in monitor,1,230.01,230.01,142.24,Delivered,5,4
12423,2026-04-13,C03457,Cuyo,Enterprise,Website,Cleaning,Disinfectant 5L,5,16.15,80.75,50.87,Returned,3,1
12424,2026-04-13,C00002,Buenos Aires,SMB,Marketplace,Cleaning,Disinfectant 5L,3,14.94,44.82,27.53,Delivered,2,1
12425,2026-04-13,C00035,Buenos Aires,SMB,Sales rep,Office,Toner cartridge,5,60.65,303.25,210.48,Delivered,3,3
12426,2026-04-14,C00002,Buenos Aires,SMB,Marketplace,Cleaning,Disinfectant 5L,7,16.12,112.84,61.41,Delivered,3,2
12427,2026-04-14,C00076,Córdoba,SMB,Sales rep,Office,Toner cartridge,1,60.97,60.97,35.87,Delivered,2,2
12428,2026-04-14,C00935,Buenos Aires,Enterprise,Marketplace,Office,Ergonomic chair,6,194.9,1169.4,815.23,Delivered,5,4
12429,2026-04-14,C00597,Córdoba,Consumer,Marketplace,Tech,Wireless mouse,1,23.17,23.17,14.78,Delivered,2,2
12430,2026-04-14,C00353,Buenos Aires,SMB,Marketplace,Office,Toner cartridge,2,64.18,128.36,73.01,Delivered,2,1
12431,2026-04-14,C00285,Cuyo,Enterprise,Website,Office,Toner cartridge,5,63.26,316.3,219.06,Delivered,3,4
12432,2026-04-14,C01099,Cuyo,SMB,Sales rep,Office,Ergonomic chair,4,199.91,799.64,548.5,Returned,5,2
12433,2026-04-14,C02707,Buenos Aires,SMB,Website,Tech,27in monitor,6,259.47,1556.82,828.69,Delivered,3,2
12434,2026-04-14,C00001,Cuyo,SMB,Sales rep,Tech,USB-C dock,5,128.77,643.85,339.86,Delivered,5,4
12435,2026-04-14,C03640,Buenos Aires,SMB,Website,Cleaning,Disinfectant 5L,6,14.82,88.92,55.86,Delivered,2,1
12436,2026-04-14,C03533,Córdoba,SMB,Website,Cleaning,Paper towels x12,7,21.09,147.63,81.71,Delivered,3,5
12437,2026-04-14,C00001,Cuyo,SMB,Marketplace,Tech,27in monitor,7,228.62,1600.34,1113.9,Delivered,3,2
12438,2026-04-14,C00344,Córdoba,Consumer,Sales rep,Tech,Wireless mouse,4,20.61,82.44,56.16,Delivered,3,2
12439,2026-04-14,C00788,Buenos Aires,SMB,Website,Cleaning,Disinfectant 5L,4,15.36,61.44,40.05,Returned,5,3
12440,2026-04-14,C00457,Buenos Aires,Consumer,Marketplace,Tech,Wireless mouse,1,22.46,22.46,15.27,Delivered,2,3
12441,2026-04-14,C00004,Cuyo,Consumer,Website,Office,Paper A4 box,1,18.12,18.12,11.04,Delivered,5,4
12442,2026-04-14,C00319,Buenos Aires,SMB,Website,Tech,27in monitor,6,231.28,1387.68,993.71,Delivered,3,1
12443,2026-04-14,C03802,Patagonia,SMB,Website,Office,Ergonomic chair,2,211.99,423.98,243.69,Delivered,2,3
12444,2026-04-14,C01705,Córdoba,SMB,Marketplace,Cleaning,Disinfectant 5L,6,14.5,87.0,56.53,Delivered,3,2
12445,2026-04-14,C00012,Buenos Aires,Consumer,Marketplace,Cleaning,Paper towels x12,2,22.07,44.14,26.13,Delivered,3,3
12446,2026-04-15,C00315,Buenos Aires,SMB,Website,Office,Toner cartridge,5,64.78,323.9,217.02,Delivered,5,5
12447,2026-04-15,C00423,Cuyo,Consumer,Website,Tech,27in monitor,2,234.04,468.08,293.53,Delivered,5,4
12448,2026-04-15,C00261,Patagonia,SMB,Website,Tech,USB-C dock,2,112.55,225.1,133.65,Delivered,3,4
12449,2026-04-15,C00013,Córdoba,Enterprise,Website,Tech,USB-C dock,2,110.94,221.88,137.57,Delivered,3,1
12450,2026-04-15,C00246,Cuyo,Enterprise,Website,Office,Ergonomic chair,4,196.56,786.24,469.34,Delivered,5,6
12451,2026-04-15,C00230,Patagonia,SMB,Website,Office,Toner cartridge,7,66.96,468.72,295.37,Delivered,2,2
12452,2026-04-15,C00032,Cuyo,SMB,Website,Cleaning,Paper towels x12,1,21.38,21.38,13.28,Delivered,5,4
12453,2026-04-15,C00940,NOA,Consumer,Website,Tech,USB-C dock,3,121.96,365.88,220.88,Delivered,2,1
12454,2026-04-15,C00002,Buenos Aires,SMB,Website,Cleaning,Paper towels x12,1,20.13,20.13,12.66,Returned,5,3
12455,2026-04-15,C01603,Patagonia,SMB,Website,Tech,27in monitor,1,230.74,230.74,165.3,Delivered,2,2
12456,2026-04-15,C00182,Córdoba,Consumer,Marketplace,Tech,USB-C dock,3,126.97,380.91,208.88,Delivered,5,5
12457,2026-04-15,C01241,Buenos Aires,Consumer,Marketplace,Cleaning,Paper towels x12,6,20.56,123.36,75.4,Delivered,5,5
12458,2026-04-15,C00229,Cuyo,Consumer,Sales rep,Tech,27in monitor,6,241.64,1449.84,1008.04,Delivered,5,5
12459,2026-04-15,C00028,Patagonia,SMB,Website,Cleaning,Paper towels x12,5,21.68,108.4,59.39,Delivered,2,1
12460,2026-04-15,C00898,Cuyo,Consumer,Marketplace,Tech,Wireless mouse,1,20.31,20.31,14.44,Delivered,5,5
12461,2026-04-15,C00018,Buenos Aires,SMB,Website,Tech,USB-C dock,7,118.38,828.66,554.52,Delivered,2,2
12462,2026-04-15,C00017,Córdoba,Enterprise,Website,Tech,27in monitor,6,232.23,1393.38,883.11,Delivered,5,6
12463,2026-04-16,C00332,Buenos Aires,Consumer,Website,Office,Paper A4 box,6,18.53,111.18,69.11,Delivered,3,3
12464,2026-04-16,C00730,Buenos Aires,SMB,Marketplace,Tech,USB-C dock,4,128.48,513.92,325.03,Delivered,3,2
12465,2026-04-16,C00128,Cuyo,SMB,Website,Office,Toner cartridge,5,60.24,301.2,202.21,Delivered,2,2
12466,2026-04-16,C00007,Cuyo,SMB,Website,Tech,USB-C dock,4,113.86,455.44,306.06,Delivered,3,4
12467,2026-04-16,C01705,Córdoba,SMB,Marketplace,Office,Paper A4 box,1,17.74,17.74,12.34,Delivered,3,5
12468,2026-04-16,C00001,Cuyo,SMB,Website,Tech,USB-C dock,4,122.08,488.32,316.42,Delivered,3,1
12469,2026-04-16,C00972,Cuyo,SMB,Website,Office,Paper A4 box,6,18.17,109.02,71.35,Delivered,3,2
12470,2026-04-16,C00001,Cuyo,SMB,Website,Tech,27in monitor,6,254.47,1526.82,972.25,Delivered,5,5
12471,2026-04-16,C00026,Buenos Aires,SMB,Website,Cleaning,Disinfectant 5L,2,14.46,28.92,20.0,Delivered,3,1
12472,2026-04-16,C00008,Cuyo,SMB,Marketplace,Tech,USB-C dock,4,113.65,454.6,324.89,Delivered,5,3
12473,2026-04-16,C00617,Buenos Aires,SMB,Sales rep,Tech,USB-C dock,2,125.06,250.12,132.27,Delivered,2,2
12474,2026-04-16,C00588,Córdoba,Consumer,Sales rep,Tech,27in monitor,2,253.85,507.7,272.84,Delivered,2,1
12475,2026-04-16,C00608,Cuyo,Consumer,Website,Office,Ergonomic chair,1,207.85,207.85,123.48,Delivered,5,4
12476,2026-04-16,C00020,Buenos Aires,SMB,Website,Office,Toner cartridge,7,68.39,478.73,284.78,Delivered,5,4
12477,2026-04-16,C00001,Cuyo,SMB,Website,Office,Paper A4 box,7,18.28,127.96,75.97,Cancelled,5,4
12478,2026-04-16,C00235,NOA,Consumer,Website,Office,Toner cartridge,6,66.4,398.4,241.59,Delivered,2,2
12479,2026-04-16,C00096,Córdoba,Consumer,Marketplace,Tech,USB-C dock,2,126.31,252.62,154.63,Delivered,2,1
12480,2026-04-16,C00081,Cuyo,Consumer,Website,Cleaning,Disinfectant 5L,1,14.7,14.7,10.23,Delivered,5,5
12481,2026-04-16,C03439,Buenos Aires,Consumer,Sales rep,Tech,USB-C dock,7,127.45,892.15,553.42,Delivered,5,5
12482,2026-04-16,C00029,Patagonia,Consumer,Marketplace,Cleaning,Disinfectant 5L,4,15.65,62.6,41.21,Delivered,5,5
12483,2026-04-16,C00174,Córdoba,Enterprise,Website,Office,Toner cartridge,1,67.81,67.81,44.3,Delivered,2,2
12484,2026-04-16,C00005,Cuyo,SMB,Marketplace,Cleaning,Paper towels x12,4,19.84,79.36,55.05,Delivered,5,7
12485,2026-04-16,C00028,Patagonia,SMB,Website,Tech,USB-C dock,2,118.84,237.68,146.25,Delivered,5,4
12486,2026-04-16,C00478,Buenos Aires,Consumer,Marketplace,Tech,Wireless mouse,5,22.79,113.95,68.78,Delivered,2,1
12487,2026-04-16,C00005,Cuyo,SMB,Sales rep,Tech,USB-C dock,6,113.99,683.94,494.65,Delivered,2,2
12488,2026-04-16,C00008,Cuyo,SMB,Marketplace,Tech,USB-C dock,7,118.19,827.33,552.7,Delivered,3,1
12489,2026-04-16,C02550,Cuyo,SMB,Website,Office,Paper A4 box,7,17.17,120.19,69.86,Delivered,5,4
12490,2026-04-16,C00251,Buenos Aires,SMB,Website,Office,Toner cartridge,7,61.94,433.58,281.44,Delivered,3,1
12491,2026-04-16,C02652,Buenos Aires,Consumer,Website,Office,Paper A4 box,2,19.35,38.7,21.54,Delivered,2,2
12492,2026-04-16,C00088,Cuyo,SMB,Website,Office,Ergonomic chair,5,219.39,1096.95,626.2,Delivered,5,3
12493,2026-04-16,C00016,Córdoba,Consumer,Marketplace,Office,Paper A4 box,2,19.07,38.14,20.99,Delivered,3,3
12494,2026-04-16,C00778,NOA,SMB,Website,Office,Ergonomic chair,7,204.33,1430.31,897.54,Returned,5,3
12495,2026-04-16,C01661,Cuyo,Consumer,Marketplace,Tech,Wireless mouse,1,20.3,20.3,14.66,Delivered,2,2
12496,2026-04-17,C00027,Cuyo,SMB,Sales rep,Cleaning,Disinfectant 5L,3,15.34,46.02,26.8,Delivered,5,5
12497,2026-04-17,C01736,Patagonia,Enterprise,Website,Tech,27in monitor,3,227.06,681.18,416.69,Delivered,3,2
12498,2026-04-17,C00522,NOA,Consumer,Website,Cleaning,Paper towels x12,6,22.5,135.0,82.11,Delivered,3,1
12499,2026-04-17,C00585,Cuyo,Enterprise,Website,Cleaning,Disinfectant 5L,3,14.27,42.81,27.13,Delivered,5,4
12500,2026-04-17,C00031,Buenos Aires,SMB,Sales rep,Office,Toner cartridge,4,64.28,257.12,172.58,Returned,2,1
12501,2026-04-17,C00018,Buenos Aires,SMB,Marketplace,Tech,Wireless mouse,4,20.45,81.8,50.55,Returned,3,3
12502,2026-04-17,C01304,Cuyo,Consumer,Sales rep,Tech,27in monitor,5,257.05,1285.25,709.05,Delivered,5,6
12503,2026-04-17,C01209,Buenos Aires,SMB,Marketplace,Tech,USB-C dock,2,127.34,254.68,163.25,Delivered,5,6
12504,2026-04-17,C00005,Cuyo,SMB,Website,Office,Ergonomic chair,2,210.41,420.82,236.55,Delivered,3,3
12505,2026-04-17,C00141,Cuyo,SMB,Website,Cleaning,Disinfectant 5L,7,14.34,100.38,63.13,Returned,5,4
12506,2026-04-17,C00007,Cuyo,SMB,Sales rep,Office,Paper A4 box,1,16.79,16.79,12.03,Delivered,2,2
12507,2026-04-17,C00008,Cuyo,SMB,Sales rep,Tech,USB-C dock,7,126.5,885.5,571.99,Delivered,3,2
12508,2026-04-17,C00920,Cuyo,Consumer,Marketplace,Cleaning,Disinfectant 5L,5,15.22,76.1,44.24,Delivered,5,3
12509,2026-04-17,C00505,NOA,SMB,Website,Office,Toner cartridge,5,60.05,300.25,215.66,Delivered,3,2
12510,2026-04-17,C00001,Cuyo,SMB,Website,Tech,USB-C dock,2,112.81,225.62,137.84,Delivered,5,5
12511,2026-04-17,C00001,Cuyo,SMB,Marketplace,Cleaning,Disinfectant 5L,1,14.18,14.18,10.46,Delivered,2,2
12512,2026-04-17,C00020,Buenos Aires,SMB,Website,Tech,USB-C dock,2,114.3,228.6,154.94,Delivered,2,1
12513,2026-04-17,C00001,Cuyo,SMB,Website,Cleaning,Paper towels x12,6,22.33,133.98,73.32,Delivered,5,5
12514,2026-04-17,C00169,Cuyo,Enterprise,Marketplace,Tech,27in monitor,3,239.87,719.61,484.59,Delivered,5,4
12515,2026-04-17,C00004,Cuyo,Consumer,Website,Office,Ergonomic chair,4,204.41,817.64,527.29,Delivered,5,5
12516,2026-04-17,C00013,Córdoba,Enterprise,Website,Tech,Wireless mouse,6,23.31,139.86,75.15,Delivered,3,5
12517,2026-04-18,C00164,Buenos Aires,Consumer,Website,Tech,27in monitor,4,255.33,1021.32,570.07,Delivered,3,2
12518,2026-04-18,C00005,Cuyo,SMB,Website,Tech,Wireless mouse,6,21.98,131.88,75.75,Delivered,5,4
12519,2026-04-18,C02046,Cuyo,SMB,Sales rep,Office,Ergonomic chair,6,221.11,1326.66,801.28,Delivered,3,4
12520,2026-04-18,C00003,Córdoba,Consumer,Website,Office,Ergonomic chair,2,196.52,393.04,243.05,Delivered,2,1
12521,2026-04-18,C00190,Buenos Aires,Consumer,Website,Office,Paper A4 box,2,17.68,35.36,24.85,Delivered,3,3
12522,2026-04-18,C03591,Córdoba,SMB,Website,Tech,Wireless mouse,4,21.55,86.2,51.42,Delivered,3,3
12523,2026-04-18,C00006,NOA,Enterprise,Marketplace,Cleaning,Paper towels x12,6,20.22,121.32,71.52,Delivered,5,4
12524,2026-04-18,C00002,Buenos Aires,SMB,Marketplace,Tech,Wireless mouse,5,22.13,110.65,61.42,Delivered,2,1
12525,2026-04-18,C00013,Córdoba,Enterprise,Sales rep,Office,Ergonomic chair,2,196.42,392.84,242.9,Delivered,3,1
12526,2026-04-18,C00001,Cuyo,SMB,Marketplace,Cleaning,Paper towels x12,7,20.76,145.32,93.53,Delivered,2,1
12527,2026-04-18,C01083,Cuyo,SMB,Website,Tech,USB-C dock,7,120.26,841.82,582.2,Delivered,3,1
12528,2026-04-18,C00563,NOA,Consumer,Marketplace,Office,Ergonomic chair,5,208.88,1044.4,613.2,Delivered,5,4
12529,2026-04-18,C00004,Cuyo,Consumer,Sales rep,Office,Ergonomic chair,7,208.87,1462.09,874.52,Delivered,2,2
12530,2026-04-18,C00005,Cuyo,SMB,Sales rep,Cleaning,Paper towels x12,1,22.16,22.16,12.68,Delivered,2,1
12531,2026-04-18,C01128,Patagonia,SMB,Sales rep,Cleaning,Disinfectant 5L,3,15.91,47.73,28.62,Delivered,3,1
12532,2026-04-19,C00004,Cuyo,Consumer,Website,Office,Paper A4 box,1,19.03,19.03,12.57,Delivered,3,3
12533,2026-04-19,C00030,Cuyo,Consumer,Website,Tech,USB-C dock,5,112.7,563.5,336.29,Delivered,3,3
12534,2026-04-19,C00756,Buenos Aires,Consumer,Website,Tech,27in monitor,2,250.17,500.34,330.33,Delivered,2,1
12535,2026-04-19,C00004,Cuyo,Consumer,Website,Tech,Wireless mouse,1,22.23,22.23,13.54,Delivered,5,4
12536,2026-04-19,C00069,Patagonia,SMB,Marketplace,Office,Toner cartridge,2,58.98,117.96,89.32,Delivered,3,4
12537,2026-04-19,C00061,Cuyo,Consumer,Website,Office,Toner cartridge,2,68.3,136.6,81.15,Delivered,3,4
12538,2026-04-19,C00017,Córdoba,Enterprise,Marketplace,Tech,Wireless mouse,5,21.7,108.5,71.62,Delivered,5,3
12539,2026-04-19,C00139,Patagonia,SMB,Marketplace,Tech,Wireless mouse,6,20.98,125.88,75.15,Delivered,2,1
12540,2026-04-19,C00212,Cuyo,SMB,Sales rep,Cleaning,Paper towels x12,6,19.61,117.66,75.79,Delivered,2,1
12541,2026-04-19,C00009,NOA,Consumer,Website,Tech,USB-C dock,5,116.47,582.35,404.61,Delivered,3,3
12542,2026-04-19,C03069,Cuyo,Consumer,Marketplace,Office,Paper A4 box,2,17.43,34.86,22.2,Delivered,5,4
12543,2026-04-19,C00111,Cuyo,Consumer,Marketplace,Office,Ergonomic chair,2,217.57,435.14,275.94,Delivered,5,4
12544,2026-04-19,C00018,Buenos Aires,SMB,Website,Tech,27in monitor,4,246.62,986.48,675.11,Delivered,5,6
12545,2026-04-20,C00054,Cuyo,Consumer,Sales rep,Office,Toner cartridge,3,60.55,181.65,106.42,Delivered,2,2
12546,2026-04-20,C00009,NOA,Consumer,Marketplace,Tech,Wireless mouse,2,22.23,44.46,27.56,Delivered,3,5
12547,2026-04-20,C01455,Buenos Aires,SMB,Website,Cleaning,Disinfectant 5L,4,14.14,56.56,36.65,Delivered,3,2
12548,2026-04-20,C00002,Buenos Aires,SMB,Marketplace,Office,Ergonomic chair,1,197.8,197.8,140.71,Delivered,5,3
12549,2026-04-20,C00137,Córdoba,Enterprise,Website,Office,Toner cartridge,2,63.54,127.08,87.82,Delivered,5,4
12550,2026-04-20,C03657,Buenos Aires,SMB,Website,Office,Toner cartridge,2,59.68,119.36,85.7,Delivered,5,3
12551,2026-04-20,C00008,Cuyo,SMB,Website,Tech,USB-C dock,1,115.68,115.68,82.7,Delivered,2,3
12552,2026-04-20,C00008,Cuyo,SMB,Sales rep,Tech,USB-C dock,6,126.41,758.46,409.51,Delivered,2,2
12553,2026-04-20,C00025,Buenos Aires,SMB,Website,Tech,USB-C dock,4,116.81,467.24,293.65,Delivered,2,1
12554,2026-04-20,C00006,NOA,Enterprise,Website,Cleaning,Disinfectant 5L,2,13.93,27.86,19.02,Delivered,5,4
12555,2026-04-20,C00575,Cuyo,Consumer,Sales rep,Cleaning,Paper towels x12,7,20.04,140.28,91.94,Delivered,5,4
12556,2026-04-20,C00099,Cuyo,Enterprise,Marketplace,Office,Paper A4 box,3,16.95,50.85,33.29,Delivered,3,2
12557,2026-04-20,C00001,Cuyo,SMB,Website,Cleaning,Paper towels x12,4,22.27,89.08,54.92,Delivered,3,3
12558,2026-04-20,C00121,Cuyo,Consumer,Marketplace,Cleaning,Disinfectant 5L,6,14.94,89.64,60.71,Returned,5,5
12559,2026-04-20,C00220,Cuyo,Enterprise,Website,Tech,USB-C dock,1,119.14,119.14,76.15,Delivered,2,1
12560,2026-04-20,C00019,Patagonia,Consumer,Website,Tech,USB-C dock,7,116.11,812.77,517.29,Delivered,3,2
12561,2026-04-20,C00011,Buenos Aires,Enterprise,Sales rep,Tech,USB-C dock,4,115.32,461.28,298.43,Delivered,3,3
12562,2026-04-20,C00033,Cuyo,SMB,Marketplace,Tech,USB-C dock,6,118.45,710.7,403.49,Delivered,3,2
12563,2026-04-21,C00003,Córdoba,Consumer,Website,Tech,USB-C dock,3,112.59,337.77,242.93,Delivered,2,1
12564,2026-04-21,C00109,NOA,Consumer,Sales rep,Office,Toner cartridge,4,64.16,256.64,142.13,Delivered,2,1
12565,2026-04-21,C00281,Cuyo,Enterprise,Website,Cleaning,Paper towels x12,6,22.32,133.92,75.72,Delivered,5,1
12566,2026-04-21,C00077,Buenos Aires,Enterprise,Marketplace,Tech,27in monitor,7,254.97,1784.79,1149.79,Delivered,2,3
12567,2026-04-21,C00050,NOA,Consumer,Website,Tech,USB-C dock,7,119.36,835.52,559.47,Delivered,2,3
12568,2026-04-21,C00974,Cuyo,Consumer,Website,Cleaning,Paper towels x12,3,22.56,67.68,39.82,Delivered,2,1
12569,2026-04-21,C00001,Cuyo,SMB,Website,Office,Toner cartridge,6,61.02,366.12,267.07,Delivered,5,5
12570,2026-04-21,C01400,Buenos Aires,SMB,Marketplace,Office,Paper A4 box,5,18.78,93.9,57.32,Delivered,2,2
12571,2026-04-21,C01385,Córdoba,Consumer,Website,Tech,27in monitor,2,243.42,486.84,339.49,Delivered,2,2
12572,2026-04-21,C00004,Cuyo,Consumer,Website,Tech,Wireless mouse,4,23.04,92.16,53.7,Delivered,3,5
12573,2026-04-21,C00004,Cuyo,Consumer,Sales rep,Office,Ergonomic chair,2,204.49,408.98,264.92,Delivered,5,5
12574,2026-04-21,C01632,Buenos Aires,SMB,Marketplace,Tech,Wireless mouse,1,21.06,21.06,15.18,Delivered,5,3
12575,2026-04-21,C00001,Cuyo,SMB,Website,Tech,USB-C dock,7,129.0,903.0,464.8,Delivered,5,5
12576,2026-04-21,C00005,Cuyo,SMB,Website,Office,Ergonomic chair,3,214.19,642.57,365.14,Returned,3,1
12577,2026-04-21,C00056,Buenos Aires,Consumer,Website,Cleaning,Disinfectant 5L,3,14.47,43.41,29.76,Delivered,5,3
12578,2026-04-21,C00085,Buenos Aires,Enterprise,Website,Tech,Wireless mouse,4,21.45,85.8,55.79,Delivered,3,2
12579,2026-04-21,C00220,Cuyo,Enterprise,Sales rep,Tech,27in monitor,4,242.77,971.08,539.54,Delivered,3,1
12580,2026-04-21,C00067,Cuyo,Consumer,Sales rep,Tech,Wireless mouse,6,23.05,138.3,92.25,Delivered,2,4
12581,2026-04-21,C01031,Cuyo,SMB,Website,Office,Ergonomic chair,1,195.15,195.15,125.73,Delivered,5,5
12582,2026-04-21,C01653,NOA,SMB,Marketplace,Cleaning,Paper towels x12,6,19.77,118.62,70.47,Delivered,2,2
12583,2026-04-21,C00001,Cuyo,SMB,Marketplace,Office,Ergonomic chair,6,206.85,1241.1,755.92,Delivered,5,4
12584,2026-04-21,C03111,Cuyo,Consumer,Website,Office,Ergonomic chair,7,194.21,1359.47,901.14,Delivered,2,3
12585,2026-04-21,C00001,Cuyo,SMB,Website,Cleaning,Disinfectant 5L,5,14.95,74.75,50.27,Delivered,5,5
12586,2026-04-21,C00949,Buenos Aires,Consumer,Marketplace,Office,Paper A4 box,1,19.05,19.05,10.89,Delivered,5,6
12587,2026-04-21,C00001,Cuyo,SMB,Website,Tech,USB-C dock,1,111.92,111.92,72.61,Delivered,3,4
12588,2026-04-21,C00004,Cuyo,Consumer,Marketplace,Office,Toner cartridge,1,62.63,62.63,36.41,Delivered,3,2
12589,2026-04-22,C00017,Córdoba,Enterprise,Marketplace,Cleaning,Disinfectant 5L,5,15.03,75.15,51.69,Delivered,2,4
12590,2026-04-22,C00280,Buenos Aires,SMB,Website,Tech,27in monitor,2,251.51,503.02,324.37,Delivered,2,2
12591,2026-04-22,C00164,Buenos Aires,Consumer,Sales rep,Office,Paper A4 box,7,17.5,122.5,79.05,Delivered,2,3
12592,2026-04-22,C00001,Cuyo,SMB,Sales rep,Office,Toner cartridge,2,65.35,130.7,73.56,Delivered,5,5
12593,2026-04-22,C00002,Buenos Aires,SMB,Website,Tech,USB-C dock,7,111.57,780.99,523.04,Delivered,5,6
12594,2026-04-22,C00009,NOA,Consumer,Website,Cleaning,Paper towels x12,5,21.65,108.25,69.98,Delivered,3,3
12595,2026-04-22,C00010,Córdoba,SMB,Marketplace,Cleaning,Paper towels x12,3,19.61,58.83,41.74,Delivered,3,2
12596,2026-04-22,C00002,Buenos Aires,SMB,Marketplace,Tech,USB-C dock,3,125.2,375.6,224.15,Delivered,5,5
12597,2026-04-22,C00001,Cuyo,SMB,Sales rep,Cleaning,Paper towels x12,6,21.23,127.38,73.22,Delivered,5,6
12598,2026-04-22,C00005,Cuyo,SMB,Website,Tech,Wireless mouse,5,20.92,104.6,76.58,Delivered,3,3
12599,2026-04-22,C00882,NOA,Consumer,Website,Office,Ergonomic chair,1,208.8,208.8,121.93,Cancelled,2,1
12600,2026-04-22,C00001,Cuyo,SMB,Website,Office,Toner cartridge,4,59.95,239.8,159.42,Delivered,2,2
12601,2026-04-22,C00027,Cuyo,SMB,Sales rep,Office,Paper A4 box,1,19.28,19.28,10.03,Delivered,3,1
12602,2026-04-22,C00004,Cuyo,Consumer,Marketplace,Tech,USB-C dock,4,121.68,486.72,266.8,Delivered,5,4
12603,2026-04-22,C02073,Buenos Aires,Consumer,Marketplace,Office,Ergonomic chair,5,225.61,1128.05,715.46,Delivered,5,5
12604,2026-04-22,C00019,Patagonia,Consumer,Marketplace,Office,Paper A4 box,1,19.0,19.0,11.85,Delivered,3,2
12605,2026-04-23,C00550,Buenos Aires,SMB,Website,Office,Ergonomic chair,3,215.99,647.97,380.75,Delivered,2,1
12606,2026-04-23,C00110,Cuyo,Consumer,Website,Tech,Wireless mouse,1,23.6,23.6,12.37,Delivered,5,5
12607,2026-04-23,C00001,Cuyo,SMB,Website,Cleaning,Paper towels x12,3,21.07,63.21,38.07,Delivered,3,4
12608,2026-04-23,C03460,Córdoba,SMB,Sales rep,Cleaning,Paper towels x12,3,22.06,66.18,43.6,Delivered,5,4
12609,2026-04-23,C03704,Cuyo,SMB,Marketplace,Cleaning,Disinfectant 5L,1,14.12,14.12,8.99,Delivered,5,3
12610,2026-04-23,C00037,Córdoba,Enterprise,Marketplace,Cleaning,Paper towels x12,5,21.74,108.7,61.95,Delivered,5,4
12611,2026-04-23,C01068,Córdoba,SMB,Marketplace,Tech,27in monitor,1,255.31,255.31,171.36,Delivered,2,1
12612,2026-04-23,C00010,Córdoba,SMB,Website,Office,Toner cartridge,1,65.24,65.24,43.07,Delivered,3,1
12613,2026-04-23,C00133,Cuyo,SMB,Website,Tech,USB-C dock,4,117.62,470.48,269.83,Delivered,5,6
12614,2026-04-23,C00001,Cuyo,SMB,Website,Cleaning,Paper towels x12,5,19.66,98.3,62.57,Delivered,3,1
12615,2026-04-23,C01913,Cuyo,SMB,Website,Office,Paper A4 box,5,16.7,83.5,50.93,Delivered,2,1
12616,2026-04-23,C00040,Cuyo,Consumer,Marketplace,Cleaning,Disinfectant 5L,4,14.23,56.92,37.18,Delivered,3,3
12617,2026-04-23,C00427,Cuyo,SMB,Website,Tech,Wireless mouse,6,22.86,137.16,91.09,Delivered,3,4
12618,2026-04-23,C00854,Buenos Aires,Enterprise,Website,Tech,Wireless mouse,1,22.92,22.92,13.26,Delivered,3,1
12619,2026-04-23,C01273,Cuyo,Enterprise,Sales rep,Tech,Wireless mouse,5,21.42,107.1,74.64,Delivered,2,1
12620,2026-04-23,C00261,Patagonia,SMB,Website,Tech,USB-C dock,3,112.46,337.38,210.65,Delivered,2,1
12621,2026-04-23,C00244,Córdoba,Consumer,Marketplace,Cleaning,Paper towels x12,1,22.19,22.19,12.16,Returned,5,5
12622,2026-04-23,C00001,Cuyo,SMB,Marketplace,Office,Toner cartridge,4,62.15,248.6,149.92,Delivered,3,4
12623,2026-04-23,C00002,Buenos Aires,SMB,Marketplace,Office,Paper A4 box,3,18.15,54.45,37.35,Delivered,5,6
12624,2026-04-23,C00100,Córdoba,Enterprise,Marketplace,Office,Paper A4 box,2,17.67,35.34,24.57,Delivered,5,4
12625,2026-04-23,C00238,Buenos Aires,SMB,Website,Office,Paper A4 box,5,18.52,92.6,58.93,Delivered,2,1
12626,2026-04-23,C00278,NOA,SMB,Website,Tech,USB-C dock,6,122.11,732.66,424.98,Delivered,3,3
12627,2026-04-24,C00628,Córdoba,SMB,Website,Office,Toner cartridge,1,64.06,64.06,40.37,Returned,2,1
12628,2026-04-24,C01783,Buenos Aires,SMB,Marketplace,Cleaning,Disinfectant 5L,1,16.16,16.16,10.47,Delivered,2,2
12629,2026-04-24,C00305,Buenos Aires,Enterprise,Sales rep,Office,Paper A4 box,4,18.57,74.28,45.01,Delivered,5,4
12630,2026-04-24,C00110,Cuyo,Consumer,Marketplace,Office,Paper A4 box,5,18.52,92.6,54.55,Delivered,2,1
12631,2026-04-24,C00219,NOA,SMB,Marketplace,Office,Toner cartridge,2,67.51,135.02,77.09,Delivered,2,3
12632,2026-04-24,C01510,NOA,Consumer,Marketplace,Office,Toner cartridge,1,64.13,64.13,42.82,Delivered,5,5
12633,2026-04-24,C00003,Córdoba,Consumer,Marketplace,Office,Toner cartridge,4,68.82,275.28,144.25,Delivered,5,2
12634,2026-04-24,C00002,Buenos Aires,SMB,Website,Office,Paper A4 box,2,18.41,36.82,22.66,Delivered,2,2
12635,2026-04-24,C00173,Cuyo,SMB,Website,Cleaning,Disinfectant 5L,4,15.54,62.16,37.53,Delivered,2,1
12636,2026-04-24,C01394,Córdoba,Consumer,Website,Office,Paper A4 box,4,19.0,76.0,45.79,Delivered,3,2
12637,2026-04-24,C00060,Cuyo,Consumer,Website,Tech,27in monitor,6,241.79,1450.74,966.18,Delivered,3,1
12638,2026-04-24,C00003,Córdoba,Consumer,Sales rep,Tech,27in monitor,5,249.17,1245.85,748.53,Delivered,5,5
12639,2026-04-24,C00007,Cuyo,SMB,Marketplace,Cleaning,Paper towels x12,1,21.52,21.52,13.99,Delivered,5,1
12640,2026-04-24,C00389,Córdoba,SMB,Website,Tech,USB-C dock,1,113.22,113.22,80.35,Delivered,3,1
12641,2026-04-24,C00567,Buenos Aires,Enterprise,Website,Office,Toner cartridge,5,66.31,331.55,189.81,Delivered,3,2
12642,2026-04-24,C00583,Buenos Aires,Consumer,Marketplace,Tech,USB-C dock,2,110.5,221.0,151.57,Delivered,3,1
12643,2026-04-24,C01473,Cuyo,Enterprise,Marketplace,Cleaning,Paper towels x12,3,22.23,66.69,35.77,Delivered,5,5
12644,2026-04-24,C00581,Córdoba,Consumer,Website,Tech,Wireless mouse,4,21.19,84.76,50.56,Delivered,2,1
12645,2026-04-24,C00076,Córdoba,SMB,Marketplace,Tech,USB-C dock,4,113.6,454.4,298.31,Delivered,3,2
12646,2026-04-24,C00137,Córdoba,Enterprise,Marketplace,Office,Toner cartridge,2,68.84,137.68,81.77,Delivered,2,1
12647,2026-04-24,C02179,Buenos Aires,Consumer,Marketplace,Office,Toner cartridge,4,59.06,236.24,161.56,Delivered,5,3
12648,2026-04-24,C01120,Córdoba,Enterprise,Marketplace,Cleaning,Disinfectant 5L,7,15.22,106.54,71.99,Delivered,3,3
12649,2026-04-24,C00286,Buenos Aires,SMB,Website,Cleaning,Paper towels x12,2,20.84,41.68,23.79,Cancelled,5,3
12650,2026-04-24,C01349,Patagonia,SMB,Website,Cleaning,Disinfectant 5L,2,14.18,28.36,18.4,Delivered,3,2
12651,2026-04-24,C02539,Cuyo,SMB,Sales rep,Tech,27in monitor,7,234.32,1640.24,1010.89,Delivered,5,6
12652,2026-04-24,C03934,NOA,SMB,Website,Office,Paper A4 box,7,19.16,134.12,83.13,Delivered,5,3
12653,2026-04-25,C03981,Cuyo,Enterprise,Marketplace,Tech,27in monitor,2,231.32,462.64,334.89,Delivered,3,3
12654,2026-04-25,C00395,Patagonia,Consumer,Website,Cleaning,Disinfectant 5L,6,15.64,93.84,53.42,Delivered,3,4
12655,2026-04-25,C00016,Córdoba,Consumer,Website,Cleaning,Paper towels x12,6,19.74,118.44,71.2,Delivered,5,4
12656,2026-04-25,C03199,Buenos Aires,SMB,Sales rep,Office,Ergonomic chair,7,193.62,1355.34,881.56,Delivered,2,1
12657,2026-04-25,C00001,Cuyo,SMB,Sales rep,Office,Paper A4 box,6,17.12,102.72,65.62,Delivered,2,1
12658,2026-04-25,C00832,Córdoba,Consumer,Sales rep,Tech,27in monitor,3,258.02,774.06,404.68,Delivered,5,3
12659,2026-04-25,C00008,Cuyo,SMB,Website,Cleaning,Disinfectant 5L,7,14.42,100.94,67.21,Delivered,2,2
12660,2026-04-26,C00197,Buenos Aires,Enterprise,Marketplace,Tech,Wireless mouse,4,20.41,81.64,59.58,Delivered,2,1
12661,2026-04-26,C00055,Patagonia,SMB,Sales rep,Tech,USB-C dock,7,117.29,821.03,487.73,Delivered,3,1
12662,2026-04-26,C00015,Cuyo,Consumer,Marketplace,Office,Ergonomic chair,5,223.16,1115.8,684.04,Delivered,3,2
12663,2026-04-26,C00127,Buenos Aires,SMB,Marketplace,Tech,Wireless mouse,1,22.25,22.25,14.89,Delivered,2,3
12664,2026-04-26,C00011,Buenos Aires,Enterprise,Website,Cleaning,Disinfectant 5L,4,14.57,58.28,34.87,Delivered,5,4
12665,2026-04-26,C00140,Córdoba,Consumer,Marketplace,Office,Ergonomic chair,5,219.55,1097.75,695.26,Delivered,3,1
12666,2026-04-26,C01300,Cuyo,SMB,Website,Office,Toner cartridge,2,69.05,138.1,77.01,Delivered,2,1
12667,2026-04-26,C00007,Cuyo,SMB,Website,Office,Toner cartridge,5,62.96,314.8,196.75,Delivered,3,4
12668,2026-04-26,C00270,Buenos Aires,Consumer,Website,Cleaning,Paper towels x12,1,21.35,21.35,12.37,Delivered,5,2
12669,2026-04-27,C00127,Buenos Aires,SMB,Website,Office,Toner cartridge,4,60.55,242.2,151.57,Delivered,5,1
12670,2026-04-27,C00530,Córdoba,SMB,Website,Office,Ergonomic chair,5,203.2,1016.0,607.2,Delivered,2,1
12671,2026-04-27,C00007,Cuyo,SMB,Sales rep,Office,Ergonomic chair,5,217.78,1088.9,728.53,Delivered,2,2
12672,2026-04-27,C00034,Patagonia,Consumer,Website,Tech,27in monitor,6,238.37,1430.22,1026.65,Delivered,3,1
12673,2026-04-27,C00088,Cuyo,SMB,Website,Cleaning,Disinfectant 5L,5,14.55,72.75,43.28,Delivered,5,6
12674,2026-04-27,C00312,Buenos Aires,SMB,Marketplace,Tech,27in monitor,6,261.15,1566.9,928.25,Delivered,3,4
12675,2026-04-27,C03159,Córdoba,SMB,Sales rep,Cleaning,Disinfectant 5L,5,14.86,74.3,49.01,Delivered,2,2
12676,2026-04-27,C03424,Cuyo,Consumer,Website,Office,Ergonomic chair,4,212.97,851.88,499.31,Delivered,5,2
12677,2026-04-27,C02400,Buenos Aires,SMB,Website,Cleaning,Paper towels x12,3,21.23,63.69,41.6,Delivered,2,1
12678,2026-04-27,C01178,Buenos Aires,Enterprise,Sales rep,Office,Ergonomic chair,3,203.43,610.29,360.56,Delivered,2,1
12679,2026-04-27,C00122,Cuyo,Enterprise,Sales rep,Office,Paper A4 box,3,17.74,53.22,32.01,Delivered,2,3
12680,2026-04-27,C00001,Cuyo,SMB,Sales rep,Office,Paper A4 box,3,16.93,50.79,34.24,Delivered,3,3
12681,2026-04-27,C00007,Cuyo,SMB,Sales rep,Tech,27in monitor,3,258.71,776.13,465.09,Delivered,5,6
12682,2026-04-27,C00656,NOA,SMB,Website,Cleaning,Paper towels x12,7,19.56,136.92,81.34,Delivered,2,1
12683,2026-04-27,C03878,Patagonia,Consumer,Website,Cleaning,Disinfectant 5L,1,14.46,14.46,9.05,Cancelled,2,2
12684,2026-04-27,C00014,Cuyo,SMB,Website,Cleaning,Disinfectant 5L,4,14.92,59.68,41.86,Delivered,3,2
12685,2026-04-27,C00002,Buenos Aires,SMB,Sales rep,Cleaning,Paper towels x12,7,22.15,155.05,86.45,Cancelled,2,4
12686,2026-04-27,C03245,Buenos Aires,SMB,Website,Cleaning,Disinfectant 5L,3,15.32,45.96,25.07,Delivered,5,3
12687,2026-04-28,C00392,Cuyo,Enterprise,Marketplace,Cleaning,Paper towels x12,7,20.32,142.24,89.7,Cancelled,5,5
12688,2026-04-28,C01695,Buenos Aires,SMB,Website,Office,Ergonomic chair,1,203.57,203.57,139.87,Delivered,3,1
12689,2026-04-28,C00025,Buenos Aires,SMB,Website,Office,Paper A4 box,5,18.58,92.9,49.61,Delivered,2,3
12690,2026-04-28,C00917,Córdoba,Consumer,Marketplace,Cleaning,Paper towels x12,2,20.4,40.8,27.9,Delivered,3,4
12691,2026-04-28,C00008,Cuyo,SMB,Marketplace,Tech,27in monitor,2,228.12,456.24,317.19,Delivered,5,5
12692,2026-04-28,C01068,Córdoba,SMB,Website,Cleaning,Paper towels x12,2,19.9,39.8,27.52,Delivered,3,3
12693,2026-04-28,C00825,Córdoba,Consumer,Website,Tech,Wireless mouse,1,20.5,20.5,13.21,Delivered,3,1
12694,2026-04-28,C02690,NOA,SMB,Website,Cleaning,Disinfectant 5L,6,15.65,93.9,55.2,Delivered,2,1
12695,2026-04-28,C02569,Córdoba,SMB,Website,Tech,27in monitor,2,258.55,517.1,285.32,Delivered,2,2
12696,2026-04-28,C00454,Cuyo,SMB,Website,Office,Toner cartridge,7,65.12,455.84,290.07,Delivered,2,1
12697,2026-04-28,C00016,Córdoba,Consumer,Website,Tech,Wireless mouse,2,21.22,42.44,30.63,Delivered,2,1
12698,2026-04-28,C00006,NOA,Enterprise,Sales rep,Office,Paper A4 box,4,16.61,66.44,50.19,Delivered,2,2
12699,2026-04-28,C00021,NOA,SMB,Website,Office,Toner cartridge,7,68.6,480.2,299.59,Delivered,3,4
12700,2026-04-28,C00035,Buenos Aires,SMB,Marketplace,Tech,27in monitor,2,252.35,504.7,275.6,Delivered,2,1
12701,2026-04-28,C00032,Cuyo,SMB,Website,Cleaning,Disinfectant 5L,7,14.67,102.69,68.5,Delivered,2,1
12702,2026-04-28,C00005,Cuyo,SMB,Website,Office,Paper A4 box,2,18.11,36.22,22.93,Delivered,2,1
12703,2026-04-28,C00001,Cuyo,SMB,Website,Office,Paper A4 box,7,17.24,120.68,76.28,Delivered,3,2
12704,2026-04-28,C00002,Buenos Aires,SMB,Website,Cleaning,Paper towels x12,5,22.18,110.9,73.39,Delivered,3,2
12705,2026-04-28,C01590,Córdoba,Enterprise,Sales rep,Tech,Wireless mouse,2,20.64,41.28,28.48,Delivered,2,1
12706,2026-04-28,C00471,NOA,SMB,Website,Cleaning,Paper towels x12,2,21.63,43.26,27.93,Delivered,3,1
12707,2026-04-28,C02880,Cuyo,Consumer,Website,Tech,27in monitor,7,251.47,1760.29,1096.28,Delivered,3,1
12708,2026-04-28,C02006,Cuyo,Consumer,Website,Office,Ergonomic chair,2,204.48,408.96,243.43,Delivered,5,3
12709,2026-04-28,C02176,NOA,Consumer,Website,Office,Toner cartridge,2,63.94,127.88,85.19,Cancelled,3,3
12710,2026-04-28,C03322,Cuyo,Consumer,Sales rep,Office,Paper A4 box,6,17.37,104.22,63.95,Delivered,2,1
12711,2026-04-28,C01117,NOA,Consumer,Website,Cleaning,Paper towels x12,1,20.61,20.61,14.16,Delivered,2,1
12712,2026-04-28,C01863,Cuyo,SMB,Marketplace,Tech,27in monitor,2,246.83,493.66,301.58,Delivered,5,4
12713,2026-04-29,C00001,Cuyo,SMB,Website,Cleaning,Paper towels x12,7,21.68,151.76,101.59,Delivered,2,1
12714,2026-04-29,C00083,NOA,SMB,Website,Tech,Wireless mouse,5,22.35,111.75,71.91,Delivered,3,2
12715,2026-04-29,C00002,Buenos Aires,SMB,Website,Office,Toner cartridge,7,62.34,436.38,263.27,Returned,5,3
12716,2026-04-29,C01167,NOA,SMB,Website,Tech,27in monitor,3,238.39,715.17,452.44,Delivered,2,1
12717,2026-04-29,C00001,Cuyo,SMB,Sales rep,Cleaning,Disinfectant 5L,6,14.21,85.26,57.87,Delivered,3,2
12718,2026-04-29,C02713,Buenos Aires,SMB,Marketplace,Office,Toner cartridge,7,61.47,430.29,293.13,Delivered,3,3
12719,2026-04-29,C00002,Buenos Aires,SMB,Website,Office,Ergonomic chair,2,197.81,395.62,273.98,Delivered,3,2
12720,2026-04-29,C02358,NOA,SMB,Marketplace,Office,Paper A4 box,2,17.94,35.88,20.86,Delivered,2,2
12721,2026-04-29,C00015,Cuyo,Consumer,Website,Cleaning,Paper towels x12,5,20.87,104.35,70.9,Delivered,2,1
12722,2026-04-29,C00115,Córdoba,Consumer,Sales rep,Tech,27in monitor,5,259.54,1297.7,769.29,Delivered,5,3
12723,2026-04-29,C00002,Buenos Aires,SMB,Website,Tech,Wireless mouse,4,20.86,83.44,53.94,Delivered,3,1
12724,2026-04-29,C00004,Cuyo,Consumer,Marketplace,Cleaning,Paper towels x12,5,21.54,107.7,70.68,Delivered,3,2
12725,2026-04-29,C00163,Buenos Aires,Enterprise,Sales rep,Office,Paper A4 box,3,19.09,57.27,31.95,Delivered,5,5
12726,2026-04-29,C00002,Buenos Aires,SMB,Website,Office,Ergonomic chair,6,224.88,1349.28,720.41,Delivered,3,4
12727,2026-04-29,C00003,Córdoba,Consumer,Website,Tech,USB-C dock,6,114.84,689.04,425.41,Delivered,3,2
12728,2026-04-29,C00001,Cuyo,SMB,Website,Tech,27in monitor,5,264.03,1320.15,795.81,Delivered,2,1
12729,2026-04-29,C00010,Córdoba,SMB,Website,Tech,27in monitor,6,233.98,1403.88,844.91,Delivered,5,3
12730,2026-04-29,C01611,Buenos Aires,SMB,Website,Cleaning,Paper towels x12,4,21.13,84.52,47.67,Delivered,3,1
12731,2026-04-29,C00332,Buenos Aires,Consumer,Marketplace,Tech,27in monitor,5,259.11,1295.55,697.47,Cancelled,2,2
12732,2026-04-29,C00002,Buenos Aires,SMB,Website,Office,Toner cartridge,2,66.13,132.26,82.02,Delivered,3,3
12733,2026-04-29,C02605,Cuyo,SMB,Marketplace,Office,Toner cartridge,7,62.66,438.62,308.37,Delivered,2,1
12734,2026-04-30,C00012,Buenos Aires,Consumer,Marketplace,Tech,USB-C dock,1,112.9,112.9,74.32,Cancelled,5,7
12735,2026-04-30,C00095,Córdoba,SMB,Sales rep,Office,Ergonomic chair,5,209.91,1049.55,647.98,Delivered,2,4
12736,2026-04-30,C00002,Buenos Aires,SMB,Website,Tech,Wireless mouse,6,23.18,139.08,87.28,Delivered,3,3
12737,2026-04-30,C01009,NOA,Enterprise,Sales rep,Office,Toner cartridge,7,63.6,445.2,279.98,Delivered,5,4
12738,2026-04-30,C00660,Buenos Aires,SMB,Marketplace,Cleaning,Paper towels x12,2,20.38,40.76,25.17,Delivered,3,3
12739,2026-04-30,C00032,Cuyo,SMB,Sales rep,Tech,USB-C dock,5,113.73,568.65,363.08,Delivered,5,5
12740,2026-04-30,C00083,NOA,SMB,Website,Tech,27in monitor,3,252.72,758.16,412.91,Delivered,5,4
12741,2026-04-30,C00001,Cuyo,SMB,Marketplace,Office,Toner cartridge,2,66.92,133.84,88.04,Delivered,5,5
12742,2026-04-30,C03207,Cuyo,SMB,Website,Cleaning,Paper towels x12,7,22.17,155.19,83.63,Delivered,3,1
12743,2026-04-30,C00003,Córdoba,Consumer,Website,Tech,27in monitor,7,255.36,1787.52,1116.18,Delivered,5,5
12744,2026-04-30,C00560,Cuyo,Consumer,Marketplace,Office,Toner cartridge,2,67.48,134.96,74.07,Delivered,2,2
12745,2026-04-30,C00003,Córdoba,Consumer,Marketplace,Office,Ergonomic chair,4,214.13,856.52,582.45,Delivered,3,4
12746,2026-04-30,C00055,Patagonia,SMB,Marketplace,Cleaning,Disinfectant 5L,2,14.11,28.22,19.85,Delivered,3,5
12747,2026-04-30,C00177,NOA,SMB,Marketplace,Cleaning,Disinfectant 5L,7,14.8,103.6,62.46,Delivered,5,5
12748,2026-04-30,C01122,NOA,SMB,Sales rep,Tech,USB-C dock,2,116.03,232.06,164.89,Delivered,5,4
12749,2026-04-30,C00588,Córdoba,Consumer,Website,Office,Paper A4 box,6,17.76,106.56,71.73,Delivered,3,3
12750,2026-04-30,C03278,Buenos Aires,Enterprise,Marketplace,Office,Paper A4 box,1,17.72,17.72,12.26,Delivered,3,3
12751,2026-04-30,C00368,Cuyo,SMB,Website,Tech,27in monitor,7,227.53,1592.71,1056.88,Delivered,2,1
12752,2026-04-30,C00087,Córdoba,SMB,Website,Tech,27in monitor,1,233.38,233.38,143.73,Delivered,3,3
12753,2026-04-30,C00031,Buenos Aires,SMB,Website,Office,Ergonomic chair,6,204.53,1227.18,798.09,Delivered,3,1
12754,2026-04-30,C00161,Cuyo,Enterprise,Website,Cleaning,Paper towels x12,7,22.59,158.13,80.95,Delivered,5,6
12755,2026-04-30,C00001,Cuyo,SMB,Marketplace,Office,Toner cartridge,6,66.75,400.5,259.61,Delivered,5,6
12756,2026-04-30,C00052,Córdoba,Consumer,Website,Office,Toner cartridge,2,60.55,121.1,82.86,Delivered,3,3
12757,2026-04-30,C01012,Córdoba,SMB,Marketplace,Tech,Wireless mouse,4,20.51,82.04,60.62,Delivered,5,4
12758,2026-05-01,C00001,Cuyo,SMB,Website,Tech,USB-C dock,1,120.86,120.86,76.06,Cancelled,5,3
12759,2026-05-01,C00002,Buenos Aires,SMB,Website,Tech,27in monitor,5,244.0,1220.0,857.35,Delivered,5,1
12760,2026-05-01,C00002,Buenos Aires,SMB,Marketplace,Cleaning,Paper towels x12,6,22.47,134.82,87.23,Delivered,2,1
12761,2026-05-01,C01157,Córdoba,Consumer,Website,Tech,27in monitor,7,241.95,1693.65,1077.04,Delivered,3,2
12762,2026-05-01,C01394,Córdoba,Consumer,Website,Office,Toner cartridge,2,59.07,118.14,88.99,Delivered,2,1
12763,2026-05-01,C00006,NOA,Enterprise,Marketplace,Office,Ergonomic chair,3,205.13,615.39,358.96,Delivered,5,4
12764,2026-05-01,C00413,Buenos Aires,Consumer,Website,Office,Ergonomic chair,2,205.11,410.22,241.49,Delivered,3,3
12765,2026-05-01,C03206,Patagonia,Enterprise,Marketplace,Cleaning,Disinfectant 5L,3,14.16,42.48,31.12,Delivered,3,3
12766,2026-05-01,C00019,Patagonia,Consumer,Website,Office,Toner cartridge,1,66.24,66.24,41.26,Delivered,3,1
12767,2026-05-01,C03000,Patagonia,SMB,Website,Office,Toner cartridge,1,59.24,59.24,44.68,Delivered,2,1
12768,2026-05-01,C00133,Cuyo,SMB,Website,Office,Toner cartridge,2,59.11,118.22,75.85,Delivered,2,1
12769,2026-05-01,C00001,Cuyo,SMB,Website,Office,Ergonomic chair,6,217.55,1305.3,766.66,Delivered,3,2
12770,2026-05-01,C00002,Buenos Aires,SMB,Marketplace,Office,Paper A4 box,5,19.16,95.8,53.49,Delivered,2,1
12771,2026-05-01,C02134,Cuyo,Consumer,Website,Office,Ergonomic chair,3,225.38,676.14,348.04,Delivered,3,3
12772,2026-05-01,C00001,Cuyo,SMB,Website,Office,Paper A4 box,6,18.65,111.9,73.2,Delivered,5,4
12773,2026-05-01,C00058,Buenos Aires,SMB,Sales rep,Office,Ergonomic chair,2,222.65,445.3,248.0,Delivered,2,1
12774,2026-05-01,C00109,NOA,Consumer,Marketplace,Tech,27in monitor,2,227.96,455.92,271.45,Delivered,3,1
12775,2026-05-01,C02718,NOA,SMB,Marketplace,Tech,Wireless mouse,2,20.57,41.14,27.57,Cancelled,5,4
12776,2026-05-01,C01347,Buenos Aires,Enterprise,Marketplace,Cleaning,Paper towels x12,2,22.51,45.02,26.77,Delivered,3,2
12777,2026-05-01,C01094,Buenos Aires,Consumer,Website,Tech,27in monitor,7,264.38,1850.66,968.64,Delivered,3,3
12778,2026-05-01,C00184,Cuyo,Enterprise,Website,Cleaning,Disinfectant 5L,1,16.01,16.01,8.53,Delivered,3,2
12779,2026-05-01,C00008,Cuyo,SMB,Website,Tech,27in monitor,4,240.94,963.76,548.35,Delivered,2,2
12780,2026-05-01,C00096,Córdoba,Consumer,Website,Tech,Wireless mouse,5,21.31,106.55,76.69,Delivered,3,2
12781,2026-05-01,C01015,Córdoba,Consumer,Website,Tech,USB-C dock,7,121.46,850.22,510.8,Delivered,3,3
12782,2026-05-01,C00011,Buenos Aires,Enterprise,Marketplace,Tech,USB-C dock,6,123.83,742.98,485.84,Delivered,3,3
12783,2026-05-01,C00067,Cuyo,Consumer,Website,Cleaning,Paper towels x12,7,20.13,140.91,84.71,Delivered,5,4
12784,2026-05-01,C00167,Cuyo,Consumer,Website,Cleaning,Paper towels x12,2,20.91,41.82,23.78,Delivered,2,2
12785,2026-05-01,C00001,Cuyo,SMB,Website,Cleaning,Paper towels x12,7,21.32,149.24,83.37,Delivered,2,1
12786,2026-05-02,C00001,Cuyo,SMB,Marketplace,Tech,USB-C dock,4,112.74,450.96,324.99,Delivered,2,1
12787,2026-05-02,C00044,Buenos Aires,Consumer,Sales rep,Office,Ergonomic chair,2,201.88,403.76,287.47,Delivered,5,6
12788,2026-05-02,C03392,Cuyo,Consumer,Sales rep,Office,Toner cartridge,2,64.0,128.0,85.43,Delivered,5,4
12789,2026-05-02,C02352,Buenos Aires,SMB,Sales rep,Tech,USB-C dock,5,113.32,566.6,399.3,Delivered,2,2
12790,2026-05-02,C01380,Patagonia,SMB,Sales rep,Office,Toner cartridge,5,62.82,314.1,179.88,Delivered,2,3
12791,2026-05-02,C00428,Buenos Aires,Enterprise,Marketplace,Tech,Wireless mouse,1,21.72,21.72,14.79,Delivered,2,2
12792,2026-05-02,C00005,Cuyo,SMB,Website,Tech,USB-C dock,4,121.85,487.4,265.92,Delivered,2,3
12793,2026-05-02,C00095,Córdoba,SMB,Marketplace,Office,Ergonomic chair,1,206.05,206.05,135.67,Delivered,2,2
12794,2026-05-02,C00004,Cuyo,Consumer,Website,Office,Toner cartridge,5,64.97,324.85,216.49,Delivered,5,6
12795,2026-05-02,C00034,Patagonia,Consumer,Marketplace,Cleaning,Paper towels x12,2,19.42,38.84,26.18,Delivered,5,6
12796,2026-05-02,C00216,Cuyo,SMB,Website,Office,Toner cartridge,5,66.56,332.8,195.58,Delivered,5,7
12797,2026-05-02,C00224,Buenos Aires,Enterprise,Marketplace,Office,Paper A4 box,2,19.16,38.32,24.47,Delivered,5,2
12798,2026-05-02,C00320,Cuyo,SMB,Marketplace,Cleaning,Paper towels x12,5,21.74,108.7,71.6,Delivered,3,4
12799,2026-05-02,C00016,Córdoba,Consumer,Marketplace,Office,Ergonomic chair,1,226.14,226.14,124.73,Cancelled,2,1
12800,2026-05-02,C00056,Buenos Aires,Consumer,Website,Tech,Wireless mouse,1,21.15,21.15,13.63,Delivered,5,2
12801,2026-05-02,C00001,Cuyo,SMB,Website,Office,Toner cartridge,3,60.56,181.68,117.61,Delivered,5,4
12802,2026-05-02,C00295,NOA,SMB,Marketplace,Office,Ergonomic chair,3,225.74,677.22,395.72,Delivered,3,3
12803,2026-05-02,C00112,Buenos Aires,SMB,Marketplace,Cleaning,Paper towels x12,6,21.06,126.36,70.66,Delivered,5,4
12804,2026-05-02,C00185,Patagonia,SMB,Marketplace,Office,Paper A4 box,4,19.15,76.6,40.99,Delivered,3,2
12805,2026-05-03,C00004,Cuyo,Consumer,Marketplace,Office,Paper A4 box,5,18.85,94.25,58.27,Delivered,5,2
12806,2026-05-03,C00011,Buenos Aires,Enterprise,Website,Cleaning,Paper towels x12,3,20.94,62.82,43.99,Delivered,2,1
12807,2026-05-03,C00554,NOA,Enterprise,Website,Tech,USB-C dock,3,111.35,334.05,227.3,Delivered,5,6
12808,2026-05-03,C00001,Cuyo,SMB,Website,Office,Toner cartridge,7,59.42,415.94,296.4,Delivered,2,4
12809,2026-05-03,C00504,Cuyo,SMB,Website,Tech,Wireless mouse,1,22.54,22.54,14.74,Delivered,3,3
12810,2026-05-03,C00001,Cuyo,SMB,Website,Tech,Wireless mouse,1,21.35,21.35,15.08,Delivered,2,1
12811,2026-05-03,C00047,Buenos Aires,SMB,Website,Tech,USB-C dock,7,127.95,895.65,480.47,Delivered,3,1
12812,2026-05-03,C02055,Buenos Aires,Enterprise,Marketplace,Cleaning,Disinfectant 5L,2,14.52,29.04,19.45,Delivered,5,5
12813,2026-05-03,C00001,Cuyo,SMB,Website,Office,Paper A4 box,7,17.72,124.04,85.1,Delivered,3,2
12814,2026-05-03,C00100,Córdoba,Enterprise,Website,Office,Toner cartridge,6,65.3,391.8,238.16,Delivered,2,1
12815,2026-05-03,C00002,Buenos Aires,SMB,Marketplace,Tech,USB-C dock,1,125.06,125.06,68.05,Delivered,2,1
12816,2026-05-03,C00005,Cuyo,SMB,Website,Cleaning,Disinfectant 5L,1,15.97,15.97,10.14,Delivered,5,4
12817,2026-05-03,C01036,Patagonia,SMB,Marketplace,Cleaning,Paper towels x12,2,22.19,44.38,24.5,Delivered,5,6
12818,2026-05-03,C00007,Cuyo,SMB,Website,Cleaning,Disinfectant 5L,2,15.34,30.68,18.47,Delivered,2,1
12819,2026-05-04,C00002,Buenos Aires,SMB,Marketplace,Tech,Wireless mouse,2,22.8,45.6,26.51,Delivered,3,2
12820,2026-05-04,C00002,Buenos Aires,SMB,Website,Tech,27in monitor,2,243.19,486.38,274.58,Delivered,5,5
12821,2026-05-04,C00268,Buenos Aires,SMB,Website,Cleaning,Disinfectant 5L,7,15.5,108.5,64.56,Delivered,3,3
12822,2026-05-04,C00005,Cuyo,SMB,Marketplace,Cleaning,Disinfectant 5L,2,14.4,28.8,18.19,Delivered,2,1
12823,2026-05-04,C00217,Cuyo,SMB,Website,Cleaning,Paper towels x12,7,19.7,137.9,98.97,Delivered,2,3
12824,2026-05-04,C00438,Buenos Aires,SMB,Website,Tech,Wireless mouse,7,22.18,155.26,107.39,Delivered,5,4
12825,2026-05-04,C00002,Buenos Aires,SMB,Website,Tech,Wireless mouse,1,22.9,22.9,14.0,Returned,2,3
12826,2026-05-04,C00022,Cuyo,SMB,Website,Cleaning,Paper towels x12,1,19.87,19.87,14.37,Delivered,5,1
12827,2026-05-04,C01436,Cuyo,SMB,Sales rep,Cleaning,Disinfectant 5L,5,15.5,77.5,44.99,Delivered,2,2
12828,2026-05-04,C01882,Córdoba,Consumer,Website,Office,Paper A4 box,3,17.79,53.37,34.17,Delivered,5,4
12829,2026-05-04,C00007,Cuyo,SMB,Sales rep,Tech,Wireless mouse,2,22.58,45.16,30.58,Delivered,2,1
12830,2026-05-04,C00053,Cuyo,Consumer,Marketplace,Tech,27in monitor,1,257.01,257.01,149.95,Delivered,5,5
12831,2026-05-04,C01936,Cuyo,SMB,Marketplace,Tech,USB-C dock,1,117.08,117.08,72.93,Delivered,3,1
12832,2026-05-04,C03364,Cuyo,SMB,Website,Tech,USB-C dock,2,124.66,249.32,164.79,Delivered,5,4
12833,2026-05-04,C00017,Córdoba,Enterprise,Website,Cleaning,Disinfectant 5L,4,14.15,56.6,35.32,Delivered,2,3
12834,2026-05-04,C00200,Patagonia,Consumer,Sales rep,Tech,Wireless mouse,3,23.65,70.95,42.28,Delivered,3,1
12835,2026-05-04,C00820,Cuyo,Enterprise,Marketplace,Tech,Wireless mouse,5,22.88,114.4,69.57,Delivered,5,5
12836,2026-05-04,C00001,Cuyo,SMB,Website,Office,Toner cartridge,1,68.0,68.0,41.33,Delivered,2,2
12837,2026-05-04,C01694,Buenos Aires,SMB,Sales rep,Cleaning,Disinfectant 5L,4,16.17,64.68,41.24,Delivered,5,4
12838,2026-05-04,C00018,Buenos Aires,SMB,Website,Office,Ergonomic chair,2,212.17,424.34,274.63,Delivered,3,2
12839,2026-05-04,C00004,Cuyo,Consumer,Sales rep,Office,Paper A4 box,2,17.41,34.82,22.69,Delivered,2,2
12840,2026-05-04,C00780,Córdoba,SMB,Website,Cleaning,Paper towels x12,1,20.58,20.58,14.46,Delivered,5,4
12841,2026-05-05,C00059,Cuyo,Consumer,Marketplace,Office,Toner cartridge,6,67.48,404.88,250.23,Delivered,5,1
12842,2026-05-05,C00028,Patagonia,SMB,Website,Tech,USB-C dock,6,120.75,724.5,430.16,Delivered,3,2
12843,2026-05-05,C00084,Buenos Aires,Consumer,Sales rep,Tech,27in monitor,1,261.47,261.47,150.72,Returned,3,1
12844,2026-05-05,C00859,Buenos Aires,Consumer,Website,Cleaning,Paper towels x12,1,19.95,19.95,13.96,Delivered,5,5
12845,2026-05-05,C00883,NOA,Consumer,Website,Tech,Wireless mouse,2,21.13,42.26,30.22,Delivered,2,2
12846,2026-05-05,C00236,Cuyo,Consumer,Marketplace,Tech,USB-C dock,2,121.81,243.62,159.45,Delivered,2,1
12847,2026-05-05,C00197,Buenos Aires,Enterprise,Website,Office,Paper A4 box,4,16.93,67.72,43.37,Delivered,3,3
12848,2026-05-05,C00695,Cuyo,Consumer,Website,Office,Toner cartridge,5,59.63,298.15,187.27,Delivered,3,2
12849,2026-05-05,C00020,Buenos Aires,SMB,Sales rep,Office,Toner cartridge,1,66.0,66.0,41.8,Delivered,5,5
12850,2026-05-05,C00234,Córdoba,Consumer,Marketplace,Cleaning,Paper towels x12,5,21.42,107.1,67.14,Delivered,3,3
12851,2026-05-05,C00004,Cuyo,Consumer,Website,Tech,27in monitor,3,230.01,690.03,454.17,Delivered,3,1
12852,2026-05-05,C00073,Cuyo,SMB,Website,Tech,USB-C dock,6,123.49,740.94,499.15,Delivered,2,1
12853,2026-05-05,C00266,Patagonia,SMB,Website,Office,Paper A4 box,6,16.83,100.98,62.09,Delivered,5,5
12854,2026-05-05,C00032,Cuyo,SMB,Website,Tech,Wireless mouse,4,20.33,81.32,50.28,Delivered,5,5
12855,2026-05-05,C00042,Cuyo,SMB,Marketplace,Office,Toner cartridge,4,65.34,261.36,162.94,Delivered,3,3
12856,2026-05-05,C00119,Córdoba,SMB,Marketplace,Office,Toner cartridge,1,65.85,65.85,40.9,Delivered,3,2
12857,2026-05-05,C00082,NOA,SMB,Marketplace,Office,Ergonomic chair,3,201.04,603.12,401.66,Returned,3,1
12858,2026-05-05,C00005,Cuyo,SMB,Website,Cleaning,Disinfectant 5L,4,14.11,56.44,34.72,Delivered,2,2
12859,2026-05-05,C00763,Cuyo,SMB,Website,Cleaning,Paper towels x12,5,20.68,103.4,61.13,Delivered,3,3
12860,2026-05-05,C03812,Córdoba,Enterprise,Sales rep,Tech,Wireless mouse,1,22.66,22.66,14.89,Delivered,2,2
12861,2026-05-05,C00639,Córdoba,SMB,Marketplace,Office,Ergonomic chair,7,215.51,1508.57,987.26,Delivered,2,1
12862,2026-05-05,C00008,Cuyo,SMB,Website,Cleaning,Disinfectant 5L,5,14.67,73.35,44.42,Delivered,3,2
12863,2026-05-06,C00844,Cuyo,SMB,Website,Tech,Wireless mouse,7,23.45,164.15,106.71,Delivered,3,2
12864,2026-05-06,C00501,Cuyo,SMB,Marketplace,Tech,USB-C dock,1,125.94,125.94,72.99,Delivered,3,3
12865,2026-05-06,C00178,Córdoba,SMB,Website,Cleaning,Disinfectant 5L,2,15.72,31.44,17.57,Delivered,5,6
12866,2026-05-06,C00063,Buenos Aires,SMB,Sales rep,Cleaning,Paper towels x12,6,19.72,118.32,82.55,Delivered,3,2
12867,2026-05-06,C00618,Patagonia,SMB,Sales rep,Cleaning,Disinfectant 5L,4,15.07,60.28,37.6,Delivered,5,4
12868,2026-05-06,C00011,Buenos Aires,Enterprise,Website,Tech,Wireless mouse,5,21.85,109.25,75.02,Delivered,2,3
12869,2026-05-06,C00038,Cuyo,Consumer,Website,Tech,Wireless mouse,4,20.41,81.64,61.59,Delivered,3,2
12870,2026-05-06,C01543,Córdoba,Enterprise,Sales rep,Office,Paper A4 box,5,18.09,90.45,55.53,Delivered,2,1
12871,2026-05-06,C00004,Cuyo,Consumer,Website,Tech,Wireless mouse,6,21.43,128.58,79.11,Delivered,2,1
12872,2026-05-06,C02528,Buenos Aires,Enterprise,Sales rep,Office,Paper A4 box,5,18.43,92.15,52.54,Delivered,2,1
12873,2026-05-06,C00017,Córdoba,Enterprise,Website,Tech,USB-C dock,4,129.18,516.72,265.92,Delivered,5,6
12874,2026-05-06,C00054,Cuyo,Consumer,Marketplace,Tech,USB-C dock,5,119.06,595.3,342.42,Delivered,2,1
12875,2026-05-06,C01024,Patagonia,SMB,Marketplace,Cleaning,Paper towels x12,6,19.9,119.4,78.83,Delivered,2,2
12876,2026-05-06,C00094,Buenos Aires,SMB,Website,Cleaning,Paper towels x12,7,20.82,145.74,84.93,Delivered,3,2
12877,2026-05-06,C00009,NOA,Consumer,Marketplace,Office,Ergonomic chair,6,225.8,1354.8,709.85,Delivered,2,1
12878,2026-05-06,C00005,Cuyo,SMB,Sales rep,Office,Ergonomic chair,4,199.37,797.48,544.62,Delivered,2,1
12879,2026-05-06,C00039,NOA,SMB,Marketplace,Office,Toner cartridge,6,63.71,382.26,238.5,Delivered,2,3
12880,2026-05-06,C00507,Buenos Aires,SMB,Marketplace,Tech,27in monitor,4,262.97,1051.88,580.05,Delivered,5,7
12881,2026-05-06,C00025,Buenos Aires,SMB,Marketplace,Tech,USB-C dock,2,123.73,247.46,133.69,Delivered,3,2
12882,2026-05-06,C02498,Córdoba,SMB,Marketplace,Tech,27in monitor,2,245.96,491.92,288.82,Delivered,2,1
12883,2026-05-06,C00118,Cuyo,Consumer,Sales rep,Tech,27in monitor,7,247.5,1732.5,1096.47,Delivered,3,2
12884,2026-05-06,C00007,Cuyo,SMB,Website,Office,Paper A4 box,3,18.5,55.5,32.17,Delivered,3,1
12885,2026-05-06,C00569,Patagonia,SMB,Website,Office,Paper A4 box,3,17.71,53.13,31.31,Delivered,2,1
12886,2026-05-06,C00154,Cuyo,SMB,Website,Tech,27in monitor,5,247.19,1235.95,767.44,Delivered,3,3
12887,2026-05-06,C00002,Buenos Aires,SMB,Sales rep,Tech,Wireless mouse,3,20.65,61.95,38.46,Delivered,3,1
12888,2026-05-07,C00004,Cuyo,Consumer,Marketplace,Cleaning,Paper towels x12,5,20.94,104.7,70.61,Delivered,3,3
12889,2026-05-07,C03179,Buenos Aires,SMB,Website,Tech,USB-C dock,5,117.33,586.65,332.94,Delivered,3,4
12890,2026-05-07,C01490,Córdoba,SMB,Marketplace,Tech,27in monitor,7,249.03,1743.21,1075.56,Returned,3,1
12891,2026-05-07,C02649,Cuyo,SMB,Website,Cleaning,Disinfectant 5L,6,13.92,83.52,57.07,Delivered,3,4
12892,2026-05-07,C00005,Cuyo,SMB,Sales rep,Cleaning,Disinfectant 5L,1,14.35,14.35,9.65,Delivered,5,5
12893,2026-05-07,C00013,Córdoba,Enterprise,Website,Tech,USB-C dock,7,126.36,884.52,539.81,Delivered,3,2
12894,2026-05-07,C00001,Cuyo,SMB,Marketplace,Office,Paper A4 box,1,17.14,17.14,12.11,Delivered,3,1
12895,2026-05-07,C00131,NOA,Consumer,Website,Tech,Wireless mouse,1,20.44,20.44,13.81,Delivered,2,1
12896,2026-05-07,C00046,Córdoba,SMB,Website,Tech,USB-C dock,3,117.78,353.34,234.19,Delivered,5,4
12897,2026-05-07,C00348,Cuyo,SMB,Sales rep,Tech,Wireless mouse,7,23.16,162.12,105.26,Delivered,2,2
12898,2026-05-07,C02909,Buenos Aires,Consumer,Website,Tech,Wireless mouse,4,21.82,87.28,55.47,Delivered,5,6
12899,2026-05-07,C00654,Patagonia,Consumer,Marketplace,Office,Ergonomic chair,3,204.94,614.82,435.32,Delivered,2,2
12900,2026-05-07,C00008,Cuyo,SMB,Website,Cleaning,Paper towels x12,2,22.63,45.26,28.47,Delivered,2,1
12901,2026-05-07,C00020,Buenos Aires,SMB,Sales rep,Cleaning,Paper towels x12,6,19.98,119.88,75.25,Delivered,3,5
12902,2026-05-07,C00111,Cuyo,Consumer,Website,Office,Ergonomic chair,5,222.49,1112.45,606.37,Cancelled,2,1
12903,2026-05-07,C00001,Cuyo,SMB,Marketplace,Office,Toner cartridge,3,68.14,204.42,113.89,Delivered,2,1
12904,2026-05-07,C01223,Buenos Aires,Consumer,Marketplace,Office,Ergonomic chair,2,218.42,436.84,244.82,Delivered,5,5
12905,2026-05-07,C00012,Buenos Aires,Consumer,Website,Cleaning,Paper towels x12,2,19.95,39.9,23.1,Delivered,2,2
12906,2026-05-07,C00006,NOA,Enterprise,Website,Tech,Wireless mouse,3,22.14,66.42,45.16,Delivered,5,5
12907,2026-05-07,C00009,NOA,Consumer,Website,Tech,Wireless mouse,3,22.46,67.38,45.65,Delivered,2,2
12908,2026-05-07,C00385,Patagonia,Consumer,Marketplace,Cleaning,Disinfectant 5L,2,15.68,31.36,16.71,Delivered,5,2
12909,2026-05-07,C00015,Cuyo,Consumer,Website,Office,Toner cartridge,2,63.79,127.58,87.66,Delivered,3,1
12910,2026-05-07,C00040,Cuyo,Consumer,Website,Tech,Wireless mouse,2,21.31,42.62,30.16,Delivered,3,4
12911,2026-05-08,C01624,Buenos Aires,SMB,Website,Office,Toner cartridge,1,60.54,60.54,39.74,Delivered,5,3
12912,2026-05-08,C01241,Buenos Aires,Consumer,Sales rep,Office,Toner cartridge,2,59.26,118.52,73.98,Delivered,3,1
12913,2026-05-08,C01448,Buenos Aires,Consumer,Website,Office,Paper A4 box,7,19.21,134.47,85.7,Delivered,2,1
12914,2026-05-08,C00007,Cuyo,SMB,Website,Tech,27in monitor,7,229.69,1607.83,1180.5,Returned,3,1
12915,2026-05-08,C00037,Córdoba,Enterprise,Website,Cleaning,Paper towels x12,4,22.05,88.2,57.89,Delivered,3,2
12916,2026-05-08,C00004,Cuyo,Consumer,Website,Tech,27in monitor,7,232.87,1630.09,1099.47,Delivered,3,2
12917,2026-05-08,C02870,Buenos Aires,Consumer,Sales rep,Cleaning,Paper towels x12,7,19.7,137.9,101.98,Delivered,3,1
12918,2026-05-08,C00049,Cuyo,SMB,Website,Cleaning,Disinfectant 5L,4,14.44,57.76,35.1,Delivered,5,5
12919,2026-05-08,C00023,Buenos Aires,Consumer,Website,Tech,Wireless mouse,5,20.74,103.7,61.02,Delivered,3,3
12920,2026-05-08,C00143,Cuyo,SMB,Sales rep,Office,Ergonomic chair,3,207.99,623.97,349.47,Delivered,5,4
12921,2026-05-08,C02095,Buenos Aires,SMB,Website,Tech,Wireless mouse,5,21.57,107.85,72.34,Delivered,3,2
12922,2026-05-08,C03919,Córdoba,Enterprise,Website,Tech,Wireless mouse,5,22.46,112.3,76.93,Delivered,3,3
12923,2026-05-08,C00043,Buenos Aires,Consumer,Marketplace,Office,Ergonomic chair,5,209.36,1046.8,647.61,Delivered,5,6
12924,2026-05-09,C01127,Córdoba,Enterprise,Website,Tech,Wireless mouse,6,22.8,136.8,81.16,Delivered,5,3
12925,2026-05-09,C00007,Cuyo,SMB,Marketplace,Tech,27in monitor,1,251.59,251.59,135.98,Returned,2,2
12926,2026-05-09,C00229,Cuyo,Consumer,Marketplace,Cleaning,Paper towels x12,2,19.9,39.8,28.74,Delivered,2,1
12927,2026-05-09,C00278,NOA,SMB,Website,Tech,USB-C dock,4,120.35,481.4,303.58,Delivered,2,1
12928,2026-05-09,C02664,Buenos Aires,SMB,Sales rep,Office,Toner cartridge,4,64.02,256.08,175.75,Delivered,2,1
12929,2026-05-09,C00179,Cuyo,SMB,Marketplace,Office,Ergonomic chair,5,199.05,995.25,692.04,Delivered,3,5
12930,2026-05-09,C00047,Buenos Aires,SMB,Website,Cleaning,Disinfectant 5L,2,14.87,29.74,18.13,Delivered,3,2
12931,2026-05-09,C00534,NOA,Consumer,Website,Cleaning,Paper towels x12,5,22.29,111.45,58.67,Delivered,2,1
12932,2026-05-09,C01900,NOA,SMB,Marketplace,Cleaning,Paper towels x12,4,21.16,84.64,51.43,Delivered,2,2
12933,2026-05-09,C00310,Cuyo,SMB,Marketplace,Tech,USB-C dock,1,118.86,118.86,79.17,Delivered,3,2
12934,2026-05-09,C02046,Cuyo,SMB,Website,Office,Paper A4 box,6,18.24,109.44,63.71,Delivered,3,1
12935,2026-05-09,C00450,Córdoba,SMB,Website,Tech,USB-C dock,2,110.46,220.92,142.98,Delivered,3,2
12936,2026-05-09,C00010,Córdoba,SMB,Sales rep,Office,Paper A4 box,1,17.81,17.81,12.2,Delivered,3,2
12937,2026-05-09,C01085,Cuyo,SMB,Sales rep,Office,Ergonomic chair,6,209.18,1255.08,862.24,Delivered,2,2
12938,2026-05-09,C03922,Córdoba,Consumer,Website,Office,Toner cartridge,7,61.73,432.11,283.05,Delivered,3,2
12939,2026-05-09,C01109,NOA,Enterprise,Marketplace,Cleaning,Paper towels x12,3,21.65,64.95,34.66,Delivered,2,1
12940,2026-05-09,C00210,Buenos Aires,Consumer,Website,Tech,USB-C dock,7,119.98,839.86,562.34,Delivered,2,1
12941,2026-05-10,C00131,NOA,Consumer,Website,Office,Paper A4 box,2,19.3,38.6,24.52,Delivered,5,3
12942,2026-05-10,C00002,Buenos Aires,SMB,Sales rep,Cleaning,Paper towels x12,1,19.44,19.44,14.7,Delivered,3,2
12943,2026-05-10,C00001,Cuyo,SMB,Website,Cleaning,Paper towels x12,4,20.95,83.8,49.8,Delivered,2,1
12944,2026-05-10,C01047,Cuyo,SMB,Website,Cleaning,Disinfectant 5L,7,14.94,104.58,60.64,Delivered,2,1
12945,2026-05-10,C00125,Buenos Aires,SMB,Website,Office,Paper A4 box,3,17.78,53.34,36.53,Delivered,3,4
12946,2026-05-10,C00005,Cuyo,SMB,Website,Cleaning,Disinfectant 5L,5,15.03,75.15,50.12,Delivered,5,3
12947,2026-05-10,C00008,Cuyo,SMB,Website,Tech,Wireless mouse,7,22.53,157.71,99.86,Delivered,5,2
12948,2026-05-10,C00023,Buenos Aires,Consumer,Marketplace,Tech,Wireless mouse,6,22.37,134.22,77.39,Delivered,2,1
12949,2026-05-10,C00002,Buenos Aires,SMB,Marketplace,Tech,Wireless mouse,1,20.61,20.61,14.8,Delivered,3,3
12950,2026-05-10,C00027,Cuyo,SMB,Website,Tech,USB-C dock,4,128.56,514.24,298.63,Delivered,2,1
12951,2026-05-10,C00197,Buenos Aires,Enterprise,Marketplace,Office,Paper A4 box,5,17.25,86.25,57.84,Delivered,5,4
12952,2026-05-10,C00055,Patagonia,SMB,Website,Tech,Wireless mouse,6,22.7,136.2,83.76,Delivered,2,1
12953,2026-05-10,C00001,Cuyo,SMB,Marketplace,Tech,Wireless mouse,2,22.71,45.42,29.59,Delivered,3,1
12954,2026-05-10,C00103,Córdoba,SMB,Marketplace,Cleaning,Paper towels x12,5,19.71,98.55,65.59,Delivered,2,1
12955,2026-05-10,C00011,Buenos Aires,Enterprise,Marketplace,Cleaning,Paper towels x12,3,20.43,61.29,42.96,Delivered,2,4
12956,2026-05-10,C00001,Cuyo,SMB,Marketplace,Tech,Wireless mouse,5,21.22,106.1,62.53,Returned,3,3
12957,2026-05-10,C00146,Patagonia,Consumer,Sales rep,Office,Ergonomic chair,7,207.58,1453.06,829.35,Delivered,2,2
12958,2026-05-10,C00647,Patagonia,SMB,Website,Office,Ergonomic chair,6,218.61,1311.66,737.36,Delivered,2,1
12959,2026-05-11,C00059,Cuyo,Consumer,Website,Tech,USB-C dock,3,110.53,331.59,199.47,Delivered,5,5
12960,2026-05-11,C01290,Buenos Aires,Consumer,Marketplace,Cleaning,Paper towels x12,4,20.07,80.28,55.98,Delivered,3,1
12961,2026-05-11,C00591,Buenos Aires,Consumer,Marketplace,Office,Toner cartridge,7,66.33,464.31,268.19,Delivered,5,4
12962,2026-05-11,C00007,Cuyo,SMB,Website,Tech,27in monitor,4,246.65,986.6,616.1,Returned,3,1
12963,2026-05-11,C00001,Cuyo,SMB,Sales rep,Cleaning,Paper towels x12,2,20.76,41.52,24.65,Delivered,5,5
12964,2026-05-11,C00453,Córdoba,Consumer,Website,Tech,Wireless mouse,4,23.73,94.92,59.93,Delivered,5,6
12965,2026-05-11,C00780,Córdoba,SMB,Website,Tech,27in monitor,6,240.2,1441.2,1028.5,Delivered,5,5
12966,2026-05-11,C00857,Buenos Aires,Enterprise,Website,Office,Paper A4 box,2,18.43,36.86,22.43,Delivered,3,3
12967,2026-05-11,C01787,Córdoba,SMB,Sales rep,Cleaning,Paper towels x12,3,22.38,67.14,39.56,Delivered,5,4
12968,2026-05-11,C00014,Cuyo,SMB,Marketplace,Tech,USB-C dock,6,127.21,763.26,501.24,Delivered,5,4
12969,2026-05-11,C03223,Buenos Aires,Consumer,Marketplace,Office,Paper A4 box,3,16.98,50.94,35.0,Delivered,3,3
12970,2026-05-11,C00320,Cuyo,SMB,Website,Tech,Wireless mouse,5,21.62,108.1,63.71,Delivered,5,4
12971,2026-05-11,C00002,Buenos Aires,SMB,Sales rep,Cleaning,Paper towels x12,5,21.93,109.65,58.34,Delivered,3,2
12972,2026-05-11,C00801,Cuyo,Enterprise,Website,Cleaning,Disinfectant 5L,4,16.15,64.6,33.33,Delivered,2,2
12973,2026-05-11,C00101,Cuyo,Consumer,Website,Office,Toner cartridge,1,66.61,66.61,41.91,Delivered,2,2
12974,2026-05-11,C00905,Cuyo,SMB,Website,Cleaning,Disinfectant 5L,5,15.78,78.9,48.66,Delivered,3,2
12975,2026-05-11,C00001,Cuyo,SMB,Website,Office,Paper A4 box,4,17.04,68.16,43.41,Delivered,3,2
12976,2026-05-11,C00007,Cuyo,SMB,Sales rep,Office,Paper A4 box,6,18.08,108.48,75.27,Delivered,5,3
12977,2026-05-11,C00001,Cuyo,SMB,Website,Cleaning,Disinfectant 5L,5,14.88,74.4,42.04,Delivered,5,5
12978,2026-05-11,C01367,Córdoba,SMB,Website,Office,Toner cartridge,7,63.71,445.97,261.59,Delivered,5,4
12979,2026-05-11,C01105,Buenos Aires,SMB,Website,Office,Toner cartridge,2,59.89,119.78,82.22,Delivered,2,1
12980,2026-05-11,C00685,Patagonia,SMB,Website,Office,Toner cartridge,3,62.08,186.24,116.52,Delivered,3,4
12981,2026-05-11,C00106,Cuyo,SMB,Marketplace,Office,Ergonomic chair,6,217.9,1307.4,846.11,Returned,3,2
12982,2026-05-11,C01964,Buenos Aires,Enterprise,Marketplace,Cleaning,Disinfectant 5L,5,16.13,80.65,42.39,Delivered,3,1
12983,2026-05-12,C00993,Córdoba,SMB,Sales rep,Office,Paper A4 box,7,19.19,134.33,79.53,Delivered,5,3
12984,2026-05-12,C01218,Cuyo,SMB,Sales rep,Tech,27in monitor,2,228.26,456.52,271.56,Delivered,2,3
12985,2026-05-12,C00009,NOA,Consumer,Website,Tech,Wireless mouse,2,20.39,40.78,25.48,Delivered,2,1
12986,2026-05-12,C00002,Buenos Aires,SMB,Sales rep,Tech,Wireless mouse,5,22.79,113.95,69.19,Delivered,5,4
12987,2026-05-12,C00226,Córdoba,Consumer,Marketplace,Cleaning,Paper towels x12,7,19.98,139.86,93.36,Cancelled,5,4
12988,2026-05-12,C00005,Cuyo,SMB,Website,Tech,Wireless mouse,6,23.45,140.7,73.16,Delivered,2,1
12989,2026-05-12,C00084,Buenos Aires,Consumer,Website,Tech,Wireless mouse,1,21.31,21.31,12.16,Cancelled,3,1
12990,2026-05-12,C01231,Buenos Aires,Consumer,Marketplace,Tech,Wireless mouse,5,23.7,118.5,71.84,Delivered,3,2
12991,2026-05-12,C00398,Cuyo,SMB,Sales rep,Tech,Wireless mouse,7,21.6,151.2,89.46,Delivered,3,3
12992,2026-05-12,C00057,Buenos Aires,Enterprise,Marketplace,Tech,Wireless mouse,7,22.19,155.33,98.27,Delivered,5,5
12993,2026-05-12,C00014,Cuyo,SMB,Website,Office,Ergonomic chair,5,211.25,1056.25,714.5,Delivered,2,1
12994,2026-05-12,C00020,Buenos Aires,SMB,Website,Cleaning,Disinfectant 5L,3,15.97,47.91,25.39,Delivered,5,3
12995,2026-05-12,C00001,Cuyo,SMB,Marketplace,Cleaning,Paper towels x12,3,19.75,59.25,40.51,Delivered,3,1
12996,2026-05-12,C00248,Buenos Aires,Consumer,Marketplace,Office,Paper A4 box,6,19.12,114.72,62.24,Delivered,3,2
12997,2026-05-12,C00047,Buenos Aires,SMB,Website,Office,Paper A4 box,4,17.35,69.4,46.03,Delivered,2,1
12998,2026-05-12,C00138,Cuyo,Consumer,Sales rep,Tech,27in monitor,3,231.12,693.36,442.37,Delivered,3,2
12999,2026-05-12,C00001,Cuyo,SMB,Website,Office,Ergonomic chair,3,204.21,612.63,364.86,Delivered,3,3
13000,2026-05-12,C00102,Buenos Aires,SMB,Website,Tech,USB-C dock,6,124.61,747.66,466.7,Delivered,2,1
13001,2026-05-12,C00020,Buenos Aires,SMB,Marketplace,Office,Ergonomic chair,3,200.34,601.02,370.9,Delivered,3,1
13002,2026-05-12,C00846,Córdoba,SMB,Website,Office,Toner cartridge,5,60.85,304.25,193.06,Delivered,5,3
13003,2026-05-12,C00001,Cuyo,SMB,Website,Tech,27in monitor,5,256.56,1282.8,820.64,Delivered,5,5
13004,2026-05-12,C00430,Córdoba,Consumer,Marketplace,Office,Toner cartridge,2,65.0,130.0,71.58,Delivered,2,1
13005,2026-05-12,C00092,Patagonia,SMB,Marketplace,Tech,Wireless mouse,2,21.26,42.52,28.89,Delivered,2,1
13006,2026-05-12,C00032,Cuyo,SMB,Website,Tech,Wireless mouse,6,23.6,141.6,79.21,Delivered,5,4
13007,2026-05-12,C00011,Buenos Aires,Enterprise,Marketplace,Cleaning,Paper towels x12,5,21.29,106.45,68.77,Delivered,5,5
13008,2026-05-13,C00024,Buenos Aires,SMB,Website,Office,Ergonomic chair,4,204.41,817.64,536.77,Delivered,3,4
13009,2026-05-13,C00002,Buenos Aires,SMB,Sales rep,Cleaning,Paper towels x12,5,21.27,106.35,69.62,Delivered,5,5
13010,2026-05-13,C00008,Cuyo,SMB,Website,Office,Paper A4 box,4,17.35,69.4,48.22,Delivered,2,1
13011,2026-05-13,C00452,Buenos Aires,SMB,Marketplace,Cleaning,Paper towels x12,2,20.91,41.82,29.17,Delivered,5,4
13012,2026-05-13,C00045,NOA,SMB,Website,Tech,Wireless mouse,7,22.13,154.91,103.28,Delivered,3,1
13013,2026-05-13,C00137,Córdoba,Enterprise,Website,Office,Toner cartridge,7,63.23,442.61,255.45,Delivered,3,3
13014,2026-05-13,C00101,Cuyo,Consumer,Sales rep,Cleaning,Paper towels x12,1,21.2,21.2,12.17,Delivered,5,5
13015,2026-05-13,C00001,Cuyo,SMB,Website,Tech,27in monitor,3,263.24,789.72,467.32,Delivered,5,3
13016,2026-05-13,C00024,Buenos Aires,SMB,Marketplace,Cleaning,Disinfectant 5L,2,14.88,29.76,18.42,Delivered,2,2
13017,2026-05-13,C00067,Cuyo,Consumer,Sales rep,Office,Toner cartridge,5,65.5,327.5,182.41,Delivered,2,1
13018,2026-05-13,C00003,Córdoba,Consumer,Marketplace,Cleaning,Paper towels x12,2,20.04,40.08,26.54,Delivered,2,1
13019,2026-05-13,C00082,NOA,SMB,Sales rep,Cleaning,Disinfectant 5L,3,14.87,44.61,27.38,Delivered,5,6
13020,2026-05-13,C02421,Cuyo,Consumer,Website,Tech,Wireless mouse,1,22.22,22.22,15.05,Delivered,2,1
13021,2026-05-13,C00034,Patagonia,Consumer,Website,Cleaning,Paper towels x12,2,20.64,41.28,25.5,Delivered,5,4
13022,2026-05-13,C00005,Cuyo,SMB,Website,Cleaning,Disinfectant 5L,7,13.9,97.3,67.3,Cancelled,5,3
13023,2026-05-13,C00295,NOA,SMB,Marketplace,Tech,USB-C dock,5,127.76,638.8,351.6,Delivered,2,1
13024,2026-05-13,C00027,Cuyo,SMB,Marketplace,Cleaning,Disinfectant 5L,4,14.34,57.36,38.3,Delivered,2,3
13025,2026-05-13,C02234,Cuyo,SMB,Sales rep,Tech,27in monitor,6,242.13,1452.78,867.41,Delivered,2,2
13026,2026-05-13,C01456,Cuyo,SMB,Marketplace,Tech,Wireless mouse,4,22.07,88.28,58.92,Delivered,3,2
13027,2026-05-13,C00016,Córdoba,Consumer,Sales rep,Cleaning,Paper towels x12,1,19.73,19.73,12.83,Returned,5,3
13028,2026-05-13,C00012,Buenos Aires,Consumer,Marketplace,Office,Ergonomic chair,7,214.59,1502.13,935.51,Delivered,2,3
13029,2026-05-13,C01087,Córdoba,Consumer,Website,Tech,Wireless mouse,5,23.16,115.8,66.35,Returned,2,2
13030,2026-05-13,C00036,Cuyo,Consumer,Website,Office,Toner cartridge,5,65.01,325.05,216.57,Returned,5,2
13031,2026-05-13,C00210,Buenos Aires,Consumer,Marketplace,Cleaning,Disinfectant 5L,2,15.5,31.0,20.71,Delivered,3,2
13032,2026-05-13,C00006,NOA,Enterprise,Website,Cleaning,Disinfectant 5L,3,13.81,41.43,25.74,Delivered,3,1
13033,2026-05-13,C00040,Cuyo,Consumer,Sales rep,Office,Ergonomic chair,2,211.27,422.54,260.22,Delivered,3,1
13034,2026-05-13,C00020,Buenos Aires,SMB,Marketplace,Office,Paper A4 box,5,18.48,92.4,50.11,Delivered,3,2
13035,2026-05-14,C03373,Cuyo,SMB,Website,Cleaning,Paper towels x12,1,20.15,20.15,14.15,Delivered,3,4
13036,2026-05-14,C00002,Buenos Aires,SMB,Website,Office,Toner cartridge,4,66.4,265.6,162.87,Delivered,5,6
13037,2026-05-14,C00172,Cuyo,SMB,Website,Cleaning,Disinfectant 5L,4,15.36,61.44,41.53,Cancelled,5,2
13038,2026-05-14,C00389,Córdoba,SMB,Website,Cleaning,Disinfectant 5L,5,14.4,72.0,50.36,Returned,3,1
13039,2026-05-14,C00001,Cuyo,SMB,Website,Tech,27in monitor,6,240.81,1444.86,1003.45,Delivered,2,1
13040,2026-05-14,C00547,Patagonia,SMB,Website,Cleaning,Paper towels x12,1,22.16,22.16,12.95,Delivered,3,3
13041,2026-05-14,C00346,Patagonia,Enterprise,Website,Tech,27in monitor,2,261.3,522.6,318.64,Delivered,3,4
13042,2026-05-14,C00001,Cuyo,SMB,Website,Tech,USB-C dock,1,128.55,128.55,82.99,Delivered,5,3
13043,2026-05-14,C00037,Córdoba,Enterprise,Website,Office,Ergonomic chair,6,194.68,1168.08,705.73,Delivered,5,3
13044,2026-05-14,C00339,Buenos Aires,SMB,Sales rep,Office,Toner cartridge,1,59.97,59.97,35.52,Delivered,3,5
13045,2026-05-14,C00213,Buenos Aires,SMB,Website,Cleaning,Paper towels x12,3,21.44,64.32,42.22,Delivered,3,1
13046,2026-05-14,C01759,NOA,SMB,Website,Office,Ergonomic chair,6,225.77,1354.62,752.38,Delivered,3,4
13047,2026-05-14,C00156,Córdoba,Consumer,Website,Office,Paper A4 box,3,18.72,56.16,32.38,Delivered,2,2
13048,2026-05-14,C00122,Cuyo,Enterprise,Website,Tech,27in monitor,1,250.82,250.82,154.0,Returned,3,1
13049,2026-05-14,C00002,Buenos Aires,SMB,Marketplace,Office,Toner cartridge,4,62.96,251.84,157.69,Delivered,3,1
13050,2026-05-14,C00397,Buenos Aires,SMB,Website,Tech,USB-C dock,7,119.18,834.26,504.89,Delivered,3,3
13051,2026-05-14,C00197,Buenos Aires,Enterprise,Website,Tech,USB-C dock,3,125.14,375.42,230.87,Delivered,2,2
13052,2026-05-14,C00137,Córdoba,Enterprise,Marketplace,Tech,USB-C dock,1,114.08,114.08,78.42,Delivered,5,5
13053,2026-05-14,C00218,Buenos Aires,Consumer,Marketplace,Cleaning,Disinfectant 5L,2,14.25,28.5,20.82,Delivered,5,2
13054,2026-05-14,C03709,Buenos Aires,Consumer,Website,Office,Toner cartridge,7,66.65,466.55,277.87,Delivered,2,1
13055,2026-05-14,C00102,Buenos Aires,SMB,Sales rep,Office,Toner cartridge,1,66.87,66.87,35.26,Delivered,5,6
13056,2026-05-14,C00092,Patagonia,SMB,Website,Tech,USB-C dock,1,129.59,129.59,78.89,Delivered,5,3
13057,2026-05-14,C00330,Cuyo,SMB,Website,Tech,Wireless mouse,1,22.63,22.63,13.65,Cancelled,3,4
13058,2026-05-14,C01130,Cuyo,SMB,Sales rep,Office,Paper A4 box,7,18.82,131.74,74.65,Delivered,5,4
13059,2026-05-14,C02400,Buenos Aires,SMB,Website,Office,Toner cartridge,4,67.71,270.84,156.62,Delivered,3,1
13060,2026-05-14,C00002,Buenos Aires,SMB,Marketplace,Tech,USB-C dock,6,118.96,713.76,459.74,Delivered,2,2
13061,2026-05-15,C03112,Cuyo,SMB,Marketplace,Tech,Wireless mouse,1,21.75,21.75,14.63,Delivered,5,6
13062,2026-05-15,C00118,Cuyo,Consumer,Marketplace,Tech,27in monitor,3,232.03,696.09,503.38,Delivered,5,5
13063,2026-05-15,C00017,Córdoba,Enterprise,Website,Tech,USB-C dock,4,112.03,448.12,266.74,Delivered,5,3
13064,2026-05-15,C00009,NOA,Consumer,Website,Office,Toner cartridge,1,60.91,60.91,36.24,Delivered,3,3
13065,2026-05-15,C00089,Cuyo,SMB,Website,Cleaning,Disinfectant 5L,1,13.81,13.81,8.65,Delivered,5,2
13066,2026-05-15,C00747,Buenos Aires,Consumer,Sales rep,Cleaning,Disinfectant 5L,1,14.01,14.01,10.48,Delivered,5,1
13067,2026-05-15,C00009,NOA,Consumer,Marketplace,Cleaning,Paper towels x12,2,21.95,43.9,26.57,Delivered,2,2
13068,2026-05-15,C00006,NOA,Enterprise,Sales rep,Office,Paper A4 box,2,19.08,38.16,22.54,Delivered,5,7
13069,2026-05-15,C00006,NOA,Enterprise,Website,Tech,27in monitor,7,240.91,1686.37,1066.09,Delivered,3,1
13070,2026-05-15,C01082,Cuyo,Consumer,Sales rep,Cleaning,Disinfectant 5L,5,16.08,80.4,49.25,Cancelled,5,6
13071,2026-05-15,C00025,Buenos Aires,SMB,Website,Tech,Wireless mouse,4,23.15,92.6,52.18,Delivered,3,2
13072,2026-05-15,C01218,Cuyo,SMB,Website,Office,Ergonomic chair,6,216.04,1296.24,802.67,Delivered,3,3
13073,2026-05-15,C00015,Cuyo,Consumer,Website,Office,Toner cartridge,3,64.22,192.66,113.31,Delivered,5,4
13074,2026-05-15,C00162,Córdoba,Enterprise,Sales rep,Office,Paper A4 box,2,18.37,36.74,24.52,Delivered,3,3
13075,2026-05-15,C00139,Patagonia,SMB,Website,Cleaning,Disinfectant 5L,2,16.09,32.18,16.87,Delivered,5,4
13076,2026-05-15,C02729,NOA,SMB,Marketplace,Office,Ergonomic chair,5,193.76,968.8,673.18,Delivered,2,2
13077,2026-05-15,C00599,Buenos Aires,Consumer,Marketplace,Office,Ergonomic chair,6,199.28,1195.68,823.69,Returned,3,2
13078,2026-05-15,C00001,Cuyo,SMB,Website,Office,Toner cartridge,5,66.49,332.45,192.73,Delivered,5,4
13079,2026-05-15,C00114,Patagonia,Enterprise,Website,Tech,Wireless mouse,2,21.5,43.0,26.75,Delivered,5,5
13080,2026-05-15,C00006,NOA,Enterprise,Marketplace,Tech,USB-C dock,5,121.66,608.3,419.58,Delivered,5,5
13081,2026-05-15,C00002,Buenos Aires,SMB,Sales rep,Office,Toner cartridge,3,59.13,177.39,133.84,Delivered,3,2
13082,2026-05-16,C00274,Buenos Aires,SMB,Sales rep,Tech,Wireless mouse,4,21.03,84.12,51.99,Delivered,5,3
13083,2026-05-16,C02018,Cuyo,SMB,Marketplace,Cleaning,Paper towels x12,4,20.47,81.88,50.58,Cancelled,3,3
13084,2026-05-16,C02566,Cuyo,SMB,Marketplace,Tech,Wireless mouse,2,23.58,47.16,30.02,Delivered,5,5
13085,2026-05-16,C00059,Cuyo,Consumer,Marketplace,Office,Ergonomic chair,7,222.34,1556.38,844.35,Delivered,5,4
13086,2026-05-16,C00117,Buenos Aires,Consumer,Website,Cleaning,Paper towels x12,7,22.49,157.43,98.2,Delivered,5,5
13087,2026-05-16,C01669,Buenos Aires,SMB,Sales rep,Tech,27in monitor,5,259.06,1295.3,848.03,Delivered,5,3
13088,2026-05-16,C00032,Cuyo,SMB,Website,Tech,USB-C dock,5,126.7,633.5,381.77,Delivered,3,2
13089,2026-05-16,C00057,Buenos Aires,Enterprise,Sales rep,Tech,Wireless mouse,6,22.4,134.4,82.34,Delivered,3,2
13090,2026-05-16,C00158,Córdoba,SMB,Website,Tech,27in monitor,4,253.85,1015.4,561.25,Delivered,5,3
13091,2026-05-16,C00003,Córdoba,Consumer,Website,Cleaning,Disinfectant 5L,1,15.96,15.96,8.97,Delivered,2,1
13092,2026-05-16,C00201,Buenos Aires,Consumer,Marketplace,Office,Paper A4 box,3,17.48,52.44,36.06,Delivered,3,1
13093,2026-05-16,C00112,Buenos Aires,SMB,Website,Office,Ergonomic chair,7,201.17,1408.19,980.47,Delivered,5,3
13094,2026-05-16,C00379,Cuyo,Enterprise,Marketplace,Tech,USB-C dock,2,126.3,252.6,165.0,Delivered,2,1
13095,2026-05-16,C03867,Patagonia,SMB,Website,Tech,USB-C dock,6,126.06,756.36,462.96,Delivered,5,4
13096,2026-05-16,C00066,Cuyo,Enterprise,Website,Tech,USB-C dock,3,112.81,338.43,228.96,Delivered,5,4
13097,2026-05-16,C00001,Cuyo,SMB,Marketplace,Office,Ergonomic chair,3,221.98,665.94,436.09,Delivered,2,1
13098,2026-05-16,C00856,Cuyo,SMB,Website,Tech,Wireless mouse,2,21.82,43.64,29.49,Delivered,2,1
13099,2026-05-17,C00073,Cuyo,SMB,Sales rep,Office,Paper A4 box,6,17.08,102.48,65.91,Delivered,5,4
13100,2026-05-17,C00001,Cuyo,SMB,Marketplace,Cleaning,Paper towels x12,7,22.66,158.62,85.55,Delivered,2,1
13101,2026-05-17,C00015,Cuyo,Consumer,Website,Tech,27in monitor,4,251.16,1004.64,559.72,Delivered,2,1
13102,2026-05-17,C00001,Cuyo,SMB,Sales rep,Tech,USB-C dock,3,129.2,387.6,232.03,Delivered,3,2
13103,2026-05-17,C00151,Cuyo,SMB,Website,Tech,27in monitor,6,230.34,1382.04,963.22,Delivered,3,3
13104,2026-05-17,C00570,Buenos Aires,Consumer,Sales rep,Office,Ergonomic chair,2,193.59,387.18,283.84,Delivered,3,1
13105,2026-05-17,C00123,Buenos Aires,Consumer,Marketplace,Office,Toner cartridge,2,63.46,126.92,71.46,Delivered,5,3
13106,2026-05-17,C00009,NOA,Consumer,Website,Office,Ergonomic chair,7,212.94,1490.58,1022.49,Delivered,3,4
13107,2026-05-17,C00004,Cuyo,Consumer,Website,Office,Ergonomic chair,3,226.15,678.45,431.69,Delivered,2,2
13108,2026-05-17,C00004,Cuyo,Consumer,Sales rep,Tech,USB-C dock,4,112.53,450.12,273.42,Delivered,2,1
13109,2026-05-17,C00010,Córdoba,SMB,Marketplace,Cleaning,Disinfectant 5L,7,14.23,99.61,67.8,Delivered,3,3
13110,2026-05-17,C00006,NOA,Enterprise,Website,Tech,Wireless mouse,4,23.04,92.16,55.93,Delivered,3,2
13111,2026-05-17,C02375,Patagonia,SMB,Marketplace,Office,Toner cartridge,2,61.05,122.1,73.64,Delivered,5,5
13112,2026-05-18,C00061,Cuyo,Consumer,Sales rep,Tech,27in monitor,3,260.84,782.52,499.73,Delivered,2,2
13113,2026-05-18,C00032,Cuyo,SMB,Website,Office,Ergonomic chair,4,222.17,888.68,478.31,Delivered,3,1
13114,2026-05-18,C00031,Buenos Aires,SMB,Website,Tech,Wireless mouse,5,21.97,109.85,70.13,Delivered,3,4
13115,2026-05-18,C01125,Cuyo,Consumer,Marketplace,Office,Toner cartridge,7,67.29,471.03,247.05,Delivered,2,1
13116,2026-05-18,C02068,Buenos Aires,SMB,Marketplace,Tech,Wireless mouse,6,22.56,135.36,90.65,Delivered,3,3
13117,2026-05-18,C02036,Cuyo,Enterprise,Website,Office,Paper A4 box,4,18.87,75.48,43.23,Delivered,2,2
13118,2026-05-18,C00004,Cuyo,Consumer,Marketplace,Cleaning,Disinfectant 5L,1,14.66,14.66,9.27,Delivered,5,5
13119,2026-05-18,C00002,Buenos Aires,SMB,Website,Tech,USB-C dock,7,117.69,823.83,542.49,Delivered,2,1
13120,2026-05-18,C00268,Buenos Aires,SMB,Website,Office,Toner cartridge,7,66.72,467.04,292.68,Delivered,5,5
13121,2026-05-18,C00001,Cuyo,SMB,Sales rep,Office,Paper A4 box,5,18.57,92.85,49.9,Delivered,5,6
13122,2026-05-18,C00543,Buenos Aires,Consumer,Website,Office,Paper A4 box,5,18.77,93.85,53.11,Delivered,5,3
13123,2026-05-18,C00799,Buenos Aires,SMB,Website,Cleaning,Disinfectant 5L,1,16.07,16.07,8.88,Delivered,3,1
13124,2026-05-18,C00009,NOA,Consumer,Sales rep,Tech,USB-C dock,7,122.7,858.9,545.08,Delivered,3,3
13125,2026-05-18,C00002,Buenos Aires,SMB,Website,Office,Paper A4 box,7,18.77,131.39,86.91,Delivered,3,5
13126,2026-05-18,C00251,Buenos Aires,SMB,Marketplace,Office,Paper A4 box,2,18.47,36.94,19.98,Delivered,5,3
13127,2026-05-18,C01373,Cuyo,Consumer,Sales rep,Cleaning,Disinfectant 5L,2,14.18,28.36,19.8,Delivered,5,5
13128,2026-05-18,C00206,Patagonia,Consumer,Website,Cleaning,Disinfectant 5L,3,13.9,41.7,27.34,Delivered,2,1
13129,2026-05-18,C00001,Cuyo,SMB,Website,Tech,USB-C dock,6,122.9,737.4,442.8,Delivered,5,3
13130,2026-05-18,C00529,Buenos Aires,SMB,Marketplace,Tech,USB-C dock,6,110.96,665.76,411.27,Delivered,3,3
13131,2026-05-18,C01130,Cuyo,SMB,Website,Tech,Wireless mouse,4,23.1,92.4,51.88,Delivered,2,1
13132,2026-05-18,C00028,Patagonia,SMB,Sales rep,Cleaning,Paper towels x12,5,20.46,102.3,62.5,Delivered,2,1
13133,2026-05-18,C00001,Cuyo,SMB,Website,Tech,27in monitor,6,247.67,1486.02,908.26,Delivered,3,2
13134,2026-05-18,C00154,Cuyo,SMB,Website,Tech,Wireless mouse,4,22.51,90.04,60.68,Delivered,5,4
13135,2026-05-18,C00001,Cuyo,SMB,Website,Tech,USB-C dock,6,116.32,697.92,421.53,Delivered,5,6
13136,2026-05-18,C02642,Cuyo,SMB,Sales rep,Tech,Wireless mouse,2,22.54,45.08,24.64,Delivered,2,2
13137,2026-05-18,C00002,Buenos Aires,SMB,Sales rep,Cleaning,Paper towels x12,3,20.04,60.12,43.49,Delivered,2,1
13138,2026-05-18,C00001,Cuyo,SMB,Website,Cleaning,Disinfectant 5L,6,15.23,91.38,50.82,Delivered,2,2
13139,2026-05-18,C00203,Córdoba,SMB,Sales rep,Office,Toner cartridge,4,67.94,271.76,175.99,Delivered,5,4
13140,2026-05-18,C00002,Buenos Aires,SMB,Website,Tech,USB-C dock,7,112.09,784.63,564.92,Delivered,2,1
13141,2026-05-18,C02258,Buenos Aires,Consumer,Marketplace,Office,Ergonomic chair,4,208.86,835.44,486.82,Delivered,5,5
13142,2026-05-19,C00002,Buenos Aires,SMB,Website,Office,Paper A4 box,1,18.84,18.84,10.6,Delivered,2,1
13143,2026-05-19,C03070,NOA,Consumer,Website,Office,Paper A4 box,7,19.04,133.28,76.02,Delivered,2,2
13144,2026-05-19,C00400,Córdoba,Consumer,Marketplace,Tech,27in monitor,2,255.34,510.68,284.35,Delivered,2,1
13145,2026-05-19,C00001,Cuyo,SMB,Website,Office,Toner cartridge,1,64.66,64.66,43.53,Delivered,3,2
13146,2026-05-19,C00003,Córdoba,Consumer,Marketplace,Cleaning,Disinfectant 5L,3,15.68,47.04,27.79,Delivered,3,1
13147,2026-05-19,C00336,Córdoba,Consumer,Marketplace,Office,Paper A4 box,5,18.46,92.3,62.05,Delivered,2,4
13148,2026-05-19,C00053,Cuyo,Consumer,Website,Office,Paper A4 box,7,18.66,130.62,81.77,Delivered,3,3
13149,2026-05-19,C00358,Cuyo,Consumer,Website,Tech,27in monitor,1,231.23,231.23,148.98,Cancelled,2,1
13150,2026-05-19,C00039,NOA,SMB,Website,Tech,27in monitor,5,235.32,1176.6,795.15,Delivered,2,4
13151,2026-05-19,C01759,NOA,SMB,Marketplace,Office,Paper A4 box,6,17.23,103.38,67.83,Delivered,3,2
13152,2026-05-19,C00001,Cuyo,SMB,Marketplace,Tech,Wireless mouse,4,21.6,86.4,55.13,Delivered,3,3
13153,2026-05-19,C03793,Córdoba,SMB,Website,Tech,27in monitor,4,248.9,995.6,631.63,Delivered,2,1
13154,2026-05-19,C00005,Cuyo,SMB,Website,Tech,USB-C dock,4,121.31,485.24,292.2,Delivered,3,4
13155,2026-05-19,C00102,Buenos Aires,SMB,Sales rep,Cleaning,Disinfectant 5L,5,14.77,73.85,41.63,Delivered,5,5
13156,2026-05-19,C00009,NOA,Consumer,Marketplace,Office,Ergonomic chair,3,221.75,665.25,385.22,Delivered,2,2
13157,2026-05-19,C00601,NOA,SMB,Sales rep,Tech,27in monitor,3,234.03,702.09,459.8,Delivered,2,1
13158,2026-05-19,C03225,Córdoba,Consumer,Sales rep,Tech,USB-C dock,3,114.42,343.26,232.05,Delivered,5,5
13159,2026-05-19,C03050,NOA,Consumer,Sales rep,Cleaning,Paper towels x12,7,21.47,150.29,89.47,Delivered,2,1
13160,2026-05-19,C00030,Cuyo,Consumer,Website,Tech,USB-C dock,3,121.07,363.21,223.74,Delivered,5,5
13161,2026-05-19,C00009,NOA,Consumer,Sales rep,Office,Toner cartridge,5,61.09,305.45,188.12,Delivered,5,6
13162,2026-05-19,C00008,Cuyo,SMB,Marketplace,Office,Paper A4 box,2,16.57,33.14,24.96,Delivered,2,4
13163,2026-05-19,C01197,Cuyo,Consumer,Website,Cleaning,Disinfectant 5L,3,14.75,44.25,30.57,Delivered,3,2
13164,2026-05-19,C00543,Buenos Aires,Consumer,Website,Office,Ergonomic chair,7,220.74,1545.18,971.62,Delivered,2,4
13165,2026-05-19,C00001,Cuyo,SMB,Website,Cleaning,Paper towels x12,6,22.04,132.24,85.26,Delivered,3,1
13166,2026-05-19,C00329,Buenos Aires,Consumer,Website,Tech,Wireless mouse,6,22.03,132.18,73.18,Delivered,2,1
13167,2026-05-19,C00030,Cuyo,Consumer,Marketplace,Tech,27in monitor,6,261.93,1571.58,998.26,Delivered,3,4
13168,2026-05-19,C00332,Buenos Aires,Consumer,Sales rep,Tech,27in monitor,3,264.05,792.15,479.63,Cancelled,3,3
13169,2026-05-19,C01040,NOA,SMB,Website,Office,Ergonomic chair,4,193.89,775.56,538.84,Delivered,3,1
13170,2026-05-20,C00005,Cuyo,SMB,Website,Tech,27in monitor,4,235.04,940.16,543.14,Delivered,3,1
13171,2026-05-20,C00134,Buenos Aires,Consumer,Sales rep,Office,Ergonomic chair,6,217.65,1305.9,816.43,Delivered,3,2
13172,2026-05-20,C00001,Cuyo,SMB,Sales rep,Tech,27in monitor,1,231.32,231.32,170.85,Delivered,3,2
13173,2026-05-20,C02528,Buenos Aires,Enterprise,Website,Cleaning,Disinfectant 5L,2,13.86,27.72,18.12,Delivered,2,1
13174,2026-05-20,C03486,Buenos Aires,Enterprise,Website,Tech,Wireless mouse,1,20.66,20.66,13.21,Delivered,3,2
13175,2026-05-20,C00001,Cuyo,SMB,Sales rep,Cleaning,Disinfectant 5L,6,15.65,93.9,55.01,Delivered,2,2
13176,2026-05-20,C00002,Buenos Aires,SMB,Sales rep,Office,Paper A4 box,5,17.34,86.7,54.55,Delivered,2,1
13177,2026-05-20,C00005,Cuyo,SMB,Sales rep,Office,Paper A4 box,4,18.13,72.52,42.28,Delivered,5,3
13178,2026-05-20,C00033,Cuyo,SMB,Website,Office,Ergonomic chair,6,199.75,1198.5,831.63,Delivered,3,2
13179,2026-05-20,C00001,Cuyo,SMB,Marketplace,Cleaning,Paper towels x12,7,22.2,155.4,87.05,Delivered,5,4
13180,2026-05-20,C02061,Buenos Aires,SMB,Sales rep,Tech,27in monitor,2,257.67,515.34,298.25,Delivered,5,5
13181,2026-05-20,C00009,NOA,Consumer,Website,Cleaning,Disinfectant 5L,3,13.91,41.73,25.79,Delivered,3,4
13182,2026-05-20,C00328,Cuyo,Enterprise,Sales rep,Cleaning,Disinfectant 5L,6,14.71,88.26,49.95,Delivered,2,3
13183,2026-05-20,C00037,Córdoba,Enterprise,Sales rep,Cleaning,Disinfectant 5L,5,14.53,72.65,52.4,Delivered,2,2
13184,2026-05-20,C00323,Buenos Aires,Consumer,Website,Tech,27in monitor,7,237.24,1660.68,1015.27,Delivered,3,3
13185,2026-05-20,C00633,Cuyo,SMB,Sales rep,Tech,27in monitor,3,225.51,676.53,459.96,Cancelled,2,1
13186,2026-05-20,C00002,Buenos Aires,SMB,Website,Tech,Wireless mouse,2,22.91,45.82,29.38,Delivered,3,2
13187,2026-05-20,C00466,Cuyo,SMB,Sales rep,Cleaning,Disinfectant 5L,1,14.96,14.96,9.42,Delivered,2,3
13188,2026-05-21,C01758,Cuyo,Consumer,Sales rep,Tech,Wireless mouse,3,21.06,63.18,44.33,Delivered,2,3
13189,2026-05-21,C03232,Buenos Aires,Consumer,Website,Cleaning,Paper towels x12,6,19.73,118.38,86.03,Delivered,5,4
13190,2026-05-21,C00001,Cuyo,SMB,Sales rep,Cleaning,Paper towels x12,2,22.57,45.14,28.15,Delivered,5,7
13191,2026-05-21,C00001,Cuyo,SMB,Website,Cleaning,Disinfectant 5L,7,16.06,112.42,64.26,Delivered,2,2
13192,2026-05-21,C00496,NOA,SMB,Website,Cleaning,Paper towels x12,6,20.77,124.62,74.36,Delivered,3,3
13193,2026-05-21,C03653,Patagonia,Consumer,Marketplace,Cleaning,Paper towels x12,2,19.35,38.7,23.68,Delivered,3,1
13194,2026-05-21,C00283,Buenos Aires,Consumer,Website,Tech,USB-C dock,5,129.52,647.6,334.89,Delivered,5,3
13195,2026-05-21,C01177,Córdoba,SMB,Website,Tech,27in monitor,2,246.09,492.18,301.16,Delivered,2,2
13196,2026-05-21,C01966,Buenos Aires,SMB,Website,Tech,Wireless mouse,1,22.1,22.1,14.32,Delivered,5,3
13197,2026-05-21,C00325,Buenos Aires,SMB,Website,Office,Ergonomic chair,3,215.0,645.0,364.36,Delivered,3,2
13198,2026-05-21,C00060,Cuyo,Consumer,Website,Tech,Wireless mouse,5,23.54,117.7,72.21,Delivered,5,3
13199,2026-05-21,C00048,Cuyo,Consumer,Marketplace,Tech,27in monitor,2,251.67,503.34,277.75,Delivered,3,2
13200,2026-05-21,C00152,Buenos Aires,SMB,Marketplace,Cleaning,Paper towels x12,5,19.55,97.75,59.98,Delivered,5,3
13201,2026-05-21,C00137,Córdoba,Enterprise,Website,Cleaning,Disinfectant 5L,1,14.09,14.09,8.61,Delivered,2,3
13202,2026-05-21,C00789,Buenos Aires,Consumer,Website,Tech,27in monitor,4,253.62,1014.48,596.1,Delivered,3,1
13203,2026-05-21,C00070,Cuyo,Consumer,Website,Cleaning,Disinfectant 5L,5,15.98,79.9,49.39,Delivered,5,2
13204,2026-05-21,C00003,Córdoba,Consumer,Marketplace,Office,Ergonomic chair,1,211.08,211.08,137.84,Delivered,5,2
13205,2026-05-21,C00440,Cuyo,Consumer,Marketplace,Tech,USB-C dock,6,112.92,677.52,440.76,Delivered,3,4
13206,2026-05-21,C00279,Cuyo,SMB,Website,Office,Paper A4 box,6,17.45,104.7,64.4,Delivered,5,3
13207,2026-05-21,C00193,Buenos Aires,SMB,Website,Office,Toner cartridge,6,68.38,410.28,256.89,Delivered,3,3
13208,2026-05-21,C00064,Cuyo,SMB,Website,Tech,27in monitor,4,231.06,924.24,629.64,Delivered,5,4
13209,2026-05-21,C00009,NOA,Consumer,Marketplace,Cleaning,Paper towels x12,6,19.39,116.34,87.59,Delivered,2,3
13210,2026-05-22,C02381,Córdoba,Consumer,Marketplace,Cleaning,Paper towels x12,5,19.34,96.7,69.62,Delivered,3,2
13211,2026-05-22,C00341,Buenos Aires,SMB,Website,Office,Toner cartridge,4,59.23,236.92,163.47,Delivered,3,1
13212,2026-05-22,C00114,Patagonia,Enterprise,Website,Cleaning,Paper towels x12,1,22.23,22.23,11.77,Delivered,3,1
13213,2026-05-22,C00001,Cuyo,SMB,Website,Office,Toner cartridge,1,69.08,69.08,39.59,Delivered,2,2
13214,2026-05-22,C00001,Cuyo,SMB,Website,Office,Paper A4 box,7,18.35,128.45,77.68,Delivered,3,1
13215,2026-05-22,C00250,NOA,SMB,Website,Office,Paper A4 box,5,17.26,86.3,56.72,Delivered,3,2
13216,2026-05-22,C00213,Buenos Aires,SMB,Website,Tech,27in monitor,1,250.75,250.75,150.53,Delivered,2,1
13217,2026-05-22,C00001,Cuyo,SMB,Sales rep,Cleaning,Disinfectant 5L,1,13.96,13.96,8.5,Delivered,3,4
13218,2026-05-22,C02064,Buenos Aires,Consumer,Website,Cleaning,Disinfectant 5L,2,14.11,28.22,20.31,Delivered,5,4
13219,2026-05-22,C02035,Patagonia,Enterprise,Marketplace,Tech,USB-C dock,1,112.91,112.91,76.12,Delivered,3,3
13220,2026-05-22,C00203,Córdoba,SMB,Website,Office,Toner cartridge,6,68.73,412.38,212.02,Delivered,3,2
13221,2026-05-22,C00239,Buenos Aires,Consumer,Website,Cleaning,Paper towels x12,2,20.52,41.04,28.87,Delivered,5,3
13222,2026-05-22,C00200,Patagonia,Consumer,Website,Cleaning,Paper towels x12,6,19.64,117.84,81.73,Delivered,3,3
13223,2026-05-22,C00001,Cuyo,SMB,Website,Office,Paper A4 box,3,18.16,54.48,31.88,Returned,5,5
13224,2026-05-22,C02144,Cuyo,SMB,Marketplace,Tech,USB-C dock,2,119.5,239.0,157.2,Delivered,3,2
13225,2026-05-22,C00070,Cuyo,Consumer,Marketplace,Office,Paper A4 box,6,17.03,102.18,67.18,Delivered,5,2
13226,2026-05-22,C02233,Córdoba,SMB,Marketplace,Office,Paper A4 box,4,18.79,75.16,43.9,Delivered,2,4
13227,2026-05-23,C02143,Patagonia,SMB,Marketplace,Tech,USB-C dock,1,128.41,128.41,68.11,Delivered,3,4
13228,2026-05-23,C01260,NOA,Consumer,Website,Office,Paper A4 box,5,16.58,82.9,50.57,Delivered,2,1
13229,2026-05-23,C00004,Cuyo,Consumer,Website,Tech,Wireless mouse,2,21.28,42.56,29.02,Delivered,5,4
13230,2026-05-23,C00083,NOA,SMB,Website,Tech,27in monitor,4,256.84,1027.36,682.03,Delivered,2,1
13231,2026-05-23,C00023,Buenos Aires,Consumer,Website,Cleaning,Paper towels x12,5,21.76,108.8,64.39,Delivered,3,3
13232,2026-05-23,C00305,Buenos Aires,Enterprise,Marketplace,Office,Ergonomic chair,2,215.84,431.68,275.74,Returned,3,1
13233,2026-05-23,C01228,Buenos Aires,Consumer,Website,Tech,USB-C dock,7,116.64,816.48,470.89,Delivered,5,4
13234,2026-05-23,C00004,Cuyo,Consumer,Website,Cleaning,Disinfectant 5L,1,15.03,15.03,8.64,Delivered,2,1
13235,2026-05-23,C00006,NOA,Enterprise,Sales rep,Office,Toner cartridge,2,64.92,129.84,71.48,Delivered,2,1
13236,2026-05-23,C02201,Buenos Aires,SMB,Website,Cleaning,Disinfectant 5L,4,15.19,60.76,33.74,Delivered,2,1
13237,2026-05-23,C00278,NOA,SMB,Website,Tech,USB-C dock,5,126.49,632.45,364.88,Delivered,2,1
13238,2026-05-23,C00001,Cuyo,SMB,Marketplace,Office,Toner cartridge,5,61.5,307.5,204.05,Delivered,3,1
13239,2026-05-23,C00706,Buenos Aires,Enterprise,Sales rep,Cleaning,Paper towels x12,3,21.0,63.0,36.1,Delivered,2,3
13240,2026-05-23,C01499,Patagonia,Consumer,Website,Office,Toner cartridge,2,66.69,133.38,75.81,Delivered,3,2
13241,2026-05-23,C00001,Cuyo,SMB,Marketplace,Office,Toner cartridge,6,66.58,399.48,263.15,Delivered,3,2
13242,2026-05-23,C01879,Buenos Aires,Enterprise,Sales rep,Tech,27in monitor,2,262.79,525.58,314.64,Delivered,2,2
13243,2026-05-23,C03863,Buenos Aires,SMB,Website,Tech,27in monitor,6,242.44,1454.64,837.76,Delivered,5,3
13244,2026-05-23,C00001,Cuyo,SMB,Sales rep,Tech,Wireless mouse,6,21.2,127.2,90.59,Delivered,3,3
13245,2026-05-24,C00048,Cuyo,Consumer,Website,Tech,USB-C dock,3,112.62,337.86,244.46,Delivered,5,4
13246,2026-05-24,C01703,Patagonia,SMB,Website,Office,Toner cartridge,3,67.41,202.23,118.84,Delivered,2,1
13247,2026-05-24,C00001,Cuyo,SMB,Marketplace,Cleaning,Paper towels x12,7,19.66,137.62,80.95,Delivered,2,1
13248,2026-05-24,C00597,Córdoba,Consumer,Sales rep,Cleaning,Disinfectant 5L,2,14.36,28.72,19.06,Delivered,5,3
13249,2026-05-24,C02559,Buenos Aires,Enterprise,Website,Office,Toner cartridge,3,62.26,186.78,108.55,Cancelled,5,5
13250,2026-05-24,C00003,Córdoba,Consumer,Website,Office,Ergonomic chair,7,199.97,1399.79,959.56,Delivered,2,2
13251,2026-05-24,C00079,Cuyo,Enterprise,Sales rep,Office,Paper A4 box,2,19.25,38.5,22.43,Delivered,5,6
13252,2026-05-24,C00001,Cuyo,SMB,Sales rep,Cleaning,Disinfectant 5L,5,16.06,80.3,49.77,Delivered,5,4
13253,2026-05-24,C00030,Cuyo,Consumer,Website,Cleaning,Disinfectant 5L,6,14.25,85.5,62.48,Delivered,5,4
13254,2026-05-24,C00001,Cuyo,SMB,Sales rep,Office,Ergonomic chair,5,226.74,1133.7,719.79,Delivered,2,2
13255,2026-05-24,C00003,Córdoba,Consumer,Website,Office,Paper A4 box,4,17.47,69.88,45.2,Delivered,2,1
13256,2026-05-24,C00003,Córdoba,Consumer,Sales rep,Tech,Wireless mouse,3,23.28,69.84,46.17,Delivered,5,5
13257,2026-05-24,C00024,Buenos Aires,SMB,Website,Office,Paper A4 box,4,17.93,71.72,49.71,Delivered,2,2
13258,2026-05-24,C00058,Buenos Aires,SMB,Website,Tech,USB-C dock,4,114.7,458.8,302.02,Delivered,5,5
13259,2026-05-24,C00653,Córdoba,Enterprise,Sales rep,Tech,USB-C dock,6,114.87,689.22,404.66,Delivered,5,5
13260,2026-05-24,C00392,Cuyo,Enterprise,Website,Office,Toner cartridge,3,59.59,178.77,126.59,Delivered,5,3
13261,2026-05-24,C00185,Patagonia,SMB,Website,Tech,27in monitor,3,249.27,747.81,489.13,Delivered,5,6
13262,2026-05-24,C00164,Buenos Aires,Consumer,Marketplace,Tech,USB-C dock,1,125.97,125.97,77.81,Delivered,5,5
13263,2026-05-25,C00221,NOA,Consumer,Marketplace,Office,Paper A4 box,7,17.45,122.15,78.15,Delivered,2,3
13264,2026-05-25,C00684,Cuyo,Consumer,Marketplace,Cleaning,Disinfectant 5L,2,14.85,29.7,18.99,Delivered,5,2
13265,2026-05-25,C00043,Buenos Aires,Consumer,Marketplace,Tech,27in monitor,7,263.81,1846.67,1159.25,Delivered,3,1
13266,2026-05-25,C03609,Buenos Aires,Consumer,Marketplace,Office,Ergonomic chair,1,195.95,195.95,117.15,Delivered,3,2
13267,2026-05-25,C00011,Buenos Aires,Enterprise,Website,Cleaning,Paper towels x12,3,19.99,59.97,39.66,Delivered,2,1
13268,2026-05-25,C00369,Patagonia,SMB,Marketplace,Cleaning,Paper towels x12,1,20.23,20.23,14.4,Delivered,5,2
13269,2026-05-25,C01713,Cuyo,Consumer,Marketplace,Office,Ergonomic chair,4,213.87,855.48,495.5,Delivered,2,1
13270,2026-05-25,C00465,Cuyo,Consumer,Marketplace,Office,Ergonomic chair,2,226.27,452.54,258.42,Delivered,5,5
13271,2026-05-25,C00261,Patagonia,SMB,Website,Cleaning,Disinfectant 5L,4,15.98,63.92,39.9,Delivered,2,2
13272,2026-05-25,C03593,Buenos Aires,SMB,Sales rep,Office,Paper A4 box,1,16.87,16.87,12.29,Delivered,3,2
13273,2026-05-25,C00001,Cuyo,SMB,Website,Tech,Wireless mouse,4,22.12,88.48,61.02,Delivered,2,1
13274,2026-05-25,C00121,Cuyo,Consumer,Website,Cleaning,Disinfectant 5L,5,13.8,69.0,43.32,Delivered,3,2
13275,2026-05-25,C00257,Cuyo,SMB,Website,Office,Toner cartridge,4,66.53,266.12,167.23,Delivered,5,5
13276,2026-05-25,C00041,Cuyo,Consumer,Marketplace,Tech,USB-C dock,3,127.71,383.13,209.73,Cancelled,2,1
13277,2026-05-26,C03939,Cuyo,Enterprise,Sales rep,Tech,USB-C dock,5,124.87,624.35,343.16,Delivered,5,4
13278,2026-05-26,C00027,Cuyo,SMB,Website,Office,Ergonomic chair,7,208.83,1461.81,1011.0,Delivered,3,3
13279,2026-05-26,C00034,Patagonia,Consumer,Website,Tech,27in monitor,3,238.19,714.57,488.3,Delivered,2,2
13280,2026-05-26,C00129,Buenos Aires,SMB,Website,Office,Toner cartridge,3,62.59,187.77,123.19,Delivered,5,5
13281,2026-05-26,C00001,Cuyo,SMB,Website,Tech,USB-C dock,6,123.4,740.4,416.82,Delivered,5,3
13282,2026-05-26,C00003,Córdoba,Consumer,Marketplace,Tech,Wireless mouse,7,21.98,153.86,85.05,Delivered,2,1
13283,2026-05-26,C00223,Cuyo,Consumer,Sales rep,Tech,27in monitor,4,252.63,1010.52,605.35,Delivered,3,2
13284,2026-05-26,C00006,NOA,Enterprise,Sales rep,Office,Ergonomic chair,5,196.43,982.15,673.23,Delivered,2,1
13285,2026-05-26,C00123,Buenos Aires,Consumer,Sales rep,Cleaning,Disinfectant 5L,3,15.48,46.44,29.82,Delivered,3,4
13286,2026-05-26,C00072,Cuyo,Enterprise,Website,Office,Toner cartridge,7,61.64,431.48,253.58,Delivered,2,1
13287,2026-05-26,C00112,Buenos Aires,SMB,Website,Tech,USB-C dock,1,125.91,125.91,82.59,Delivered,5,4
13288,2026-05-26,C00014,Cuyo,SMB,Website,Office,Paper A4 box,5,16.77,83.85,51.75,Delivered,5,4
13289,2026-05-26,C00089,Cuyo,SMB,Website,Tech,Wireless mouse,5,23.54,117.7,75.66,Delivered,3,2
13290,2026-05-26,C00369,Patagonia,SMB,Sales rep,Cleaning,Disinfectant 5L,4,14.43,57.72,41.67,Delivered,2,2
13291,2026-05-26,C00002,Buenos Aires,SMB,Website,Office,Ergonomic chair,4,199.02,796.08,501.11,Delivered,5,5
13292,2026-05-26,C00001,Cuyo,SMB,Sales rep,Tech,Wireless mouse,7,21.73,152.11,86.92,Delivered,5,5
13293,2026-05-26,C00239,Buenos Aires,Consumer,Sales rep,Tech,27in monitor,5,239.21,1196.05,726.18,Delivered,3,3
13294,2026-05-26,C00048,Cuyo,Consumer,Marketplace,Office,Toner cartridge,7,65.43,458.01,309.14,Delivered,5,3
13295,2026-05-26,C00505,NOA,SMB,Marketplace,Tech,27in monitor,4,255.47,1021.88,602.31,Returned,5,5
13296,2026-05-26,C00119,Córdoba,SMB,Website,Office,Toner cartridge,1,65.51,65.51,40.55,Delivered,3,3
13297,2026-05-26,C00057,Buenos Aires,Enterprise,Website,Cleaning,Paper towels x12,6,21.11,126.66,74.91,Delivered,3,2
13298,2026-05-26,C00001,Cuyo,SMB,Sales rep,Cleaning,Disinfectant 5L,1,15.73,15.73,8.5,Delivered,3,4
13299,2026-05-26,C00009,NOA,Consumer,Marketplace,Office,Toner cartridge,4,59.49,237.96,150.01,Delivered,5,5
13300,2026-05-26,C01114,NOA,SMB,Marketplace,Office,Paper A4 box,1,16.99,16.99,10.94,Delivered,5,3
13301,2026-05-26,C00074,Cuyo,SMB,Website,Tech,Wireless mouse,7,20.7,144.9,85.56,Returned,2,3
13302,2026-05-26,C00176,Córdoba,Enterprise,Website,Office,Paper A4 box,6,16.57,99.42,69.07,Delivered,2,1
13303,2026-05-26,C00652,Cuyo,SMB,Marketplace,Tech,Wireless mouse,2,20.6,41.2,25.24,Delivered,5,2
13304,2026-05-26,C00001,Cuyo,SMB,Website,Office,Paper A4 box,6,17.24,103.44,68.11,Delivered,2,2
13305,2026-05-27,C00202,Cuyo,Consumer,Website,Office,Paper A4 box,7,18.59,130.13,71.3,Delivered,5,3
13306,2026-05-27,C00314,Patagonia,SMB,Marketplace,Cleaning,Paper towels x12,1,21.15,21.15,14.67,Delivered,5,4
13307,2026-05-27,C00072,Cuyo,Enterprise,Sales rep,Tech,27in monitor,5,246.9,1234.5,701.6,Delivered,3,3
13308,2026-05-27,C01311,Córdoba,SMB,Marketplace,Tech,USB-C dock,2,123.1,246.2,157.9,Delivered,5,4
13309,2026-05-27,C00016,Córdoba,Consumer,Marketplace,Office,Paper A4 box,3,18.77,56.31,35.99,Delivered,2,2
13310,2026-05-27,C00763,Cuyo,SMB,Marketplace,Tech,27in monitor,4,235.45,941.8,555.53,Delivered,5,3
13311,2026-05-27,C00002,Buenos Aires,SMB,Website,Office,Paper A4 box,7,17.51,122.57,88.18,Delivered,2,1
13312,2026-05-27,C00070,Cuyo,Consumer,Website,Office,Ergonomic chair,3,200.82,602.46,402.04,Delivered,3,3
13313,2026-05-27,C00673,Buenos Aires,Enterprise,Marketplace,Cleaning,Paper towels x12,4,21.26,85.04,49.52,Delivered,3,5
13314,2026-05-27,C00003,Córdoba,Consumer,Website,Tech,27in monitor,3,252.01,756.03,442.62,Delivered,3,2
13315,2026-05-27,C00046,Córdoba,SMB,Website,Office,Ergonomic chair,2,225.62,451.24,267.17,Cancelled,2,2
13316,2026-05-27,C00056,Buenos Aires,Consumer,Marketplace,Cleaning,Disinfectant 5L,2,14.85,29.7,20.29,Delivered,3,1
13317,2026-05-27,C00616,Cuyo,Consumer,Sales rep,Tech,USB-C dock,7,111.82,782.74,553.08,Delivered,5,2
13318,2026-05-27,C00220,Cuyo,Enterprise,Sales rep,Tech,USB-C dock,6,127.21,763.26,486.66,Delivered,5,6
13319,2026-05-27,C00001,Cuyo,SMB,Website,Office,Ergonomic chair,3,204.47,613.41,428.98,Delivered,3,1
13320,2026-05-27,C03103,Córdoba,SMB,Marketplace,Office,Toner cartridge,4,66.38,265.52,165.46,Delivered,5,5
13321,2026-05-27,C00003,Córdoba,Consumer,Sales rep,Office,Paper A4 box,2,18.58,37.16,24.96,Delivered,3,2
13322,2026-05-27,C00008,Cuyo,SMB,Website,Tech,USB-C dock,7,122.5,857.5,535.48,Delivered,5,3
13323,2026-05-27,C00107,Buenos Aires,Consumer,Sales rep,Tech,USB-C dock,6,128.83,772.98,436.6,Delivered,3,2
13324,2026-05-27,C00071,Patagonia,Consumer,Website,Office,Ergonomic chair,4,203.12,812.48,553.92,Delivered,5,6
13325,2026-05-27,C00001,Cuyo,SMB,Marketplace,Office,Toner cartridge,6,63.41,380.46,224.93,Delivered,3,1
13326,2026-05-27,C03326,Córdoba,SMB,Marketplace,Cleaning,Disinfectant 5L,1,15.93,15.93,8.69,Delivered,2,1
13327,2026-05-27,C00048,Cuyo,Consumer,Marketplace,Cleaning,Disinfectant 5L,2,15.78,31.56,20.28,Delivered,5,6
13328,2026-05-27,C00003,Córdoba,Consumer,Marketplace,Cleaning,Paper towels x12,2,20.36,40.72,26.35,Delivered,3,1
13329,2026-05-27,C00040,Cuyo,Consumer,Website,Tech,USB-C dock,5,119.63,598.15,347.03,Delivered,2,2
13330,2026-05-27,C03793,Córdoba,SMB,Website,Office,Toner cartridge,7,63.6,445.2,311.1,Delivered,3,1
13331,2026-05-27,C00072,Cuyo,Enterprise,Marketplace,Office,Ergonomic chair,3,196.34,589.02,394.87,Delivered,3,2
13332,2026-05-27,C00276,Buenos Aires,Consumer,Marketplace,Cleaning,Disinfectant 5L,7,16.0,112.0,61.22,Delivered,5,4
13333,2026-05-27,C00017,Córdoba,Enterprise,Marketplace,Cleaning,Disinfectant 5L,6,15.33,91.98,49.68,Cancelled,5,2
13334,2026-05-28,C03364,Cuyo,SMB,Sales rep,Tech,Wireless mouse,2,23.35,46.7,28.07,Delivered,2,2
13335,2026-05-28,C00475,Córdoba,SMB,Website,Office,Paper A4 box,6,17.06,102.36,74.97,Delivered,3,1
13336,2026-05-28,C00001,Cuyo,SMB,Website,Tech,27in monitor,1,255.86,255.86,135.14,Delivered,5,5
13337,2026-05-28,C01077,Buenos Aires,SMB,Marketplace,Tech,Wireless mouse,6,23.38,140.28,73.28,Delivered,2,3
13338,2026-05-28,C00077,Buenos Aires,Enterprise,Sales rep,Office,Ergonomic chair,4,217.19,868.76,517.41,Delivered,3,5
13339,2026-05-28,C00013,Córdoba,Enterprise,Marketplace,Tech,Wireless mouse,4,23.65,94.6,58.91,Delivered,3,3
13340,2026-05-28,C00009,NOA,Consumer,Website,Office,Toner cartridge,5,62.16,310.8,223.41,Cancelled,3,1
13341,2026-05-28,C00004,Cuyo,Consumer,Website,Tech,USB-C dock,2,119.59,239.18,142.05,Delivered,2,1
13342,2026-05-28,C02573,Córdoba,Consumer,Sales rep,Tech,USB-C dock,2,112.12,224.24,154.32,Delivered,3,2
13343,2026-05-28,C00004,Cuyo,Consumer,Website,Tech,USB-C dock,4,127.48,509.92,331.92,Returned,3,1
13344,2026-05-28,C01078,Patagonia,Enterprise,Marketplace,Office,Paper A4 box,4,18.15,72.6,39.87,Delivered,2,1
13345,2026-05-28,C00009,NOA,Consumer,Marketplace,Tech,USB-C dock,6,117.21,703.26,499.99,Returned,3,1
13346,2026-05-28,C00034,Patagonia,Consumer,Sales rep,Tech,27in monitor,4,246.38,985.52,637.0,Delivered,3,3
13347,2026-05-28,C01902,Cuyo,Consumer,Website,Cleaning,Disinfectant 5L,1,14.5,14.5,9.6,Delivered,2,1
13348,2026-05-28,C00974,Cuyo,Consumer,Marketplace,Office,Paper A4 box,7,19.32,135.24,75.42,Delivered,3,2
13349,2026-05-28,C00001,Cuyo,SMB,Website,Office,Paper A4 box,5,17.53,87.65,57.5,Delivered,5,7
13350,2026-05-28,C00194,Patagonia,Consumer,Website,Tech,USB-C dock,5,123.51,617.55,358.59,Delivered,2,2
13351,2026-05-28,C00069,Patagonia,SMB,Marketplace,Office,Ergonomic chair,5,207.89,1039.45,606.27,Delivered,3,1
13352,2026-05-28,C00002,Buenos Aires,SMB,Marketplace,Tech,27in monitor,7,236.94,1658.58,1114.27,Delivered,5,5
13353,2026-05-28,C01712,Cuyo,SMB,Website,Tech,Wireless mouse,3,23.44,70.32,38.54,Delivered,2,2
13354,2026-05-28,C00009,NOA,Consumer,Website,Office,Paper A4 box,3,16.94,50.82,37.53,Delivered,5,4
13355,2026-05-28,C00008,Cuyo,SMB,Website,Tech,Wireless mouse,7,22.32,156.24,84.96,Delivered,5,5
13356,2026-05-28,C00001,Cuyo,SMB,Website,Office,Paper A4 box,5,17.92,89.6,60.2,Cancelled,3,5
13357,2026-05-28,C02329,Cuyo,Consumer,Sales rep,Office,Paper A4 box,6,18.86,113.16,73.09,Delivered,5,5
13358,2026-05-28,C00049,Cuyo,SMB,Sales rep,Cleaning,Paper towels x12,3,21.46,64.38,41.21,Delivered,5,4
13359,2026-05-29,C00046,Córdoba,SMB,Sales rep,Office,Toner cartridge,5,61.9,309.5,213.58,Delivered,2,1
13360,2026-05-29,C01548,Córdoba,Consumer,Marketplace,Office,Toner cartridge,2,59.09,118.18,75.29,Delivered,2,2
13361,2026-05-29,C00390,Córdoba,SMB,Website,Office,Paper A4 box,5,18.8,94.0,54.64,Delivered,5,1
13362,2026-05-29,C00017,Córdoba,Enterprise,Marketplace,Office,Paper A4 box,7,18.85,131.95,80.79,Delivered,2,2
13363,2026-05-29,C01576,Cuyo,Enterprise,Marketplace,Tech,USB-C dock,3,122.3,366.9,218.93,Delivered,3,2
13364,2026-05-29,C00690,Córdoba,Consumer,Marketplace,Office,Paper A4 box,4,17.84,71.36,48.45,Delivered,5,1
13365,2026-05-29,C00044,Buenos Aires,Consumer,Website,Tech,USB-C dock,2,123.0,246.0,139.67,Delivered,2,1
13366,2026-05-29,C00002,Buenos Aires,SMB,Marketplace,Tech,Wireless mouse,3,21.97,65.91,45.3,Delivered,5,5
13367,2026-05-29,C00353,Buenos Aires,SMB,Website,Cleaning,Paper towels x12,3,19.36,58.08,42.48,Delivered,2,1
13368,2026-05-29,C00216,Cuyo,SMB,Marketplace,Office,Ergonomic chair,5,223.29,1116.45,681.25,Delivered,2,2
13369,2026-05-29,C03885,Patagonia,Consumer,Website,Office,Ergonomic chair,7,215.79,1510.53,939.65,Delivered,3,2
13370,2026-05-29,C01095,Cuyo,SMB,Website,Cleaning,Disinfectant 5L,5,14.84,74.2,42.65,Delivered,5,2
13371,2026-05-29,C00011,Buenos Aires,Enterprise,Sales rep,Tech,Wireless mouse,5,21.06,105.3,62.53,Returned,2,2
13372,2026-05-29,C03305,Cuyo,Enterprise,Marketplace,Tech,27in monitor,3,249.87,749.61,409.07,Delivered,5,5
13373,2026-05-29,C00002,Buenos Aires,SMB,Marketplace,Tech,27in monitor,1,251.78,251.78,137.38,Delivered,3,4
13374,2026-05-29,C02556,Buenos Aires,SMB,Sales rep,Office,Ergonomic chair,6,196.71,1180.26,708.24,Delivered,2,3
13375,2026-05-29,C02084,Buenos Aires,Consumer,Marketplace,Tech,27in monitor,3,253.12,759.36,474.43,Delivered,2,1
13376,2026-05-29,C00152,Buenos Aires,SMB,Website,Tech,27in monitor,7,255.02,1785.14,1066.86,Delivered,5,2
13377,2026-05-29,C00006,NOA,Enterprise,Sales rep,Cleaning,Paper towels x12,5,22.48,112.4,70.66,Delivered,2,1
13378,2026-05-29,C00369,Patagonia,SMB,Website,Tech,Wireless mouse,3,22.1,66.3,37.55,Delivered,3,2
13379,2026-05-29,C00129,Buenos Aires,SMB,Website,Cleaning,Paper towels x12,4,20.89,83.56,58.44,Delivered,2,3
13380,2026-05-29,C03277,Patagonia,SMB,Website,Office,Ergonomic chair,6,224.01,1344.06,719.89,Delivered,2,1
13381,2026-05-29,C00032,Cuyo,SMB,Website,Office,Toner cartridge,4,62.77,251.08,175.74,Delivered,5,2
13382,2026-05-29,C00121,Cuyo,Consumer,Website,Tech,27in monitor,4,257.04,1028.16,551.71,Delivered,5,4
13383,2026-05-29,C00006,NOA,Enterprise,Website,Office,Toner cartridge,1,63.09,63.09,38.93,Delivered,2,1
13384,2026-05-29,C00089,Cuyo,SMB,Marketplace,Office,Paper A4 box,3,19.27,57.81,33.77,Delivered,5,3
13385,2026-05-29,C02453,Buenos Aires,SMB,Website,Tech,27in monitor,7,248.99,1742.93,1042.53,Delivered,5,5
13386,2026-05-29,C00727,Buenos Aires,Consumer,Sales rep,Cleaning,Disinfectant 5L,6,15.86,95.16,49.83,Delivered,5,4
13387,2026-05-29,C00009,NOA,Consumer,Sales rep,Cleaning,Paper towels x12,4,21.74,86.96,49.25,Delivered,3,2
13388,2026-05-30,C00011,Buenos Aires,Enterprise,Sales rep,Cleaning,Disinfectant 5L,3,14.8,44.4,30.36,Delivered,5,5
13389,2026-05-30,C00001,Cuyo,SMB,Marketplace,Office,Toner cartridge,7,63.32,443.24,263.6,Delivered,3,1
13390,2026-05-30,C02052,Cuyo,Consumer,Website,Tech,27in monitor,1,252.04,252.04,137.9,Delivered,3,2
13391,2026-05-30,C00004,Cuyo,Consumer,Sales rep,Cleaning,Paper towels x12,3,19.92,59.76,43.61,Delivered,2,1
13392,2026-05-30,C02286,Córdoba,Consumer,Website,Cleaning,Disinfectant 5L,4,16.07,64.28,35.53,Delivered,5,3
13393,2026-05-30,C00040,Cuyo,Consumer,Marketplace,Office,Ergonomic chair,2,209.15,418.3,288.3,Delivered,5,4
13394,2026-05-30,C00921,Buenos Aires,SMB,Website,Cleaning,Disinfectant 5L,7,15.11,105.77,62.39,Delivered,5,6
13395,2026-05-30,C00003,Córdoba,Consumer,Marketplace,Cleaning,Disinfectant 5L,7,14.93,104.51,72.11,Delivered,3,3
13396,2026-05-30,C00319,Buenos Aires,SMB,Website,Tech,USB-C dock,4,112.09,448.36,274.79,Delivered,2,3
13397,2026-05-30,C00005,Cuyo,SMB,Marketplace,Tech,USB-C dock,5,115.13,575.65,353.91,Delivered,2,1
13398,2026-05-30,C00003,Córdoba,Consumer,Sales rep,Tech,27in monitor,4,231.59,926.36,625.78,Delivered,5,2
13399,2026-05-30,C00414,Patagonia,SMB,Marketplace,Tech,27in monitor,3,231.1,693.3,404.9,Delivered,2,1
13400,2026-05-30,C00287,Buenos Aires,SMB,Website,Tech,27in monitor,7,261.06,1827.42,962.54,Delivered,5,4
13401,2026-05-30,C00477,Buenos Aires,Enterprise,Website,Office,Paper A4 box,4,18.05,72.2,39.98,Delivered,5,4
13402,2026-05-30,C00853,Córdoba,Consumer,Marketplace,Office,Paper A4 box,1,17.13,17.13,11.53,Delivered,5,4
13403,2026-05-31,C00042,Cuyo,SMB,Marketplace,Office,Toner cartridge,6,61.96,371.76,236.05,Delivered,5,4
13404,2026-05-31,C02828,Buenos Aires,Consumer,Website,Tech,27in monitor,6,257.99,1547.94,885.9,Delivered,5,4
13405,2026-05-31,C00004,Cuyo,Consumer,Website,Office,Toner cartridge,4,68.17,272.68,167.75,Cancelled,2,1
13406,2026-05-31,C00513,Cuyo,Consumer,Marketplace,Tech,USB-C dock,7,122.32,856.24,546.04,Delivered,2,1
13407,2026-05-31,C01832,Buenos Aires,SMB,Website,Cleaning,Paper towels x12,2,20.34,40.68,28.07,Delivered,5,6
13408,2026-05-31,C00077,Buenos Aires,Enterprise,Sales rep,Office,Paper A4 box,4,16.99,67.96,45.36,Delivered,3,1
13409,2026-05-31,C00039,NOA,SMB,Website,Tech,Wireless mouse,4,21.74,86.96,51.59,Delivered,5,6
13410,2026-05-31,C00018,Buenos Aires,SMB,Marketplace,Cleaning,Paper towels x12,6,22.31,133.86,81.05,Delivered,5,3
13411,2026-05-31,C00397,Buenos Aires,SMB,Marketplace,Cleaning,Disinfectant 5L,2,14.23,28.46,16.7,Delivered,3,1
13412,2026-05-31,C00001,Cuyo,SMB,Website,Tech,27in monitor,1,258.95,258.95,143.04,Delivered,2,3
13413,2026-05-31,C02928,Cuyo,SMB,Sales rep,Cleaning,Paper towels x12,4,20.53,82.12,51.59,Delivered,5,6
13414,2026-05-31,C02932,Cuyo,Consumer,Marketplace,Cleaning,Disinfectant 5L,5,15.74,78.7,51.16,Delivered,3,2
13415,2026-05-31,C00012,Buenos Aires,Consumer,Sales rep,Office,Paper A4 box,1,18.5,18.5,12.57,Delivered,3,2
13416,2026-05-31,C00086,Buenos Aires,Enterprise,Marketplace,Cleaning,Paper towels x12,3,22.65,67.95,36.59,Delivered,5,4
13417,2026-06-01,C00014,Cuyo,SMB,Sales rep,Cleaning,Disinfectant 5L,6,14.93,89.58,54.96,Delivered,2,2
13418,2026-06-01,C00017,Córdoba,Enterprise,Sales rep,Tech,USB-C dock,7,124.1,868.7,571.81,Delivered,3,1
13419,2026-06-01,C00040,Cuyo,Consumer,Website,Office,Paper A4 box,1,16.86,16.86,11.87,Delivered,2,1
13420,2026-06-01,C00832,Córdoba,Consumer,Website,Tech,USB-C dock,3,124.98,374.94,245.12,Delivered,3,1
13421,2026-06-01,C00007,Cuyo,SMB,Website,Tech,Wireless mouse,2,22.14,44.28,30.72,Delivered,2,1
13422,2026-06-01,C01158,Córdoba,SMB,Sales rep,Cleaning,Disinfectant 5L,3,14.51,43.53,30.03,Delivered,3,1
13423,2026-06-01,C00044,Buenos Aires,Consumer,Marketplace,Office,Ergonomic chair,6,199.02,1194.12,749.03,Delivered,2,2
13424,2026-06-01,C00295,NOA,SMB,Sales rep,Office,Toner cartridge,6,66.6,399.6,235.07,Delivered,3,2
13425,2026-06-01,C00016,Córdoba,Consumer,Marketplace,Cleaning,Disinfectant 5L,6,14.98,89.88,50.26,Delivered,2,1
13426,2026-06-01,C00073,Cuyo,SMB,Sales rep,Office,Toner cartridge,6,65.67,394.02,235.58,Delivered,5,5
13427,2026-06-01,C00108,Cuyo,SMB,Marketplace,Tech,USB-C dock,3,128.01,384.03,202.56,Delivered,2,1
13428,2026-06-01,C00002,Buenos Aires,SMB,Website,Office,Ergonomic chair,6,200.95,1205.7,868.95,Delivered,5,3
13429,2026-06-01,C00095,Córdoba,SMB,Website,Tech,27in monitor,4,240.1,960.4,669.91,Delivered,3,1
13430,2026-06-01,C01001,Patagonia,SMB,Website,Office,Ergonomic chair,3,194.11,582.33,397.84,Delivered,2,1
13431,2026-06-01,C00169,Cuyo,Enterprise,Website,Tech,27in monitor,3,247.43,742.29,408.64,Delivered,3,4
13432,2026-06-01,C01128,Patagonia,SMB,Website,Cleaning,Disinfectant 5L,6,15.04,90.24,59.46,Delivered,5,3
13433,2026-06-01,C00005,Cuyo,SMB,Website,Cleaning,Paper towels x12,3,19.63,58.89,38.78,Delivered,5,4
13434,2026-06-01,C00020,Buenos Aires,SMB,Marketplace,Tech,Wireless mouse,1,23.52,23.52,12.29,Delivered,3,2
13435,2026-06-01,C00633,Cuyo,SMB,Website,Cleaning,Disinfectant 5L,7,15.43,108.01,60.1,Delivered,3,3
13436,2026-06-01,C00001,Cuyo,SMB,Marketplace,Office,Toner cartridge,1,60.77,60.77,37.04,Delivered,5,5
13437,2026-06-02,C00015,Cuyo,Consumer,Marketplace,Cleaning,Paper towels x12,3,22.43,67.29,38.15,Delivered,5,3
13438,2026-06-02,C03860,Cuyo,SMB,Sales rep,Cleaning,Paper towels x12,4,19.83,79.32,53.47,Delivered,5,4
13439,2026-06-02,C00018,Buenos Aires,SMB,Website,Tech,27in monitor,7,245.14,1715.98,954.96,Delivered,2,1
13440,2026-06-02,C00025,Buenos Aires,SMB,Website,Office,Ergonomic chair,5,218.48,1092.4,672.2,Delivered,2,1
13441,2026-06-02,C00002,Buenos Aires,SMB,Sales rep,Office,Ergonomic chair,6,207.56,1245.36,864.65,Delivered,2,1
13442,2026-06-02,C01524,Buenos Aires,Enterprise,Website,Tech,Wireless mouse,7,22.03,154.21,103.82,Delivered,2,1
13443,2026-06-02,C00188,Buenos Aires,SMB,Sales rep,Tech,USB-C dock,2,127.95,255.9,157.28,Delivered,5,5
13444,2026-06-02,C00856,Cuyo,SMB,Sales rep,Tech,27in monitor,6,243.84,1463.04,897.25,Returned,5,6
13445,2026-06-02,C03569,Cuyo,Enterprise,Website,Cleaning,Paper towels x12,3,22.35,67.05,37.65,Delivered,5,3
13446,2026-06-02,C01387,Buenos Aires,Enterprise,Sales rep,Tech,USB-C dock,3,122.47,367.41,229.91,Delivered,3,2
13447,2026-06-02,C00001,Cuyo,SMB,Website,Office,Toner cartridge,6,58.94,353.64,264.8,Delivered,5,3
13448,2026-06-02,C00013,Córdoba,Enterprise,Sales rep,Cleaning,Paper towels x12,3,20.67,62.01,43.55,Delivered,2,1
13449,2026-06-02,C00002,Buenos Aires,SMB,Sales rep,Tech,27in monitor,6,254.67,1528.02,941.2,Delivered,5,4
13450,2026-06-02,C02354,Cuyo,SMB,Marketplace,Cleaning,Disinfectant 5L,5,15.41,77.05,51.03,Delivered,5,3
13451,2026-06-02,C00269,Córdoba,SMB,Website,Office,Paper A4 box,1,16.68,16.68,11.14,Delivered,2,3
13452,2026-06-02,C01188,Buenos Aires,Enterprise,Website,Tech,USB-C dock,6,128.78,772.68,457.56,Delivered,2,2
13453,2026-06-02,C00033,Cuyo,SMB,Website,Tech,USB-C dock,2,120.64,241.28,145.11,Delivered,2,1
13454,2026-06-02,C01106,Buenos Aires,Consumer,Website,Office,Toner cartridge,1,65.54,65.54,44.12,Delivered,5,5
13455,2026-06-02,C00005,Cuyo,SMB,Marketplace,Office,Paper A4 box,1,17.59,17.59,11.23,Delivered,5,1
13456,2026-06-02,C00243,Buenos Aires,Enterprise,Marketplace,Office,Toner cartridge,1,63.26,63.26,41.79,Delivered,2,1
13457,2026-06-02,C02529,Buenos Aires,SMB,Website,Tech,USB-C dock,4,127.29,509.16,323.26,Delivered,3,1
13458,2026-06-03,C00014,Cuyo,SMB,Marketplace,Tech,USB-C dock,4,123.28,493.12,311.68,Cancelled,2,1
13459,2026-06-03,C00030,Cuyo,Consumer,Website,Office,Paper A4 box,7,17.58,123.06,86.16,Delivered,5,5
13460,2026-06-03,C00134,Buenos Aires,Consumer,Sales rep,Cleaning,Paper towels x12,2,19.87,39.74,27.67,Delivered,3,1
13461,2026-06-03,C00001,Cuyo,SMB,Sales rep,Cleaning,Paper towels x12,6,21.13,126.78,83.29,Delivered,3,2
13462,2026-06-03,C00390,Córdoba,SMB,Sales rep,Tech,Wireless mouse,5,22.67,113.35,61.5,Delivered,5,5
13463,2026-06-03,C00079,Cuyo,Enterprise,Website,Tech,27in monitor,1,235.67,235.67,137.94,Delivered,3,1
13464,2026-06-03,C00002,Buenos Aires,SMB,Website,Office,Toner cartridge,4,67.55,270.2,145.98,Delivered,5,3
13465,2026-06-03,C02908,Buenos Aires,Consumer,Sales rep,Tech,USB-C dock,2,126.24,252.48,147.04,Returned,2,1
13466,2026-06-03,C00790,Cuyo,Consumer,Website,Tech,27in monitor,5,250.96,1254.8,727.26,Delivered,3,1
13467,2026-06-03,C01388,Cuyo,Consumer,Marketplace,Office,Ergonomic chair,1,210.56,210.56,124.06,Cancelled,3,1
13468,2026-06-03,C00732,Buenos Aires,Enterprise,Marketplace,Tech,Wireless mouse,1,23.29,23.29,13.32,Delivered,5,2
13469,2026-06-03,C00397,Buenos Aires,SMB,Marketplace,Cleaning,Disinfectant 5L,5,14.43,72.15,46.68,Delivered,5,5
13470,2026-06-03,C01595,Buenos Aires,Consumer,Website,Cleaning,Disinfectant 5L,4,15.06,60.24,40.06,Delivered,3,4
13471,2026-06-03,C00198,Patagonia,SMB,Marketplace,Office,Ergonomic chair,1,224.26,224.26,135.94,Delivered,2,2
13472,2026-06-03,C00810,Buenos Aires,Consumer,Website,Tech,27in monitor,5,262.98,1314.9,732.07,Delivered,2,2
13473,2026-06-03,C00269,Córdoba,SMB,Sales rep,Tech,27in monitor,1,253.64,253.64,160.87,Delivered,5,4
13474,2026-06-03,C02686,Cuyo,SMB,Website,Cleaning,Paper towels x12,1,19.62,19.62,13.45,Delivered,2,1
13475,2026-06-03,C01270,Buenos Aires,Consumer,Marketplace,Tech,Wireless mouse,4,22.44,89.76,51.36,Delivered,3,1
13476,2026-06-03,C00565,NOA,Consumer,Website,Office,Ergonomic chair,2,221.04,442.08,244.69,Delivered,5,3
13477,2026-06-03,C00100,Córdoba,Enterprise,Website,Cleaning,Disinfectant 5L,3,15.32,45.96,29.11,Delivered,3,1
13478,2026-06-03,C00013,Córdoba,Enterprise,Website,Tech,USB-C dock,1,122.37,122.37,75.32,Delivered,2,2
13479,2026-06-03,C00332,Buenos Aires,Consumer,Website,Office,Ergonomic chair,4,204.11,816.44,511.82,Delivered,5,4
13480,2026-06-03,C00046,Córdoba,SMB,Marketplace,Tech,Wireless mouse,4,20.68,82.72,56.26,Delivered,5,2
13481,2026-06-04,C00001,Cuyo,SMB,Website,Office,Paper A4 box,7,17.24,120.68,72.4,Delivered,3,1
13482,2026-06-04,C00003,Córdoba,Consumer,Marketplace,Cleaning,Paper towels x12,6,22.54,135.24,87.73,Delivered,2,1
13483,2026-06-04,C02117,Cuyo,Consumer,Website,Tech,USB-C dock,7,119.58,837.06,479.96,Delivered,2,1
13484,2026-06-04,C00796,Buenos Aires,SMB,Website,Office,Paper A4 box,2,17.9,35.8,24.36,Delivered,3,3
13485,2026-06-04,C00136,NOA,SMB,Website,Office,Toner cartridge,6,59.19,355.14,267.82,Delivered,5,3
13486,2026-06-04,C01177,Córdoba,SMB,Sales rep,Office,Paper A4 box,1,17.33,17.33,12.07,Delivered,3,1
13487,2026-06-04,C00037,Córdoba,Enterprise,Website,Tech,Wireless mouse,3,20.72,62.16,45.6,Delivered,5,5
13488,2026-06-04,C00893,Cuyo,SMB,Sales rep,Tech,USB-C dock,6,114.1,684.6,452.73,Delivered,3,2
13489,2026-06-04,C00392,Cuyo,Enterprise,Sales rep,Office,Ergonomic chair,4,194.78,779.12,577.94,Cancelled,2,1
13490,2026-06-04,C00004,Cuyo,Consumer,Sales rep,Office,Ergonomic chair,2,205.2,410.4,274.26,Delivered,2,2
13491,2026-06-04,C01078,Patagonia,Enterprise,Marketplace,Office,Paper A4 box,7,17.79,124.53,79.28,Delivered,5,2
13492,2026-06-04,C00396,Córdoba,SMB,Website,Office,Toner cartridge,7,63.55,444.85,290.7,Delivered,2,3
13493,2026-06-04,C00066,Cuyo,Enterprise,Marketplace,Tech,Wireless mouse,2,22.88,45.76,27.6,Delivered,5,4
13494,2026-06-04,C00473,Córdoba,Consumer,Sales rep,Cleaning,Disinfectant 5L,1,16.16,16.16,8.6,Delivered,2,2
13495,2026-06-04,C00018,Buenos Aires,SMB,Marketplace,Tech,Wireless mouse,1,21.94,21.94,12.65,Delivered,3,3
13496,2026-06-04,C00215,Cuyo,Consumer,Marketplace,Office,Ergonomic chair,1,194.44,194.44,125.94,Delivered,3,1
13497,2026-06-04,C00003,Córdoba,Consumer,Sales rep,Tech,Wireless mouse,6,23.67,142.02,74.17,Delivered,3,4
13498,2026-06-04,C00009,NOA,Consumer,Website,Cleaning,Paper towels x12,4,19.91,79.64,46.9,Delivered,5,5
13499,2026-06-04,C01738,Cuyo,Consumer,Website,Tech,Wireless mouse,3,22.7,68.1,38.77,Delivered,5,3
13500,2026-06-04,C00493,Córdoba,SMB,Marketplace,Office,Toner cartridge,3,68.22,204.66,131.16,Delivered,3,5
13501,2026-06-04,C00001,Cuyo,SMB,Sales rep,Cleaning,Paper towels x12,1,19.47,19.47,11.71,Returned,5,4
13502,2026-06-04,C00015,Cuyo,Consumer,Marketplace,Tech,27in monitor,2,256.27,512.54,333.92,Delivered,2,4
13503,2026-06-04,C00257,Cuyo,SMB,Marketplace,Tech,USB-C dock,1,125.91,125.91,71.24,Delivered,2,1
13504,2026-06-04,C00201,Buenos Aires,Consumer,Marketplace,Office,Ergonomic chair,6,218.39,1310.34,710.87,Delivered,3,2
13505,2026-06-04,C00887,Cuyo,Consumer,Sales rep,Cleaning,Disinfectant 5L,6,15.49,92.94,57.13,Delivered,5,4
13506,2026-06-05,C01360,Cuyo,Enterprise,Website,Cleaning,Disinfectant 5L,3,15.74,47.22,28.51,Delivered,5,3
13507,2026-06-05,C00194,Patagonia,Consumer,Sales rep,Office,Ergonomic chair,5,207.58,1037.9,693.15,Delivered,3,3
13508,2026-06-05,C01092,Cuyo,SMB,Sales rep,Tech,USB-C dock,7,112.63,788.41,510.33,Delivered,2,1
13509,2026-06-05,C00019,Patagonia,Consumer,Sales rep,Office,Toner cartridge,5,64.63,323.15,212.93,Delivered,5,2
13510,2026-06-05,C00235,NOA,Consumer,Marketplace,Tech,USB-C dock,5,115.16,575.8,390.76,Delivered,3,2
13511,2026-06-05,C03648,NOA,Consumer,Website,Tech,USB-C dock,1,113.86,113.86,82.54,Delivered,3,3
13512,2026-06-05,C02455,Cuyo,SMB,Website,Office,Paper A4 box,5,17.92,89.6,61.53,Delivered,2,3
13513,2026-06-05,C02295,NOA,SMB,Website,Cleaning,Paper towels x12,1,19.8,19.8,12.12,Delivered,5,3
13514,2026-06-05,C00084,Buenos Aires,Consumer,Marketplace,Office,Ergonomic chair,1,198.39,198.39,145.43,Delivered,2,3
13515,2026-06-05,C00444,Buenos Aires,Consumer,Marketplace,Office,Paper A4 box,7,18.75,131.25,73.88,Delivered,2,2
13516,2026-06-05,C00170,Buenos Aires,Enterprise,Website,Office,Toner cartridge,6,64.31,385.86,250.15,Delivered,3,3
13517,2026-06-05,C00078,Patagonia,Enterprise,Sales rep,Office,Paper A4 box,7,16.69,116.83,69.72,Delivered,5,5
13518,2026-06-05,C02384,Córdoba,SMB,Website,Office,Paper A4 box,2,17.52,35.04,23.46,Delivered,5,4
13519,2026-06-05,C00452,Buenos Aires,SMB,Marketplace,Tech,USB-C dock,4,124.15,496.6,325.28,Delivered,2,2
13520,2026-06-05,C00008,Cuyo,SMB,Marketplace,Office,Paper A4 box,6,16.85,101.1,65.89,Delivered,5,3
13521,2026-06-05,C00749,Cuyo,Enterprise,Website,Tech,Wireless mouse,4,22.68,90.72,60.06,Delivered,5,5
13522,2026-06-05,C00432,Buenos Aires,SMB,Website,Cleaning,Paper towels x12,3,21.63,64.89,41.95,Delivered,2,1
13523,2026-06-05,C00049,Cuyo,SMB,Marketplace,Tech,Wireless mouse,1,20.95,20.95,15.14,Delivered,5,5
13524,2026-06-05,C00033,Cuyo,SMB,Website,Office,Toner cartridge,1,63.78,63.78,38.56,Delivered,2,2
13525,2026-06-05,C02831,Cuyo,SMB,Sales rep,Tech,Wireless mouse,5,20.75,103.75,71.62,Delivered,2,2
13526,2026-06-05,C02964,Buenos Aires,SMB,Marketplace,Tech,USB-C dock,7,123.09,861.63,544.53,Delivered,5,4
13527,2026-06-06,C00048,Cuyo,Consumer,Website,Office,Toner cartridge,1,65.63,65.63,37.76,Delivered,5,4
13528,2026-06-06,C00102,Buenos Aires,SMB,Marketplace,Office,Toner cartridge,4,61.26,245.04,156.05,Delivered,5,5
13529,2026-06-06,C00994,Patagonia,SMB,Website,Cleaning,Disinfectant 5L,5,14.52,72.6,43.5,Delivered,5,5
13530,2026-06-06,C02832,Cuyo,Enterprise,Website,Tech,Wireless mouse,4,23.68,94.72,54.8,Delivered,5,3
13531,2026-06-06,C00003,Córdoba,Consumer,Website,Tech,27in monitor,7,236.41,1654.87,1103.53,Delivered,2,2
13532,2026-06-06,C00833,Buenos Aires,Enterprise,Website,Cleaning,Disinfectant 5L,6,14.93,89.58,54.64,Cancelled,5,5
13533,2026-06-06,C00001,Cuyo,SMB,Website,Tech,USB-C dock,3,124.42,373.26,242.37,Delivered,3,3
13534,2026-06-06,C00001,Cuyo,SMB,Website,Cleaning,Disinfectant 5L,6,13.85,83.1,53.87,Delivered,2,1
13535,2026-06-06,C00005,Cuyo,SMB,Website,Tech,Wireless mouse,1,22.45,22.45,14.12,Delivered,5,5
13536,2026-06-07,C00029,Patagonia,Consumer,Website,Office,Ergonomic chair,4,204.27,817.08,584.74,Returned,5,4
13537,2026-06-07,C00029,Patagonia,Consumer,Website,Office,Ergonomic chair,7,224.28,1569.96,857.19,Delivered,5,4
13538,2026-06-07,C00013,Córdoba,Enterprise,Marketplace,Cleaning,Disinfectant 5L,3,15.25,45.75,30.97,Delivered,2,1
13539,2026-06-07,C00001,Cuyo,SMB,Marketplace,Office,Toner cartridge,1,61.68,61.68,35.23,Delivered,3,1
13540,2026-06-07,C00997,Córdoba,SMB,Website,Office,Toner cartridge,3,65.98,197.94,114.63,Delivered,5,5
13541,2026-06-07,C00519,Córdoba,SMB,Marketplace,Office,Ergonomic chair,2,216.98,433.96,245.64,Delivered,2,2
13542,2026-06-07,C00268,Buenos Aires,SMB,Marketplace,Tech,Wireless mouse,7,21.75,152.25,102.5,Delivered,2,2
13543,2026-06-07,C00008,Cuyo,SMB,Sales rep,Tech,27in monitor,7,231.94,1623.58,946.92,Delivered,5,1
13544,2026-06-07,C00001,Cuyo,SMB,Website,Office,Paper A4 box,5,17.38,86.9,58.42,Delivered,2,1
13545,2026-06-07,C00002,Buenos Aires,SMB,Website,Tech,27in monitor,6,249.99,1499.94,838.01,Delivered,3,3
13546,2026-06-07,C00077,Buenos Aires,Enterprise,Marketplace,Office,Toner cartridge,1,66.58,66.58,43.69,Returned,3,1
13547,2026-06-07,C00006,NOA,Enterprise,Website,Office,Ergonomic chair,7,211.22,1478.54,832.76,Delivered,2,1
13548,2026-06-07,C00010,Córdoba,SMB,Website,Tech,27in monitor,6,238.04,1428.24,811.45,Delivered,5,4
13549,2026-06-07,C01186,Cuyo,SMB,Sales rep,Cleaning,Disinfectant 5L,6,14.06,84.36,61.03,Delivered,3,1
13550,2026-06-07,C00028,Patagonia,SMB,Marketplace,Office,Ergonomic chair,4,209.56,838.24,485.15,Delivered,5,5
13551,2026-06-07,C00031,Buenos Aires,SMB,Marketplace,Cleaning,Paper towels x12,7,20.62,144.34,83.9,Delivered,5,3
13552,2026-06-07,C01983,Buenos Aires,Consumer,Sales rep,Tech,USB-C dock,7,122.74,859.18,555.8,Delivered,5,3
13553,2026-06-08,C00752,Buenos Aires,Consumer,Website,Tech,27in monitor,4,229.33,917.32,667.98,Delivered,3,1
13554,2026-06-08,C00861,Buenos Aires,Consumer,Marketplace,Tech,Wireless mouse,7,21.62,151.34,95.12,Delivered,5,7
13555,2026-06-08,C00073,Cuyo,SMB,Marketplace,Cleaning,Paper towels x12,3,20.32,60.96,36.96,Delivered,3,2
13556,2026-06-08,C00274,Buenos Aires,SMB,Website,Tech,USB-C dock,2,111.79,223.58,145.17,Delivered,3,2
13557,2026-06-08,C00086,Buenos Aires,Enterprise,Website,Cleaning,Disinfectant 5L,7,13.85,96.95,61.83,Delivered,5,4
13558,2026-06-08,C00035,Buenos Aires,SMB,Marketplace,Office,Toner cartridge,5,64.38,321.9,195.49,Delivered,5,4
13559,2026-06-08,C00144,Patagonia,Consumer,Website,Office,Toner cartridge,2,60.67,121.34,84.1,Delivered,5,5
13560,2026-06-08,C00001,Cuyo,SMB,Website,Office,Paper A4 box,7,18.31,128.17,81.7,Delivered,3,1
13561,2026-06-08,C00003,Córdoba,Consumer,Website,Cleaning,Paper towels x12,5,21.99,109.95,69.24,Returned,2,1
13562,2026-06-08,C00011,Buenos Aires,Enterprise,Marketplace,Tech,Wireless mouse,2,22.04,44.08,24.67,Delivered,2,3
13563,2026-06-08,C00003,Córdoba,Consumer,Website,Office,Toner cartridge,3,62.81,188.43,125.36,Delivered,5,3
13564,2026-06-08,C00001,Cuyo,SMB,Website,Cleaning,Paper towels x12,1,19.56,19.56,11.87,Delivered,2,2
13565,2026-06-08,C00019,Patagonia,Consumer,Marketplace,Cleaning,Paper towels x12,7,20.88,146.16,101.86,Delivered,3,1
13566,2026-06-08,C01681,Cuyo,SMB,Website,Office,Toner cartridge,2,68.9,137.8,78.71,Delivered,3,2
13567,2026-06-08,C01276,Buenos Aires,SMB,Website,Office,Toner cartridge,5,67.41,337.05,220.47,Delivered,2,2
13568,2026-06-08,C01267,Cuyo,Consumer,Sales rep,Tech,Wireless mouse,4,22.53,90.12,61.26,Delivered,5,3
13569,2026-06-08,C00016,Córdoba,Consumer,Marketplace,Cleaning,Paper towels x12,7,19.6,137.2,101.76,Delivered,2,3
13570,2026-06-08,C00093,Córdoba,Consumer,Marketplace,Tech,Wireless mouse,2,22.68,45.36,26.65,Delivered,2,2
13571,2026-06-08,C01928,NOA,Consumer,Website,Office,Ergonomic chair,5,210.64,1053.2,687.08,Delivered,2,3
13572,2026-06-08,C00027,Cuyo,SMB,Sales rep,Tech,Wireless mouse,6,21.97,131.82,79.25,Delivered,2,1
13573,2026-06-08,C00002,Buenos Aires,SMB,Website,Office,Toner cartridge,4,68.05,272.2,163.79,Delivered,5,5
13574,2026-06-08,C00003,Córdoba,Consumer,Marketplace,Cleaning,Disinfectant 5L,7,14.7,102.9,65.6,Returned,2,3
13575,2026-06-08,C00021,NOA,SMB,Website,Cleaning,Paper towels x12,3,20.92,62.76,35.87,Delivered,2,2
13576,2026-06-08,C00001,Cuyo,SMB,Website,Tech,USB-C dock,2,118.21,236.42,145.78,Delivered,2,3
13577,2026-06-08,C00380,Cuyo,Consumer,Marketplace,Tech,Wireless mouse,4,21.62,86.48,51.81,Returned,3,1
13578,2026-06-08,C00057,Buenos Aires,Enterprise,Marketplace,Tech,Wireless mouse,6,22.03,132.18,82.18,Delivered,5,5
13579,2026-06-08,C02028,Cuyo,Consumer,Website,Office,Ergonomic chair,7,226.73,1587.11,943.56,Delivered,2,2
13580,2026-06-08,C00442,Buenos Aires,Consumer,Website,Tech,USB-C dock,2,123.03,246.06,135.92,Delivered,2,1
13581,2026-06-08,C03151,Cuyo,SMB,Website,Cleaning,Paper towels x12,6,20.53,123.18,73.67,Delivered,2,1
13582,2026-06-08,C03346,Córdoba,Enterprise,Marketplace,Tech,USB-C dock,2,115.71,231.42,158.98,Delivered,5,3
13583,2026-06-09,C00042,Cuyo,SMB,Website,Tech,USB-C dock,5,118.36,591.8,384.3,Delivered,2,1
13584,2026-06-09,C00010,Córdoba,SMB,Marketplace,Cleaning,Disinfectant 5L,2,16.09,32.18,17.27,Cancelled,3,2
13585,2026-06-09,C01271,Cuyo,Consumer,Website,Office,Ergonomic chair,4,195.58,782.32,500.55,Cancelled,5,4
13586,2026-06-09,C00001,Cuyo,SMB,Website,Office,Toner cartridge,5,63.35,316.75,186.59,Delivered,3,1
13587,2026-06-09,C00001,Cuyo,SMB,Website,Office,Ergonomic chair,4,200.06,800.24,484.3,Delivered,5,6
13588,2026-06-09,C02615,Buenos Aires,SMB,Marketplace,Cleaning,Paper towels x12,2,19.9,39.8,23.76,Delivered,2,2
13589,2026-06-09,C00004,Cuyo,Consumer,Marketplace,Office,Paper A4 box,4,17.92,71.68,45.83,Delivered,3,1
13590,2026-06-09,C02847,Cuyo,Enterprise,Sales rep,Office,Paper A4 box,5,18.12,90.6,51.41,Delivered,3,1
13591,2026-06-09,C00006,NOA,Enterprise,Website,Office,Paper A4 box,4,18.62,74.48,42.85,Delivered,2,1
13592,2026-06-09,C00042,Cuyo,SMB,Sales rep,Office,Paper A4 box,3,16.87,50.61,37.57,Delivered,2,1
13593,2026-06-09,C00003,Córdoba,Consumer,Website,Tech,Wireless mouse,2,23.69,47.38,28.75,Delivered,2,1
13594,2026-06-09,C00013,Córdoba,Enterprise,Website,Office,Paper A4 box,7,19.07,133.49,73.88,Delivered,5,4
13595,2026-06-09,C00077,Buenos Aires,Enterprise,Sales rep,Tech,USB-C dock,6,110.93,665.58,457.31,Delivered,2,1
13596,2026-06-09,C00001,Cuyo,SMB,Website,Tech,27in monitor,3,253.97,761.91,455.32,Delivered,3,2
13597,2026-06-09,C00114,Patagonia,Enterprise,Website,Cleaning,Paper towels x12,2,20.67,41.34,29.22,Delivered,3,3
13598,2026-06-09,C00338,NOA,SMB,Website,Cleaning,Disinfectant 5L,3,14.26,42.78,30.43,Delivered,2,3
13599,2026-06-09,C00085,Buenos Aires,Enterprise,Website,Office,Ergonomic chair,2,222.41,444.82,251.3,Delivered,5,5
13600,2026-06-09,C01158,Córdoba,SMB,Website,Office,Ergonomic chair,6,224.87,1349.22,860.35,Delivered,5,3
13601,2026-06-10,C02446,Buenos Aires,SMB,Website,Office,Toner cartridge,6,65.47,392.82,213.57,Delivered,3,1
13602,2026-06-10,C01248,Patagonia,Consumer,Website,Tech,27in monitor,6,244.21,1465.26,909.03,Delivered,3,4
13603,2026-06-10,C00025,Buenos Aires,SMB,Sales rep,Office,Paper A4 box,7,17.86,125.02,84.02,Delivered,5,5
13604,2026-06-10,C00031,Buenos Aires,SMB,Website,Office,Toner cartridge,4,64.28,257.12,171.24,Delivered,3,3
13605,2026-06-10,C00001,Cuyo,SMB,Sales rep,Cleaning,Disinfectant 5L,6,14.51,87.06,54.82,Delivered,2,1
13606,2026-06-10,C00638,Buenos Aires,Enterprise,Website,Tech,USB-C dock,7,122.93,860.51,547.38,Delivered,5,5
13607,2026-06-10,C00063,Buenos Aires,SMB,Marketplace,Tech,USB-C dock,7,123.09,861.63,469.26,Delivered,3,2
13608,2026-06-10,C00001,Cuyo,SMB,Website,Office,Paper A4 box,3,17.56,52.68,33.44,Delivered,5,6
13609,2026-06-10,C00236,Cuyo,Consumer,Marketplace,Office,Paper A4 box,1,17.85,17.85,12.16,Delivered,5,4
13610,2026-06-10,C00001,Cuyo,SMB,Marketplace,Tech,USB-C dock,6,117.53,705.18,414.53,Delivered,2,2
13611,2026-06-10,C00119,Córdoba,SMB,Sales rep,Tech,27in monitor,7,261.56,1830.92,1059.44,Delivered,3,4
13612,2026-06-10,C03298,Córdoba,Consumer,Marketplace,Cleaning,Paper towels x12,7,21.61,151.27,82.46,Delivered,2,2
13613,2026-06-10,C00038,Cuyo,Consumer,Sales rep,Office,Toner cartridge,5,66.36,331.8,221.2,Delivered,3,1
13614,2026-06-10,C01507,Cuyo,SMB,Marketplace,Office,Paper A4 box,3,17.08,51.24,35.24,Delivered,3,1
13615,2026-06-10,C00014,Cuyo,SMB,Sales rep,Cleaning,Disinfectant 5L,2,14.08,28.16,20.83,Delivered,3,1
13616,2026-06-10,C01244,NOA,SMB,Website,Cleaning,Disinfectant 5L,6,16.03,96.18,54.2,Delivered,2,4
13617,2026-06-10,C01106,Buenos Aires,Consumer,Website,Office,Toner cartridge,2,59.58,119.16,72.41,Delivered,3,3
13618,2026-06-10,C00005,Cuyo,SMB,Sales rep,Tech,Wireless mouse,4,22.15,88.6,53.5,Delivered,5,6
13619,2026-06-10,C03201,Buenos Aires,SMB,Website,Office,Toner cartridge,2,60.02,120.04,84.05,Delivered,2,1
13620,2026-06-10,C00082,NOA,SMB,Marketplace,Tech,USB-C dock,6,124.07,744.42,429.73,Delivered,3,2
13621,2026-06-10,C01125,Cuyo,Consumer,Marketplace,Tech,27in monitor,7,253.83,1776.81,978.31,Delivered,5,4
13622,2026-06-10,C00050,NOA,Consumer,Website,Office,Paper A4 box,4,19.39,77.56,46.41,Delivered,3,3
13623,2026-06-10,C00995,Cuyo,SMB,Marketplace,Office,Paper A4 box,5,18.25,91.25,55.99,Delivered,2,2
13624,2026-06-10,C00075,Cuyo,SMB,Website,Office,Ergonomic chair,2,206.65,413.3,277.13,Delivered,5,6
13625,2026-06-10,C00003,Córdoba,Consumer,Sales rep,Office,Ergonomic chair,6,223.75,1342.5,875.16,Delivered,2,1
13626,2026-06-10,C00002,Buenos Aires,SMB,Sales rep,Cleaning,Paper towels x12,2,22.63,45.26,23.92,Delivered,2,2
13627,2026-06-10,C00024,Buenos Aires,SMB,Marketplace,Cleaning,Paper towels x12,1,22.67,22.67,13.82,Delivered,5,3
13628,2026-06-10,C00126,Córdoba,Consumer,Website,Office,Ergonomic chair,1,213.75,213.75,131.06,Delivered,3,3
13629,2026-06-11,C00427,Cuyo,SMB,Sales rep,Cleaning,Paper towels x12,7,21.42,149.94,87.93,Delivered,3,2
13630,2026-06-11,C00020,Buenos Aires,SMB,Marketplace,Cleaning,Paper towels x12,2,20.11,40.22,27.81,Delivered,5,6
13631,2026-06-11,C01873,Cuyo,Consumer,Marketplace,Tech,USB-C dock,2,115.56,231.12,154.82,Delivered,3,4
13632,2026-06-11,C00873,Córdoba,SMB,Website,Office,Toner cartridge,5,66.63,333.15,208.86,Delivered,2,2
13633,2026-06-11,C00282,NOA,Consumer,Website,Tech,27in monitor,1,239.02,239.02,162.03,Delivered,3,4
13634,2026-06-11,C00312,Buenos Aires,SMB,Sales rep,Office,Toner cartridge,2,64.96,129.92,75.06,Delivered,5,5
13635,2026-06-11,C00067,Cuyo,Consumer,Sales rep,Cleaning,Disinfectant 5L,6,14.62,87.72,50.55,Delivered,3,6
13636,2026-06-11,C00055,Patagonia,SMB,Marketplace,Cleaning,Disinfectant 5L,5,14.88,74.4,48.24,Delivered,3,5
13637,2026-06-11,C00003,Córdoba,Consumer,Website,Cleaning,Disinfectant 5L,4,15.66,62.64,39.69,Delivered,3,4
13638,2026-06-11,C01295,Buenos Aires,SMB,Website,Cleaning,Paper towels x12,3,20.66,61.98,43.78,Delivered,2,1
13639,2026-06-11,C00144,Patagonia,Consumer,Sales rep,Cleaning,Disinfectant 5L,6,15.96,95.76,50.51,Delivered,5,5
13640,2026-06-11,C00002,Buenos Aires,SMB,Marketplace,Tech,27in monitor,1,232.35,232.35,167.79,Delivered,2,1
13641,2026-06-11,C00018,Buenos Aires,SMB,Website,Cleaning,Paper towels x12,4,20.41,81.64,50.61,Delivered,2,1
13642,2026-06-11,C00061,Cuyo,Consumer,Sales rep,Cleaning,Paper towels x12,2,21.08,42.16,23.45,Cancelled,2,1
13643,2026-06-11,C00074,Cuyo,SMB,Sales rep,Tech,27in monitor,6,226.11,1356.66,976.25,Delivered,2,2
13644,2026-06-11,C00019,Patagonia,Consumer,Website,Tech,USB-C dock,3,120.8,362.4,251.83,Delivered,5,2
13645,2026-06-11,C00038,Cuyo,Consumer,Website,Office,Ergonomic chair,1,197.97,197.97,146.28,Delivered,5,5
13646,2026-06-11,C00005,Cuyo,SMB,Website,Cleaning,Disinfectant 5L,7,13.87,97.09,60.49,Delivered,3,2
13647,2026-06-11,C00467,Buenos Aires,Consumer,Marketplace,Cleaning,Paper towels x12,6,20.9,125.4,75.36,Delivered,5,4
13648,2026-06-11,C00001,Cuyo,SMB,Marketplace,Office,Ergonomic chair,5,203.89,1019.45,647.14,Delivered,5,2
13649,2026-06-11,C01616,Cuyo,Enterprise,Website,Cleaning,Disinfectant 5L,4,15.75,63.0,36.45,Delivered,3,3
13650,2026-06-11,C00018,Buenos Aires,SMB,Website,Cleaning,Disinfectant 5L,4,15.56,62.24,35.84,Cancelled,3,2
13651,2026-06-11,C00131,NOA,Consumer,Website,Office,Ergonomic chair,5,221.02,1105.1,678.99,Delivered,2,1
13652,2026-06-11,C00301,Cuyo,Consumer,Website,Tech,27in monitor,2,249.14,498.28,313.09,Delivered,3,2
13653,2026-06-11,C00006,NOA,Enterprise,Website,Office,Paper A4 box,4,18.78,75.12,49.56,Delivered,2,1
13654,2026-06-11,C01129,Cuyo,SMB,Website,Office,Ergonomic chair,3,223.3,669.9,372.95,Delivered,5,6
13655,2026-06-11,C00001,Cuyo,SMB,Marketplace,Cleaning,Paper towels x12,5,20.29,101.45,66.04,Delivered,2,1
13656,2026-06-11,C00041,Cuyo,Consumer,Website,Tech,27in monitor,5,242.49,1212.45,734.69,Delivered,2,1
13657,2026-06-11,C00664,Buenos Aires,Consumer,Website,Tech,USB-C dock,5,118.03,590.15,370.04,Delivered,2,3
13658,2026-06-12,C00786,Córdoba,SMB,Website,Office,Paper A4 box,5,17.22,86.1,55.4,Delivered,2,3
13659,2026-06-12,C00136,NOA,SMB,Marketplace,Office,Paper A4 box,2,17.57,35.14,21.89,Delivered,2,2
13660,2026-06-12,C01765,Cuyo,SMB,Website,Cleaning,Disinfectant 5L,6,13.91,83.46,51.5,Delivered,3,3
13661,2026-06-12,C00790,Cuyo,Consumer,Sales rep,Tech,Wireless mouse,6,23.59,141.54,86.48,Delivered,5,5
13662,2026-06-12,C00099,Cuyo,Enterprise,Website,Office,Paper A4 box,5,18.87,94.35,59.71,Delivered,5,6
13663,2026-06-12,C02161,Patagonia,Consumer,Marketplace,Tech,27in monitor,3,239.74,719.22,431.22,Delivered,5,3
13664,2026-06-12,C00007,Cuyo,SMB,Website,Office,Ergonomic chair,1,222.34,222.34,120.38,Delivered,2,1
13665,2026-06-12,C00001,Cuyo,SMB,Website,Cleaning,Disinfectant 5L,2,16.11,32.22,16.95,Delivered,3,2
13666,2026-06-12,C00021,NOA,SMB,Website,Office,Paper A4 box,6,18.6,111.6,65.8,Delivered,2,1
13667,2026-06-12,C00417,Buenos Aires,Consumer,Marketplace,Tech,Wireless mouse,6,21.97,131.82,83.95,Delivered,2,1
13668,2026-06-12,C00040,Cuyo,Consumer,Sales rep,Office,Toner cartridge,6,62.87,377.22,264.3,Delivered,2,1
13669,2026-06-12,C00009,NOA,Consumer,Website,Office,Paper A4 box,6,17.91,107.46,72.08,Delivered,3,2
13670,2026-06-12,C00002,Buenos Aires,SMB,Website,Office,Toner cartridge,6,61.77,370.62,264.56,Delivered,3,1
13671,2026-06-12,C00007,Cuyo,SMB,Marketplace,Tech,Wireless mouse,5,23.13,115.65,66.49,Returned,5,4
13672,2026-06-12,C00074,Cuyo,SMB,Website,Tech,Wireless mouse,5,23.02,115.1,61.14,Delivered,3,3
13673,2026-06-12,C00262,NOA,SMB,Sales rep,Tech,Wireless mouse,6,21.09,126.54,87.94,Delivered,3,2
13674,2026-06-12,C00049,Cuyo,SMB,Website,Office,Ergonomic chair,6,225.59,1353.54,779.97,Delivered,5,3
13675,2026-06-12,C01958,Patagonia,Enterprise,Website,Cleaning,Paper towels x12,2,22.03,44.06,24.15,Delivered,2,2
13676,2026-06-12,C00013,Córdoba,Enterprise,Website,Cleaning,Disinfectant 5L,5,15.98,79.9,44.89,Delivered,5,4
13677,2026-06-12,C00032,Cuyo,SMB,Marketplace,Tech,USB-C dock,7,126.92,888.44,493.51,Delivered,3,3
13678,2026-06-12,C00005,Cuyo,SMB,Sales rep,Cleaning,Disinfectant 5L,5,15.56,77.8,44.45,Delivered,5,3
13679,2026-06-12,C00001,Cuyo,SMB,Website,Tech,Wireless mouse,3,23.04,69.12,36.47,Delivered,2,1
13680,2026-06-12,C00502,Buenos Aires,Enterprise,Marketplace,Cleaning,Disinfectant 5L,2,15.78,31.56,20.13,Delivered,5,4
13681,2026-06-13,C01989,Buenos Aires,SMB,Marketplace,Office,Ergonomic chair,5,222.35,1111.75,603.61,Delivered,2,1
13682,2026-06-13,C00634,Buenos Aires,Enterprise,Marketplace,Tech,27in monitor,3,236.09,708.27,484.93,Delivered,3,2
13683,2026-06-13,C00061,Cuyo,Consumer,Sales rep,Tech,USB-C dock,4,112.1,448.4,299.06,Delivered,3,4
13684,2026-06-13,C00630,Buenos Aires,Consumer,Website,Tech,Wireless mouse,7,23.69,165.83,92.38,Delivered,3,1
13685,2026-06-13,C01987,Cuyo,SMB,Marketplace,Tech,USB-C dock,6,110.44,662.64,433.14,Delivered,2,2
13686,2026-06-13,C00085,Buenos Aires,Enterprise,Marketplace,Cleaning,Paper towels x12,4,19.98,79.92,54.22,Delivered,5,4
13687,2026-06-13,C00827,Buenos Aires,SMB,Website,Cleaning,Paper towels x12,5,22.32,111.6,61.46,Delivered,5,5
13688,2026-06-13,C00005,Cuyo,SMB,Website,Office,Toner cartridge,6,66.28,397.68,215.68,Delivered,3,2
13689,2026-06-13,C00001,Cuyo,SMB,Website,Cleaning,Disinfectant 5L,2,14.1,28.2,17.59,Delivered,5,5
13690,2026-06-13,C00011,Buenos Aires,Enterprise,Marketplace,Cleaning,Disinfectant 5L,7,16.08,112.56,67.74,Delivered,2,2
13691,2026-06-13,C03861,Cuyo,Consumer,Marketplace,Tech,27in monitor,5,259.22,1296.1,771.99,Delivered,5,6
13692,2026-06-14,C00253,NOA,SMB,Website,Office,Paper A4 box,7,17.02,119.14,79.02,Delivered,2,1
13693,2026-06-14,C00078,Patagonia,Enterprise,Website,Tech,27in monitor,7,230.98,1616.86,1010.46,Delivered,2,1
13694,2026-06-14,C01498,NOA,SMB,Website,Tech,USB-C dock,1,111.81,111.81,70.21,Delivered,2,2
13695,2026-06-14,C00005,Cuyo,SMB,Marketplace,Office,Paper A4 box,5,18.21,91.05,58.15,Delivered,2,3
13696,2026-06-14,C00017,Córdoba,Enterprise,Website,Cleaning,Paper towels x12,2,21.44,42.88,24.52,Delivered,5,3
13697,2026-06-14,C01275,Cuyo,Consumer,Sales rep,Tech,USB-C dock,5,114.59,572.95,344.26,Delivered,2,2
13698,2026-06-14,C00008,Cuyo,SMB,Sales rep,Tech,Wireless mouse,2,22.48,44.96,25.18,Delivered,3,1
13699,2026-06-14,C02098,Córdoba,Enterprise,Website,Tech,27in monitor,2,252.82,505.64,328.59,Delivered,2,1
13700,2026-06-14,C00001,Cuyo,SMB,Website,Tech,USB-C dock,6,125.64,753.84,442.66,Delivered,3,2
13701,2026-06-14,C00010,Córdoba,SMB,Sales rep,Office,Toner cartridge,5,60.02,300.1,203.55,Delivered,5,4
13702,2026-06-14,C00010,Córdoba,SMB,Marketplace,Tech,Wireless mouse,4,22.05,88.2,59.27,Delivered,5,3
13703,2026-06-14,C00029,Patagonia,Consumer,Website,Tech,27in monitor,4,254.84,1019.36,564.06,Delivered,3,2
13704,2026-06-14,C00001,Cuyo,SMB,Website,Office,Ergonomic chair,5,223.19,1115.95,693.61,Delivered,3,3
13705,2026-06-15,C01970,Buenos Aires,Consumer,Marketplace,Cleaning,Paper towels x12,2,22.64,45.28,23.24,Delivered,3,3
13706,2026-06-15,C00969,Buenos Aires,SMB,Sales rep,Tech,Wireless mouse,5,20.49,102.45,67.1,Delivered,3,1
13707,2026-06-15,C00051,Buenos Aires,SMB,Sales rep,Tech,Wireless mouse,6,20.27,121.62,89.12,Delivered,3,1
13708,2026-06-15,C00004,Cuyo,Consumer,Website,Tech,USB-C dock,6,126.05,756.3,486.97,Delivered,3,2
13709,2026-06-15,C00002,Buenos Aires,SMB,Website,Office,Ergonomic chair,7,221.33,1549.31,863.66,Delivered,2,2
13710,2026-06-15,C00041,Cuyo,Consumer,Sales rep,Tech,27in monitor,7,253.46,1774.22,1152.91,Delivered,2,1
13711,2026-06-15,C00054,Cuyo,Consumer,Website,Office,Paper A4 box,5,17.9,89.5,60.0,Delivered,3,2
13712,2026-06-15,C02976,Buenos Aires,SMB,Website,Cleaning,Disinfectant 5L,6,15.21,91.26,58.4,Delivered,5,1
13713,2026-06-15,C00076,Córdoba,SMB,Marketplace,Cleaning,Paper towels x12,2,20.28,40.56,29.17,Delivered,5,5
13714,2026-06-15,C00038,Cuyo,Consumer,Marketplace,Tech,Wireless mouse,3,22.25,66.75,38.26,Delivered,3,2
13715,2026-06-15,C00037,Córdoba,Enterprise,Marketplace,Office,Paper A4 box,4,17.9,71.6,43.29,Delivered,5,5
13716,2026-06-15,C00006,NOA,Enterprise,Website,Office,Paper A4 box,3,18.37,55.11,35.74,Delivered,5,4
13717,2026-06-15,C00002,Buenos Aires,SMB,Marketplace,Cleaning,Disinfectant 5L,3,15.95,47.85,30.53,Delivered,5,4
13718,2026-06-15,C01178,Buenos Aires,Enterprise,Marketplace,Cleaning,Paper towels x12,6,21.33,127.98,73.28,Delivered,5,5
13719,2026-06-15,C00009,NOA,Consumer,Website,Cleaning,Disinfectant 5L,5,15.87,79.35,50.42,Delivered,2,1
13720,2026-06-15,C03143,Cuyo,Consumer,Website,Office,Paper A4 box,1,18.15,18.15,10.54,Delivered,2,2
13721,2026-06-15,C01306,Cuyo,Consumer,Sales rep,Office,Toner cartridge,3,60.67,182.01,124.48,Delivered,3,2
13722,2026-06-16,C02964,Buenos Aires,SMB,Website,Cleaning,Paper towels x12,1,21.76,21.76,13.82,Delivered,5,4
13723,2026-06-16,C00047,Buenos Aires,SMB,Sales rep,Office,Ergonomic chair,5,212.15,1060.75,601.65,Delivered,2,2
13724,2026-06-16,C02818,Córdoba,SMB,Marketplace,Cleaning,Disinfectant 5L,4,15.19,60.76,40.0,Delivered,3,3
13725,2026-06-16,C02218,Córdoba,Consumer,Marketplace,Office,Ergonomic chair,7,222.91,1560.37,863.24,Delivered,3,2
13726,2026-06-16,C00032,Cuyo,SMB,Marketplace,Tech,USB-C dock,2,126.74,253.48,157.66,Delivered,5,3
13727,2026-06-16,C00221,NOA,Consumer,Website,Tech,27in monitor,6,244.59,1467.54,993.62,Delivered,3,3
13728,2026-06-16,C01830,NOA,SMB,Website,Tech,USB-C dock,2,111.7,223.4,142.81,Delivered,5,3
13729,2026-06-16,C00016,Córdoba,Consumer,Website,Office,Toner cartridge,7,60.59,424.13,300.37,Delivered,5,3
13730,2026-06-16,C00055,Patagonia,SMB,Sales rep,Office,Paper A4 box,1,17.91,17.91,10.84,Delivered,5,5
13731,2026-06-16,C00029,Patagonia,Consumer,Marketplace,Office,Ergonomic chair,3,216.38,649.14,436.15,Delivered,3,4
13732,2026-06-16,C00064,Cuyo,SMB,Marketplace,Cleaning,Disinfectant 5L,1,16.18,16.18,8.89,Delivered,2,1
13733,2026-06-16,C00029,Patagonia,Consumer,Sales rep,Cleaning,Disinfectant 5L,7,15.05,105.35,70.05,Delivered,2,4
13734,2026-06-16,C01161,Patagonia,SMB,Website,Tech,27in monitor,3,227.41,682.23,493.37,Delivered,2,1
13735,2026-06-16,C00085,Buenos Aires,Enterprise,Marketplace,Tech,USB-C dock,5,122.58,612.9,410.86,Delivered,3,4
13736,2026-06-16,C01855,Buenos Aires,Consumer,Marketplace,Tech,USB-C dock,4,111.06,444.24,327.4,Delivered,5,1
13737,2026-06-16,C00002,Buenos Aires,SMB,Marketplace,Tech,Wireless mouse,4,21.12,84.48,53.16,Delivered,5,3
13738,2026-06-16,C00610,Buenos Aires,Consumer,Website,Office,Ergonomic chair,4,220.46,881.84,531.12,Returned,2,2
13739,2026-06-16,C00867,Patagonia,SMB,Website,Office,Ergonomic chair,5,198.84,994.2,714.88,Delivered,2,1
13740,2026-06-16,C00661,Cuyo,Consumer,Website,Tech,Wireless mouse,1,23.57,23.57,12.75,Delivered,3,4
13741,2026-06-16,C01682,Cuyo,Enterprise,Marketplace,Office,Toner cartridge,4,60.04,240.16,150.63,Delivered,2,1
13742,2026-06-16,C00090,Buenos Aires,Enterprise,Website,Office,Toner cartridge,7,61.45,430.15,262.44,Delivered,3,1
13743,2026-06-16,C00152,Buenos Aires,SMB,Website,Tech,USB-C dock,2,112.7,225.4,151.12,Delivered,3,1
13744,2026-06-16,C00009,NOA,Consumer,Marketplace,Office,Paper A4 box,7,19.37,135.59,86.36,Delivered,3,2
13745,2026-06-16,C00001,Cuyo,SMB,Marketplace,Cleaning,Paper towels x12,1,19.47,19.47,12.54,Delivered,3,4
13746,2026-06-16,C00002,Buenos Aires,SMB,Marketplace,Tech,Wireless mouse,6,23.15,138.9,74.22,Delivered,2,2
13747,2026-06-16,C00335,Buenos Aires,SMB,Website,Tech,USB-C dock,1,123.39,123.39,80.61,Delivered,5,5
13748,2026-06-16,C00005,Cuyo,SMB,Website,Cleaning,Paper towels x12,7,21.75,152.25,98.3,Delivered,2,1
13749,2026-06-17,C00122,Cuyo,Enterprise,Website,Tech,USB-C dock,5,115.07,575.35,398.91,Delivered,2,1
13750,2026-06-17,C00001,Cuyo,SMB,Website,Office,Toner cartridge,7,67.16,470.12,268.17,Delivered,3,3
13751,2026-06-17,C02015,Cuyo,Consumer,Website,Office,Toner cartridge,1,65.85,65.85,36.83,Delivered,5,6
13752,2026-06-17,C01318,Córdoba,SMB,Website,Cleaning,Disinfectant 5L,3,15.51,46.53,25.84,Delivered,5,6
13753,2026-06-17,C00575,Cuyo,Consumer,Website,Tech,Wireless mouse,5,21.75,108.75,68.43,Returned,3,3
13754,2026-06-17,C00019,Patagonia,Consumer,Marketplace,Cleaning,Disinfectant 5L,3,16.14,48.42,31.39,Delivered,2,3
13755,2026-06-17,C00004,Cuyo,Consumer,Website,Office,Ergonomic chair,5,204.18,1020.9,643.36,Delivered,5,4
13756,2026-06-17,C00002,Buenos Aires,SMB,Website,Cleaning,Disinfectant 5L,3,14.76,44.28,26.63,Cancelled,3,3
13757,2026-06-17,C00669,Cuyo,SMB,Website,Cleaning,Disinfectant 5L,6,13.85,83.1,56.26,Delivered,2,2
13758,2026-06-17,C00114,Patagonia,Enterprise,Website,Cleaning,Disinfectant 5L,5,15.27,76.35,52.39,Delivered,3,3
13759,2026-06-17,C00005,Cuyo,SMB,Marketplace,Cleaning,Disinfectant 5L,5,15.06,75.3,47.55,Delivered,2,5
13760,2026-06-17,C00547,Patagonia,SMB,Marketplace,Tech,USB-C dock,7,111.08,777.56,532.37,Delivered,5,4
13761,2026-06-17,C00036,Cuyo,Consumer,Marketplace,Tech,Wireless mouse,4,21.24,84.96,54.93,Delivered,2,2
13762,2026-06-17,C00008,Cuyo,SMB,Marketplace,Cleaning,Disinfectant 5L,1,15.52,15.52,9.72,Delivered,3,4
13763,2026-06-17,C02093,Córdoba,SMB,Website,Office,Ergonomic chair,7,203.2,1422.4,870.93,Delivered,2,1
13764,2026-06-17,C03243,Buenos Aires,Consumer,Website,Cleaning,Disinfectant 5L,4,15.22,60.88,38.01,Delivered,5,5
13765,2026-06-17,C00003,Córdoba,Consumer,Website,Tech,Wireless mouse,2,20.93,41.86,24.94,Delivered,2,1
13766,2026-06-17,C03234,Buenos Aires,SMB,Website,Cleaning,Disinfectant 5L,3,15.74,47.22,28.2,Delivered,5,4
13767,2026-06-17,C00009,NOA,Consumer,Website,Tech,USB-C dock,5,115.85,579.25,404.56,Delivered,5,2
13768,2026-06-17,C02947,Córdoba,Consumer,Website,Cleaning,Disinfectant 5L,3,14.43,43.29,31.34,Delivered,2,1
13769,2026-06-17,C00013,Córdoba,Enterprise,Website,Office,Paper A4 box,3,18.4,55.2,30.2,Delivered,3,1
13770,2026-06-17,C00135,NOA,SMB,Marketplace,Office,Ergonomic chair,2,223.7,447.4,265.09,Delivered,5,4
13771,2026-06-17,C00126,Córdoba,Consumer,Marketplace,Tech,Wireless mouse,4,21.79,87.16,54.49,Delivered,3,3
13772,2026-06-17,C00006,NOA,Enterprise,Sales rep,Office,Ergonomic chair,6,218.57,1311.42,827.93,Delivered,3,1
13773,2026-06-17,C00002,Buenos Aires,SMB,Marketplace,Tech,USB-C dock,3,116.18,348.54,210.3,Delivered,5,5
13774,2026-06-17,C01135,Córdoba,Consumer,Website,Tech,USB-C dock,4,111.26,445.04,279.88,Delivered,2,2
13775,2026-06-17,C00041,Cuyo,Consumer,Marketplace,Tech,27in monitor,1,238.14,238.14,136.16,Delivered,5,4
13776,2026-06-17,C01331,Cuyo,SMB,Website,Office,Paper A4 box,3,17.13,51.39,34.12,Delivered,3,2
13777,2026-06-18,C00002,Buenos Aires,SMB,Website,Office,Toner cartridge,5,60.6,303.0,182.75,Delivered,2,2
13778,2026-06-18,C00029,Patagonia,Consumer,Website,Office,Toner cartridge,6,68.39,410.34,221.1,Delivered,3,4
13779,2026-06-18,C00004,Cuyo,Consumer,Website,Office,Paper A4 box,7,18.71,130.97,71.82,Delivered,5,5
13780,2026-06-18,C00056,Buenos Aires,Consumer,Marketplace,Office,Ergonomic chair,1,221.79,221.79,123.85,Delivered,5,2
13781,2026-06-18,C00001,Cuyo,SMB,Marketplace,Office,Paper A4 box,6,18.45,110.7,65.93,Delivered,2,1
13782,2026-06-18,C00030,Cuyo,Consumer,Website,Cleaning,Disinfectant 5L,5,15.18,75.9,43.64,Returned,5,5
13783,2026-06-18,C00007,Cuyo,SMB,Marketplace,Office,Toner cartridge,5,67.55,337.75,204.17,Delivered,5,4
13784,2026-06-18,C00237,Cuyo,Consumer,Marketplace,Cleaning,Paper towels x12,7,20.56,143.92,86.07,Delivered,2,1
13785,2026-06-18,C00002,Buenos Aires,SMB,Website,Office,Paper A4 box,1,17.31,17.31,10.39,Delivered,3,2
13786,2026-06-18,C00011,Buenos Aires,Enterprise,Website,Office,Ergonomic chair,6,217.41,1304.46,808.82,Delivered,5,4
13787,2026-06-18,C03084,Córdoba,SMB,Marketplace,Office,Paper A4 box,4,18.27,73.08,39.94,Returned,2,2
13788,2026-06-18,C00010,Córdoba,SMB,Marketplace,Office,Toner cartridge,3,66.27,198.81,113.64,Delivered,2,4
13789,2026-06-18,C00017,Córdoba,Enterprise,Website,Office,Toner cartridge,4,67.0,268.0,142.92,Delivered,3,3
13790,2026-06-18,C00233,Buenos Aires,Consumer,Website,Tech,Wireless mouse,7,21.42,149.94,94.81,Delivered,5,4
13791,2026-06-18,C00067,Cuyo,Consumer,Website,Tech,USB-C dock,2,121.17,242.34,155.79,Delivered,5,6
13792,2026-06-18,C01270,Buenos Aires,Consumer,Website,Tech,USB-C dock,1,110.88,110.88,81.23,Delivered,2,1
13793,2026-06-18,C00015,Cuyo,Consumer,Website,Cleaning,Disinfectant 5L,4,13.98,55.92,37.51,Delivered,5,6
13794,2026-06-18,C00538,NOA,SMB,Website,Cleaning,Paper towels x12,1,21.35,21.35,13.84,Delivered,2,1
13795,2026-06-18,C00351,Buenos Aires,SMB,Website,Office,Paper A4 box,1,17.18,17.18,10.59,Delivered,5,5
13796,2026-06-18,C01624,Buenos Aires,SMB,Sales rep,Tech,27in monitor,4,234.84,939.36,633.21,Cancelled,3,1
13797,2026-06-18,C01719,Córdoba,SMB,Marketplace,Cleaning,Paper towels x12,2,22.23,44.46,27.84,Delivered,5,7
13798,2026-06-19,C02046,Cuyo,SMB,Website,Tech,USB-C dock,1,127.03,127.03,69.7,Delivered,5,4
13799,2026-06-19,C00012,Buenos Aires,Consumer,Sales rep,Office,Ergonomic chair,1,220.68,220.68,126.47,Delivered,3,1
13800,2026-06-19,C00012,Buenos Aires,Consumer,Website,Tech,Wireless mouse,5,20.67,103.35,67.29,Delivered,5,2
13801,2026-06-19,C00003,Córdoba,Consumer,Website,Tech,Wireless mouse,6,23.22,139.32,75.7,Delivered,5,4
13802,2026-06-19,C00002,Buenos Aires,SMB,Website,Office,Toner cartridge,1,62.85,62.85,38.94,Delivered,3,2
13803,2026-06-19,C00060,Cuyo,Consumer,Website,Office,Ergonomic chair,2,209.69,419.38,276.65,Delivered,2,2
13804,2026-06-19,C00628,Córdoba,SMB,Sales rep,Tech,27in monitor,2,246.9,493.8,311.34,Delivered,3,3
13805,2026-06-19,C00096,Córdoba,Consumer,Marketplace,Office,Toner cartridge,2,60.29,120.58,79.34,Delivered,3,3
13806,2026-06-19,C00285,Cuyo,Enterprise,Marketplace,Tech,Wireless mouse,5,21.44,107.2,64.58,Delivered,5,5
13807,2026-06-19,C00825,Córdoba,Consumer,Sales rep,Office,Ergonomic chair,3,220.64,661.92,393.47,Delivered,2,1
13808,2026-06-19,C00002,Buenos Aires,SMB,Sales rep,Cleaning,Disinfectant 5L,7,15.21,106.47,66.82,Returned,3,1
13809,2026-06-19,C00004,Cuyo,Consumer,Website,Tech,USB-C dock,5,127.16,635.8,344.15,Delivered,5,4
13810,2026-06-19,C00019,Patagonia,Consumer,Website,Tech,Wireless mouse,7,20.77,145.39,98.61,Delivered,5,4
13811,2026-06-19,C00948,Córdoba,Enterprise,Website,Office,Toner cartridge,1,68.5,68.5,37.84,Delivered,3,4
13812,2026-06-19,C00001,Cuyo,SMB,Marketplace,Cleaning,Paper towels x12,3,20.38,61.14,39.64,Delivered,2,1
13813,2026-06-19,C00002,Buenos Aires,SMB,Sales rep,Tech,27in monitor,6,248.49,1490.94,934.33,Delivered,3,4
13814,2026-06-19,C00005,Cuyo,SMB,Sales rep,Tech,27in monitor,6,232.08,1392.48,887.78,Delivered,2,1
13815,2026-06-19,C03002,Cuyo,Consumer,Sales rep,Office,Toner cartridge,1,65.45,65.45,40.74,Delivered,2,3
13816,2026-06-19,C00078,Patagonia,Enterprise,Website,Cleaning,Disinfectant 5L,2,15.06,30.12,17.0,Delivered,3,3
13817,2026-06-19,C01830,NOA,SMB,Website,Tech,27in monitor,5,249.8,1249.0,721.74,Returned,2,1
13818,2026-06-19,C00108,Cuyo,SMB,Website,Office,Toner cartridge,1,65.83,65.83,38.2,Delivered,3,4
13819,2026-06-19,C00011,Buenos Aires,Enterprise,Website,Cleaning,Paper towels x12,6,20.6,123.6,76.84,Delivered,5,4
13820,2026-06-20,C00002,Buenos Aires,SMB,Website,Tech,USB-C dock,1,127.68,127.68,66.87,Delivered,3,3
13821,2026-06-20,C02877,Patagonia,Consumer,Website,Tech,27in monitor,2,249.03,498.06,272.78,Delivered,5,1
13822,2026-06-20,C00024,Buenos Aires,SMB,Sales rep,Tech,27in monitor,1,253.82,253.82,150.45,Delivered,2,1
13823,2026-06-20,C00005,Cuyo,SMB,Website,Cleaning,Disinfectant 5L,3,14.33,42.99,30.47,Cancelled,2,2
13824,2026-06-20,C02104,Córdoba,SMB,Marketplace,Tech,27in monitor,1,225.69,225.69,138.9,Returned,3,2
13825,2026-06-20,C00155,Córdoba,Enterprise,Website,Office,Ergonomic chair,7,225.42,1577.94,963.39,Delivered,2,3
13826,2026-06-20,C00239,Buenos Aires,Consumer,Marketplace,Tech,Wireless mouse,3,20.85,62.55,37.21,Cancelled,2,2
13827,2026-06-20,C00004,Cuyo,Consumer,Website,Office,Toner cartridge,6,64.8,388.8,258.74,Delivered,5,3
13828,2026-06-20,C01373,Cuyo,Consumer,Website,Office,Paper A4 box,4,18.61,74.44,43.73,Delivered,5,5
13829,2026-06-20,C00274,Buenos Aires,SMB,Sales rep,Tech,USB-C dock,6,125.79,754.74,460.82,Delivered,5,6
13830,2026-06-20,C00001,Cuyo,SMB,Sales rep,Office,Ergonomic chair,2,214.19,428.38,289.24,Delivered,5,4
13831,2026-06-21,C00135,NOA,SMB,Marketplace,Office,Paper A4 box,7,17.43,122.01,86.29,Delivered,3,1
13832,2026-06-21,C01679,Cuyo,Enterprise,Website,Tech,USB-C dock,5,117.06,585.3,353.94,Delivered,5,5
13833,2026-06-21,C00047,Buenos Aires,SMB,Website,Tech,USB-C dock,3,113.37,340.11,245.84,Delivered,3,2
13834,2026-06-21,C01762,Buenos Aires,Enterprise,Sales rep,Tech,Wireless mouse,2,20.45,40.9,29.56,Delivered,3,3
13835,2026-06-21,C00270,Buenos Aires,Consumer,Marketplace,Office,Paper A4 box,4,17.72,70.88,44.34,Delivered,3,1
13836,2026-06-21,C00017,Córdoba,Enterprise,Marketplace,Office,Ergonomic chair,3,202.87,608.61,425.59,Delivered,3,1
13837,2026-06-21,C00001,Cuyo,SMB,Website,Tech,27in monitor,3,235.93,707.79,493.14,Delivered,5,4
13838,2026-06-21,C01211,Cuyo,SMB,Website,Office,Toner cartridge,2,59.53,119.06,70.99,Delivered,3,3
13839,2026-06-21,C00563,NOA,Consumer,Marketplace,Cleaning,Disinfectant 5L,4,15.48,61.92,38.74,Returned,3,2
13840,2026-06-21,C00018,Buenos Aires,SMB,Marketplace,Office,Ergonomic chair,1,204.58,204.58,132.0,Delivered,5,4
13841,2026-06-21,C00025,Buenos Aires,SMB,Marketplace,Office,Ergonomic chair,2,194.29,388.58,263.41,Delivered,3,1
13842,2026-06-22,C02469,Cuyo,SMB,Website,Office,Paper A4 box,7,18.65,130.55,81.86,Delivered,5,4
13843,2026-06-22,C00319,Buenos Aires,SMB,Website,Tech,27in monitor,2,263.5,527.0,333.46,Delivered,5,4
13844,2026-06-22,C02758,Cuyo,SMB,Marketplace,Cleaning,Paper towels x12,3,21.01,63.03,41.28,Returned,3,1
13845,2026-06-22,C03349,NOA,Enterprise,Sales rep,Cleaning,Paper towels x12,5,21.57,107.85,66.38,Delivered,2,1
13846,2026-06-22,C00001,Cuyo,SMB,Marketplace,Tech,27in monitor,5,229.26,1146.3,690.15,Delivered,5,4
13847,2026-06-22,C00075,Cuyo,SMB,Sales rep,Tech,27in monitor,1,236.19,236.19,147.69,Delivered,3,1
13848,2026-06-22,C00490,Cuyo,SMB,Sales rep,Office,Paper A4 box,2,17.74,35.48,24.8,Delivered,2,1
13849,2026-06-22,C00318,Cuyo,SMB,Website,Tech,27in monitor,7,262.13,1834.91,1056.67,Delivered,3,1
13850,2026-06-22,C01165,Cuyo,Enterprise,Website,Tech,USB-C dock,2,119.53,239.06,165.55,Cancelled,2,1
13851,2026-06-22,C00174,Córdoba,Enterprise,Website,Cleaning,Disinfectant 5L,6,14.5,87.0,54.98,Delivered,3,3
13852,2026-06-22,C00018,Buenos Aires,SMB,Sales rep,Tech,Wireless mouse,3,23.44,70.32,40.68,Delivered,2,2
13853,2026-06-22,C00030,Cuyo,Consumer,Website,Office,Ergonomic chair,5,222.44,1112.2,702.1,Delivered,2,2
13854,2026-06-22,C00008,Cuyo,SMB,Website,Tech,27in monitor,2,244.38,488.76,321.86,Delivered,2,1
13855,2026-06-22,C00044,Buenos Aires,Consumer,Website,Tech,USB-C dock,1,128.69,128.69,68.08,Delivered,5,3
13856,2026-06-22,C00932,Patagonia,Enterprise,Website,Tech,USB-C dock,4,113.17,452.68,324.75,Delivered,2,2
13857,2026-06-22,C01583,Cuyo,SMB,Website,Tech,27in monitor,2,226.19,452.38,311.67,Delivered,2,1
13858,2026-06-22,C00010,Córdoba,SMB,Website,Tech,27in monitor,1,244.15,244.15,157.89,Delivered,5,6
13859,2026-06-22,C01532,Córdoba,Consumer,Sales rep,Tech,USB-C dock,3,115.38,346.14,208.72,Delivered,3,3
13860,2026-06-22,C00709,Córdoba,Enterprise,Sales rep,Cleaning,Paper towels x12,6,21.41,128.46,87.13,Delivered,2,1
13861,2026-06-22,C00463,NOA,Enterprise,Website,Office,Paper A4 box,3,18.3,54.9,33.54,Delivered,5,5
13862,2026-06-22,C00039,NOA,SMB,Marketplace,Tech,27in monitor,4,240.22,960.88,616.1,Delivered,2,1
13863,2026-06-22,C00041,Cuyo,Consumer,Website,Cleaning,Paper towels x12,1,22.09,22.09,12.3,Delivered,5,4
13864,2026-06-22,C00002,Buenos Aires,SMB,Marketplace,Office,Paper A4 box,6,18.81,112.86,64.89,Delivered,3,2
13865,2026-06-22,C00061,Cuyo,Consumer,Website,Office,Paper A4 box,2,18.88,37.76,23.78,Delivered,2,4
13866,2026-06-22,C03685,Buenos Aires,Consumer,Marketplace,Office,Ergonomic chair,4,225.82,903.28,573.85,Delivered,5,4
13867,2026-06-22,C01130,Cuyo,SMB,Website,Tech,USB-C dock,4,117.04,468.16,316.8,Returned,3,3
13868,2026-06-22,C00025,Buenos Aires,SMB,Website,Office,Toner cartridge,1,63.1,63.1,35.55,Delivered,5,5
13869,2026-06-22,C00094,Buenos Aires,SMB,Sales rep,Tech,27in monitor,6,226.27,1357.62,1027.45,Delivered,3,5
13870,2026-06-22,C00780,Córdoba,SMB,Website,Tech,USB-C dock,6,127.1,762.6,503.96,Delivered,5,5
13871,2026-06-22,C00104,Patagonia,Consumer,Website,Office,Paper A4 box,2,17.68,35.36,23.07,Delivered,2,2
13872,2026-06-22,C00002,Buenos Aires,SMB,Website,Tech,USB-C dock,3,121.06,363.18,206.48,Delivered,2,1
13873,2026-06-22,C03822,Buenos Aires,Consumer,Website,Office,Ergonomic chair,7,199.39,1395.73,927.14,Delivered,5,4
13874,2026-06-22,C01617,Córdoba,Consumer,Website,Tech,USB-C dock,3,116.15,348.45,217.63,Delivered,3,3
13875,2026-06-22,C00005,Cuyo,SMB,Marketplace,Office,Ergonomic chair,6,211.63,1269.78,789.38,Delivered,2,1
13876,2026-06-22,C00221,NOA,Consumer,Marketplace,Cleaning,Paper towels x12,5,19.79,98.95,68.07,Delivered,2,1
13877,2026-06-22,C00100,Córdoba,Enterprise,Sales rep,Office,Ergonomic chair,7,210.28,1471.96,990.1,Delivered,5,5
13878,2026-06-23,C00754,Cuyo,SMB,Website,Tech,Wireless mouse,6,20.37,122.22,85.59,Delivered,2,1
13879,2026-06-23,C00104,Patagonia,Consumer,Marketplace,Cleaning,Paper towels x12,5,20.74,103.7,64.33,Delivered,2,2
13880,2026-06-23,C00051,Buenos Aires,SMB,Website,Office,Toner cartridge,3,66.1,198.3,125.34,Delivered,5,4
13881,2026-06-23,C00006,NOA,Enterprise,Website,Tech,USB-C dock,7,118.34,828.38,476.6,Delivered,5,5
13882,2026-06-23,C00027,Cuyo,SMB,Website,Tech,Wireless mouse,4,21.49,85.96,60.49,Delivered,3,1
13883,2026-06-23,C00336,Córdoba,Consumer,Website,Cleaning,Disinfectant 5L,7,14.54,101.78,70.93,Delivered,5,5
13884,2026-06-23,C00030,Cuyo,Consumer,Website,Cleaning,Paper towels x12,2,21.32,42.64,25.1,Delivered,5,5
13885,2026-06-23,C00006,NOA,Enterprise,Sales rep,Cleaning,Disinfectant 5L,5,14.39,71.95,47.64,Delivered,3,1
13886,2026-06-23,C00228,Cuyo,SMB,Website,Office,Paper A4 box,3,17.45,52.35,35.68,Delivered,2,2
13887,2026-06-23,C00411,Buenos Aires,SMB,Marketplace,Tech,27in monitor,1,246.58,246.58,168.84,Delivered,2,1
13888,2026-06-23,C03986,Buenos Aires,Enterprise,Website,Office,Toner cartridge,6,63.67,382.02,254.78,Delivered,3,3
13889,2026-06-23,C00759,Córdoba,Consumer,Website,Tech,27in monitor,5,229.96,1149.8,809.27,Delivered,3,2
13890,2026-06-23,C00008,Cuyo,SMB,Website,Tech,USB-C dock,1,127.08,127.08,74.18,Delivered,3,3
13891,2026-06-23,C01081,NOA,Consumer,Website,Tech,USB-C dock,3,112.76,338.28,198.42,Delivered,3,4
13892,2026-06-23,C00071,Patagonia,Consumer,Website,Cleaning,Disinfectant 5L,3,14.76,44.28,26.72,Delivered,2,2
13893,2026-06-23,C00061,Cuyo,Consumer,Sales rep,Tech,Wireless mouse,6,22.45,134.7,89.15,Delivered,3,2
13894,2026-06-23,C00025,Buenos Aires,SMB,Sales rep,Office,Toner cartridge,3,67.18,201.54,108.22,Delivered,5,5
13895,2026-06-23,C00382,Cuyo,Enterprise,Sales rep,Cleaning,Paper towels x12,1,22.62,22.62,12.02,Delivered,5,5
13896,2026-06-23,C00173,Cuyo,SMB,Marketplace,Cleaning,Paper towels x12,2,20.01,40.02,28.78,Delivered,3,1
13897,2026-06-23,C00080,Buenos Aires,SMB,Website,Tech,Wireless mouse,7,21.11,147.77,103.73,Delivered,5,4
13898,2026-06-23,C00221,NOA,Consumer,Website,Tech,27in monitor,7,238.03,1666.21,1034.14,Delivered,5,6
13899,2026-06-24,C00003,Córdoba,Consumer,Website,Cleaning,Paper towels x12,4,19.66,78.64,58.27,Delivered,3,1
13900,2026-06-24,C00004,Cuyo,Consumer,Marketplace,Cleaning,Disinfectant 5L,6,15.9,95.4,56.18,Delivered,2,1
13901,2026-06-24,C03570,Buenos Aires,Consumer,Sales rep,Cleaning,Paper towels x12,7,21.08,147.56,102.27,Delivered,3,3
13902,2026-06-24,C00028,Patagonia,SMB,Website,Cleaning,Disinfectant 5L,3,14.43,43.29,30.22,Delivered,5,2
13903,2026-06-24,C00425,Buenos Aires,Consumer,Marketplace,Office,Paper A4 box,1,19.32,19.32,10.54,Delivered,5,4
13904,2026-06-24,C02476,Buenos Aires,Consumer,Website,Tech,Wireless mouse,5,23.04,115.2,73.85,Delivered,5,4
13905,2026-06-24,C01396,Buenos Aires,Consumer,Website,Office,Ergonomic chair,4,219.33,877.32,538.46,Delivered,3,5
13906,2026-06-24,C02756,Cuyo,SMB,Website,Cleaning,Disinfectant 5L,6,15.71,94.26,54.97,Delivered,5,6
13907,2026-06-24,C00001,Cuyo,SMB,Marketplace,Tech,Wireless mouse,6,21.24,127.44,90.06,Delivered,5,2
13908,2026-06-24,C01321,NOA,SMB,Marketplace,Tech,27in monitor,6,227.93,1367.58,962.07,Delivered,2,1
13909,2026-06-24,C00090,Buenos Aires,Enterprise,Sales rep,Office,Ergonomic chair,4,226.06,904.24,559.04,Delivered,5,3
13910,2026-06-24,C00039,NOA,SMB,Website,Office,Paper A4 box,4,17.91,71.64,48.32,Returned,3,1
13911,2026-06-24,C02917,NOA,Enterprise,Website,Tech,USB-C dock,5,113.19,565.95,354.96,Delivered,2,1
13912,2026-06-24,C00017,Córdoba,Enterprise,Website,Office,Toner cartridge,6,64.89,389.34,231.3,Delivered,5,2
13913,2026-06-24,C00600,Córdoba,SMB,Marketplace,Tech,USB-C dock,2,125.88,251.76,135.39,Returned,2,2
13914,2026-06-24,C00237,Cuyo,Consumer,Website,Tech,27in monitor,5,260.66,1303.3,824.05,Delivered,2,2
13915,2026-06-24,C00002,Buenos Aires,SMB,Sales rep,Tech,Wireless mouse,7,22.32,156.24,96.03,Delivered,2,2
13916,2026-06-24,C00409,Patagonia,SMB,Marketplace,Tech,Wireless mouse,5,23.19,115.95,73.69,Delivered,3,4
13917,2026-06-24,C00006,NOA,Enterprise,Marketplace,Office,Paper A4 box,3,19.31,57.93,37.12,Delivered,5,4
13918,2026-06-24,C00001,Cuyo,SMB,Website,Office,Toner cartridge,1,59.07,59.07,41.44,Delivered,2,1
13919,2026-06-24,C00102,Buenos Aires,SMB,Marketplace,Tech,USB-C dock,7,120.64,844.48,518.61,Delivered,3,2
13920,2026-06-24,C00005,Cuyo,SMB,Sales rep,Cleaning,Paper towels x12,6,19.42,116.52,69.37,Delivered,3,3
13921,2026-06-24,C00043,Buenos Aires,Consumer,Website,Tech,USB-C dock,1,127.51,127.51,71.81,Delivered,2,1
13922,2026-06-24,C00004,Cuyo,Consumer,Website,Office,Toner cartridge,3,67.59,202.77,109.37,Delivered,2,2
13923,2026-06-24,C01146,Buenos Aires,Consumer,Sales rep,Office,Ergonomic chair,6,212.22,1273.32,733.89,Delivered,5,3
13924,2026-06-24,C00084,Buenos Aires,Consumer,Website,Cleaning,Paper towels x12,3,20.36,61.08,39.55,Delivered,2,1
13925,2026-06-24,C00026,Buenos Aires,SMB,Website,Office,Ergonomic chair,7,198.79,1391.53,842.9,Delivered,2,2
13926,2026-06-25,C00016,Córdoba,Consumer,Sales rep,Cleaning,Paper towels x12,1,22.26,22.26,14.32,Delivered,5,4
13927,2026-06-25,C00803,Cuyo,SMB,Website,Tech,27in monitor,5,233.0,1165.0,786.57,Delivered,2,1
13928,2026-06-25,C00033,Cuyo,SMB,Website,Tech,27in monitor,7,235.96,1651.72,1079.47,Delivered,2,1
13929,2026-06-25,C00007,Cuyo,SMB,Sales rep,Office,Ergonomic chair,1,226.32,226.32,134.95,Delivered,2,3
13930,2026-06-25,C01066,Cuyo,SMB,Website,Tech,27in monitor,4,235.67,942.68,650.19,Delivered,3,4
13931,2026-06-25,C00449,Buenos Aires,Consumer,Website,Tech,27in monitor,5,235.68,1178.4,718.45,Cancelled,3,1
13932,2026-06-25,C00004,Cuyo,Consumer,Website,Office,Ergonomic chair,6,199.44,1196.64,868.75,Delivered,2,1
13933,2026-06-25,C00074,Cuyo,SMB,Marketplace,Tech,27in monitor,6,262.45,1574.7,972.43,Delivered,3,3
13934,2026-06-25,C01086,Cuyo,SMB,Website,Cleaning,Paper towels x12,1,21.44,21.44,12.84,Delivered,3,1
13935,2026-06-25,C00006,NOA,Enterprise,Website,Tech,Wireless mouse,5,20.34,101.7,70.4,Delivered,5,7
13936,2026-06-25,C01225,Patagonia,Consumer,Website,Office,Ergonomic chair,5,200.85,1004.25,605.94,Delivered,5,3
13937,2026-06-25,C00001,Cuyo,SMB,Website,Tech,Wireless mouse,7,22.86,160.02,90.65,Delivered,2,2
13938,2026-06-25,C00143,Cuyo,SMB,Sales rep,Office,Paper A4 box,7,16.61,116.27,76.65,Delivered,3,2
13939,2026-06-25,C00304,Cuyo,Consumer,Marketplace,Cleaning,Disinfectant 5L,3,14.89,44.67,31.5,Delivered,2,1
13940,2026-06-25,C00003,Córdoba,Consumer,Marketplace,Cleaning,Disinfectant 5L,2,15.43,30.86,20.95,Delivered,3,4
13941,2026-06-25,C02536,Buenos Aires,Consumer,Website,Tech,Wireless mouse,2,23.67,47.34,26.73,Delivered,5,5
13942,2026-06-25,C00023,Buenos Aires,Consumer,Website,Tech,Wireless mouse,5,20.27,101.35,73.37,Delivered,3,1
13943,2026-06-25,C00024,Buenos Aires,SMB,Sales rep,Office,Ergonomic chair,6,201.9,1211.4,698.08,Delivered,5,5
13944,2026-06-25,C01065,Buenos Aires,SMB,Marketplace,Office,Toner cartridge,4,67.88,271.52,178.49,Delivered,3,1
13945,2026-06-25,C00031,Buenos Aires,SMB,Website,Tech,27in monitor,5,227.42,1137.1,822.56,Delivered,5,5
13946,2026-06-25,C00047,Buenos Aires,SMB,Marketplace,Cleaning,Paper towels x12,7,20.21,141.47,97.51,Delivered,2,3
13947,2026-06-25,C01133,Córdoba,Enterprise,Marketplace,Cleaning,Paper towels x12,7,20.85,145.95,84.41,Delivered,3,1
13948,2026-06-25,C00055,Patagonia,SMB,Sales rep,Office,Paper A4 box,5,16.66,83.3,60.52,Delivered,3,3
13949,2026-06-25,C00001,Cuyo,SMB,Website,Office,Ergonomic chair,3,212.94,638.82,381.63,Delivered,5,4
13950,2026-06-25,C01482,Córdoba,Consumer,Sales rep,Tech,USB-C dock,1,128.2,128.2,79.64,Delivered,2,2
13951,2026-06-25,C00004,Cuyo,Consumer,Sales rep,Tech,USB-C dock,1,118.83,118.83,81.99,Delivered,5,5
13952,2026-06-25,C00383,Cuyo,Enterprise,Website,Tech,Wireless mouse,6,22.71,136.26,81.74,Delivered,3,2
13953,2026-06-25,C01243,Cuyo,SMB,Website,Office,Ergonomic chair,7,202.7,1418.9,1021.5,Delivered,3,2
13954,2026-06-25,C01137,Patagonia,SMB,Marketplace,Office,Paper A4 box,2,19.29,38.58,22.57,Delivered,3,3
13955,2026-06-25,C00473,Córdoba,Consumer,Website,Office,Toner cartridge,5,68.76,343.8,216.16,Delivered,5,3
13956,2026-06-26,C00434,Buenos Aires,SMB,Marketplace,Tech,27in monitor,1,231.33,231.33,153.66,Delivered,5,4
13957,2026-06-26,C01512,Cuyo,Consumer,Website,Office,Ergonomic chair,4,199.81,799.24,523.05,Delivered,2,1
13958,2026-06-26,C00521,Córdoba,SMB,Website,Office,Paper A4 box,2,17.33,34.66,21.79,Delivered,3,1
13959,2026-06-26,C00096,Córdoba,Consumer,Sales rep,Tech,Wireless mouse,1,21.07,21.07,13.72,Delivered,2,1
13960,2026-06-26,C00628,Córdoba,SMB,Marketplace,Office,Ergonomic chair,6,201.68,1210.08,801.37,Delivered,3,1
13961,2026-06-26,C00001,Cuyo,SMB,Sales rep,Cleaning,Disinfectant 5L,4,14.85,59.4,34.92,Delivered,3,2
13962,2026-06-26,C00001,Cuyo,SMB,Marketplace,Tech,27in monitor,7,228.28,1597.96,1176.14,Delivered,2,2
13963,2026-06-26,C00023,Buenos Aires,Consumer,Marketplace,Cleaning,Paper towels x12,5,22.2,111.0,58.97,Delivered,2,1
13964,2026-06-26,C00003,Córdoba,Consumer,Sales rep,Tech,Wireless mouse,3,21.11,63.33,43.45,Delivered,5,3
13965,2026-06-26,C00001,Cuyo,SMB,Marketplace,Cleaning,Paper towels x12,3,19.92,59.76,38.48,Returned,3,1
13966,2026-06-26,C00009,NOA,Consumer,Marketplace,Tech,USB-C dock,2,124.7,249.4,137.5,Delivered,5,4
13967,2026-06-26,C00269,Córdoba,SMB,Sales rep,Cleaning,Paper towels x12,3,20.81,62.43,42.72,Delivered,2,1
13968,2026-06-26,C00131,NOA,Consumer,Marketplace,Tech,27in monitor,5,230.29,1151.45,765.97,Delivered,5,4
13969,2026-06-26,C02195,Buenos Aires,Consumer,Website,Office,Paper A4 box,4,19.15,76.6,47.39,Delivered,3,1
13970,2026-06-26,C00023,Buenos Aires,Consumer,Sales rep,Tech,Wireless mouse,2,21.99,43.98,30.34,Delivered,3,2
13971,2026-06-26,C00004,Cuyo,Consumer,Sales rep,Tech,Wireless mouse,4,22.14,88.56,54.74,Delivered,3,4
13972,2026-06-27,C02281,Buenos Aires,Consumer,Marketplace,Office,Paper A4 box,7,18.23,127.61,77.21,Delivered,5,6
13973,2026-06-27,C00807,Buenos Aires,SMB,Sales rep,Office,Paper A4 box,3,17.16,51.48,37.08,Delivered,3,1
13974,2026-06-27,C00010,Córdoba,SMB,Website,Cleaning,Paper towels x12,1,20.08,20.08,14.37,Delivered,3,2
13975,2026-06-27,C00010,Córdoba,SMB,Marketplace,Office,Toner cartridge,6,66.8,400.8,221.06,Delivered,3,5
13976,2026-06-27,C01030,NOA,Enterprise,Marketplace,Office,Paper A4 box,4,17.51,70.04,45.62,Delivered,3,2
13977,2026-06-27,C00455,Cuyo,SMB,Sales rep,Cleaning,Disinfectant 5L,7,14.18,99.26,66.65,Delivered,5,3
13978,2026-06-27,C00570,Buenos Aires,Consumer,Marketplace,Office,Paper A4 box,2,19.16,38.32,24.7,Delivered,3,3
13979,2026-06-27,C00246,Cuyo,Enterprise,Website,Tech,USB-C dock,1,128.1,128.1,66.5,Delivered,2,2
13980,2026-06-27,C00107,Buenos Aires,Consumer,Marketplace,Office,Toner cartridge,5,65.11,325.55,194.51,Delivered,3,2
13981,2026-06-27,C01048,Buenos Aires,SMB,Website,Tech,Wireless mouse,2,23.13,46.26,26.61,Delivered,5,6
13982,2026-06-27,C00007,Cuyo,SMB,Marketplace,Cleaning,Disinfectant 5L,2,15.07,30.14,17.52,Cancelled,3,5
13983,2026-06-27,C00244,Córdoba,Consumer,Marketplace,Tech,Wireless mouse,3,21.6,64.8,40.71,Delivered,3,2
13984,2026-06-27,C01194,Buenos Aires,Consumer,Sales rep,Tech,Wireless mouse,1,21.24,21.24,15.08,Delivered,5,6
13985,2026-06-27,C00146,Patagonia,Consumer,Marketplace,Office,Paper A4 box,6,17.22,103.32,62.12,Delivered,3,3
13986,2026-06-27,C01947,NOA,SMB,Website,Tech,27in monitor,4,249.09,996.36,616.43,Delivered,5,4
13987,2026-06-27,C00014,Cuyo,SMB,Website,Tech,USB-C dock,3,115.74,347.22,246.56,Delivered,2,3
13988,2026-06-27,C01081,NOA,Consumer,Website,Office,Ergonomic chair,6,200.39,1202.34,838.49,Delivered,3,2
13989,2026-06-27,C00007,Cuyo,SMB,Website,Tech,Wireless mouse,6,21.57,129.42,82.8,Delivered,3,2
13990,2026-06-27,C01348,Cuyo,Consumer,Sales rep,Tech,Wireless mouse,2,22.14,44.28,24.5,Delivered,3,1
13991,2026-06-27,C00054,Cuyo,Consumer,Website,Tech,Wireless mouse,6,22.52,135.12,81.35,Delivered,2,2
13992,2026-06-27,C02523,Córdoba,Consumer,Website,Tech,USB-C dock,1,112.16,112.16,76.49,Delivered,2,2
13993,2026-06-28,C00060,Cuyo,Consumer,Marketplace,Office,Paper A4 box,5,18.47,92.35,60.46,Delivered,2,1
13994,2026-06-28,C00990,Cuyo,SMB,Website,Office,Paper A4 box,7,19.4,135.8,86.51,Delivered,3,3
13995,2026-06-28,C00358,Cuyo,Consumer,Marketplace,Cleaning,Paper towels x12,3,22.61,67.83,43.9,Delivered,5,3
13996,2026-06-28,C00003,Córdoba,Consumer,Website,Office,Toner cartridge,7,60.25,421.75,312.91,Delivered,2,1
13997,2026-06-28,C00002,Buenos Aires,SMB,Marketplace,Cleaning,Disinfectant 5L,4,14.34,57.36,40.26,Delivered,3,1
13998,2026-06-28,C00011,Buenos Aires,Enterprise,Website,Tech,Wireless mouse,6,20.26,121.56,91.28,Delivered,3,3
13999,2026-06-28,C00001,Cuyo,SMB,Sales rep,Office,Toner cartridge,4,68.01,272.04,175.73,Delivered,3,1
14000,2026-06-28,C00001,Cuyo,SMB,Website,Office,Toner cartridge,7,62.91,440.37,311.24,Delivered,5,5
14001,2026-06-28,C00001,Cuyo,SMB,Sales rep,Office,Paper A4 box,4,17.64,70.56,43.81,Delivered,2,1
14002,2026-06-28,C01806,NOA,SMB,Marketplace,Cleaning,Paper towels x12,6,22.23,133.38,74.88,Delivered,5,5
14003,2026-06-28,C01368,Córdoba,SMB,Marketplace,Office,Toner cartridge,5,64.12,320.6,202.31,Delivered,2,1
14004,2026-06-28,C00090,Buenos Aires,Enterprise,Website,Tech,USB-C dock,1,119.38,119.38,66.36,Delivered,2,1
14005,2026-06-29,C00001,Cuyo,SMB,Sales rep,Office,Paper A4 box,1,17.95,17.95,10.98,Delivered,5,5
14006,2026-06-29,C02237,Córdoba,Consumer,Marketplace,Tech,Wireless mouse,2,23.27,46.54,30.48,Delivered,3,2
14007,2026-06-29,C00424,Patagonia,SMB,Marketplace,Cleaning,Paper towels x12,7,21.4,149.8,88.05,Returned,2,1
14008,2026-06-29,C03549,Córdoba,SMB,Website,Tech,27in monitor,3,250.78,752.34,502.62,Delivered,2,1
14009,2026-06-29,C00848,Buenos Aires,SMB,Website,Cleaning,Disinfectant 5L,7,13.87,97.09,70.73,Delivered,2,2
14010,2026-06-29,C03014,Cuyo,SMB,Marketplace,Tech,27in monitor,4,236.59,946.36,678.81,Delivered,5,6
14011,2026-06-29,C00204,Buenos Aires,Consumer,Website,Office,Toner cartridge,7,61.62,431.34,288.22,Delivered,3,3
14012,2026-06-29,C00005,Cuyo,SMB,Marketplace,Cleaning,Disinfectant 5L,2,14.58,29.16,16.57,Delivered,5,5
14013,2026-06-29,C00015,Cuyo,Consumer,Sales rep,Cleaning,Disinfectant 5L,1,14.24,14.24,8.85,Delivered,2,1
14014,2026-06-29,C01676,Cuyo,Consumer,Website,Office,Paper A4 box,7,19.18,134.26,86.32,Delivered,2,3
14015,2026-06-29,C00002,Buenos Aires,SMB,Sales rep,Tech,Wireless mouse,4,20.92,83.68,54.21,Delivered,2,1
14016,2026-06-29,C00616,Cuyo,Consumer,Website,Tech,USB-C dock,7,115.96,811.72,541.16,Delivered,5,5
14017,2026-06-29,C00243,Buenos Aires,Enterprise,Website,Office,Ergonomic chair,2,223.54,447.08,290.88,Delivered,3,1
14018,2026-06-29,C00125,Buenos Aires,SMB,Website,Office,Paper A4 box,4,19.22,76.88,41.58,Delivered,3,1
14019,2026-06-29,C03151,Cuyo,SMB,Sales rep,Tech,27in monitor,3,253.8,761.4,428.24,Delivered,3,3
14020,2026-06-29,C00003,Córdoba,Consumer,Website,Office,Ergonomic chair,1,194.63,194.63,122.02,Delivered,2,1
14021,2026-06-30,C01391,Cuyo,SMB,Marketplace,Office,Ergonomic chair,2,211.13,422.26,253.73,Delivered,3,3
14022,2026-06-30,C01879,Buenos Aires,Enterprise,Website,Tech,USB-C dock,1,121.29,121.29,67.63,Delivered,5,5
14023,2026-06-30,C00328,Cuyo,Enterprise,Website,Cleaning,Disinfectant 5L,3,14.06,42.18,29.76,Delivered,2,2
14024,2026-06-30,C00002,Buenos Aires,SMB,Marketplace,Tech,Wireless mouse,2,22.75,45.5,27.16,Delivered,5,5
14025,2026-06-30,C00012,Buenos Aires,Consumer,Website,Office,Ergonomic chair,5,222.81,1114.05,595.97,Delivered,2,1
14026,2026-06-30,C00016,Córdoba,Consumer,Website,Cleaning,Paper towels x12,3,22.39,67.17,38.96,Delivered,2,2
14027,2026-06-30,C01207,NOA,SMB,Marketplace,Tech,27in monitor,6,235.99,1415.94,979.98,Delivered,3,2
14028,2026-06-30,C00048,Cuyo,Consumer,Website,Cleaning,Paper towels x12,3,22.45,67.35,39.44,Returned,5,2
14029,2026-06-30,C00364,Patagonia,Enterprise,Sales rep,Tech,27in monitor,6,254.28,1525.68,1021.54,Delivered,2,1
14030,2026-06-30,C00044,Buenos Aires,Consumer,Website,Cleaning,Disinfectant 5L,2,16.16,32.32,20.71,Delivered,5,4
14031,2026-06-30,C00028,Patagonia,SMB,Website,Tech,USB-C dock,4,122.84,491.36,324.99,Cancelled,3,2
14032,2026-06-30,C03669,NOA,SMB,Website,Office,Ergonomic chair,5,210.52,1052.6,720.21,Delivered,3,1
14033,2026-06-30,C00002,Buenos Aires,SMB,Website,Office,Ergonomic chair,5,202.13,1010.65,616.76,Delivered,5,4
14034,2026-06-30,C00455,Cuyo,SMB,Website,Cleaning,Paper towels x12,7,21.22,148.54,83.28,Delivered,2,3
14035,2026-06-30,C02258,Buenos Aires,Consumer,Website,Cleaning,Disinfectant 5L,2,13.86,27.72,19.66,Cancelled,3,2
14036,2026-06-30,C00015,Cuyo,Consumer,Website,Office,Ergonomic chair,4,202.82,811.28,487.09,Delivered,2,2
14037,2026-06-30,C00006,NOA,Enterprise,Website,Tech,Wireless mouse,7,22.94,160.58,97.49,Delivered,3,4
14038,2026-06-30,C00040,Cuyo,Consumer,Website,Tech,USB-C dock,4,122.72,490.88,272.38,Returned,2,1
14039,2026-06-30,C00408,NOA,Consumer,Marketplace,Office,Ergonomic chair,1,207.54,207.54,128.23,Cancelled,3,2
14040,2026-06-30,C00055,Patagonia,SMB,Sales rep,Office,Ergonomic chair,1,213.6,213.6,145.34,Delivered,2,1
14041,2026-06-30,C00018,Buenos Aires,SMB,Website,Office,Paper A4 box,4,17.93,71.72,41.0,Delivered,3,3
14042,2026-06-30,C00044,Buenos Aires,Consumer,Website,Tech,27in monitor,1,252.21,252.21,147.84,Delivered,5,4
14043,2026-07-01,C00015,Cuyo,Consumer,Website,Office,Toner cartridge,7,66.42,464.94,272.51,Delivered,2,1
14044,2026-07-01,C00109,NOA,Consumer,Website,Office,Toner cartridge,2,62.02,124.04,71.7,Returned,3,2
14045,2026-07-01,C00007,Cuyo,SMB,Website,Tech,27in monitor,5,240.81,1204.05,765.15,Delivered,2,1
14046,2026-07-01,C00007,Cuyo,SMB,Website,Office,Paper A4 box,4,17.22,68.88,45.63,Returned,3,1
14047,2026-07-01,C00021,NOA,SMB,Marketplace,Tech,27in monitor,1,228.33,228.33,171.16,Delivered,2,2
14048,2026-07-01,C00119,Córdoba,SMB,Sales rep,Tech,USB-C dock,5,120.77,603.85,346.64,Delivered,2,1
14049,2026-07-01,C00001,Cuyo,SMB,Marketplace,Cleaning,Disinfectant 5L,6,14.07,84.42,60.81,Delivered,3,3
14050,2026-07-01,C00396,Córdoba,SMB,Marketplace,Tech,27in monitor,1,251.89,251.89,169.32,Delivered,3,3
14051,2026-07-01,C01994,Buenos Aires,Enterprise,Sales rep,Cleaning,Disinfectant 5L,5,15.35,76.75,46.92,Delivered,3,1
14052,2026-07-01,C01284,Cuyo,SMB,Marketplace,Cleaning,Paper towels x12,4,21.43,85.72,53.52,Delivered,2,1
14053,2026-07-01,C00135,NOA,SMB,Marketplace,Cleaning,Paper towels x12,2,21.56,43.12,24.7,Delivered,5,5
14054,2026-07-01,C00247,Cuyo,SMB,Marketplace,Office,Ergonomic chair,3,219.87,659.61,432.51,Delivered,2,1
14055,2026-07-01,C00003,Córdoba,Consumer,Sales rep,Tech,USB-C dock,4,114.02,456.08,327.72,Delivered,2,3
14056,2026-07-01,C00001,Cuyo,SMB,Website,Tech,USB-C dock,3,114.18,342.54,250.57,Delivered,3,3
14057,2026-07-01,C00747,Buenos Aires,Consumer,Marketplace,Office,Toner cartridge,5,64.73,323.65,221.73,Delivered,5,2
14058,2026-07-01,C00008,Cuyo,SMB,Marketplace,Tech,27in monitor,1,238.84,238.84,168.62,Delivered,2,2
14059,2026-07-01,C00119,Córdoba,SMB,Marketplace,Tech,USB-C dock,6,119.3,715.8,419.31,Delivered,5,3
14060,2026-07-01,C02626,Córdoba,SMB,Sales rep,Office,Ergonomic chair,3,199.86,599.58,415.53,Delivered,5,6
14061,2026-07-01,C00001,Cuyo,SMB,Website,Office,Toner cartridge,2,61.17,122.34,81.96,Delivered,3,2
14062,2026-07-01,C00124,Córdoba,SMB,Website,Tech,Wireless mouse,2,21.89,43.78,30.35,Delivered,2,1
14063,2026-07-01,C00600,Córdoba,SMB,Sales rep,Cleaning,Disinfectant 5L,3,14.72,44.16,31.18,Delivered,2,2
14064,2026-07-01,C00405,Buenos Aires,SMB,Marketplace,Office,Paper A4 box,1,17.73,17.73,10.87,Delivered,2,1
14065,2026-07-01,C00822,Cuyo,SMB,Website,Tech,USB-C dock,7,127.93,895.51,507.17,Delivered,2,1
14066,2026-07-01,C00003,Córdoba,Consumer,Marketplace,Tech,USB-C dock,7,129.24,904.68,501.93,Delivered,5,3
14067,2026-07-01,C00002,Buenos Aires,SMB,Website,Cleaning,Paper towels x12,2,21.66,43.32,27.08,Delivered,3,2
14068,2026-07-02,C00175,Córdoba,SMB,Website,Tech,27in monitor,2,238.97,477.94,310.5,Delivered,2,1
14069,2026-07-02,C00027,Cuyo,SMB,Sales rep,Office,Paper A4 box,5,18.11,90.55,60.28,Delivered,3,2
14070,2026-07-02,C00010,Córdoba,SMB,Marketplace,Office,Toner cartridge,4,65.64,262.56,171.59,Delivered,5,3
14071,2026-07-02,C00087,Córdoba,SMB,Marketplace,Office,Toner cartridge,2,66.45,132.9,77.74,Delivered,2,1
14072,2026-07-02,C00081,Cuyo,Consumer,Sales rep,Cleaning,Disinfectant 5L,4,14.18,56.72,33.35,Delivered,5,3
14073,2026-07-02,C01350,Buenos Aires,SMB,Sales rep,Tech,Wireless mouse,2,20.72,41.44,30.33,Delivered,5,4
14074,2026-07-02,C00432,Buenos Aires,SMB,Sales rep,Office,Paper A4 box,2,18.47,36.94,22.64,Delivered,5,1
14075,2026-07-02,C00005,Cuyo,SMB,Marketplace,Office,Toner cartridge,3,67.96,203.88,112.33,Delivered,3,1
14076,2026-07-02,C00001,Cuyo,SMB,Sales rep,Tech,27in monitor,4,255.36,1021.44,628.98,Delivered,5,5
14077,2026-07-02,C00442,Buenos Aires,Consumer,Website,Cleaning,Disinfectant 5L,3,14.85,44.55,28.4,Delivered,3,1
14078,2026-07-02,C00001,Cuyo,SMB,Marketplace,Office,Ergonomic chair,1,213.43,213.43,130.82,Delivered,3,1
14079,2026-07-02,C02555,Cuyo,SMB,Website,Office,Ergonomic chair,4,212.33,849.32,574.77,Delivered,3,1
14080,2026-07-02,C00149,Córdoba,SMB,Marketplace,Office,Paper A4 box,4,18.14,72.56,45.06,Delivered,5,4
14081,2026-07-02,C00182,Córdoba,Consumer,Website,Cleaning,Paper towels x12,6,20.67,124.02,85.07,Delivered,5,5
14082,2026-07-02,C03580,Cuyo,SMB,Website,Tech,USB-C dock,3,122.98,368.94,220.35,Delivered,2,1
14083,2026-07-02,C02711,Buenos Aires,Enterprise,Website,Office,Paper A4 box,1,19.34,19.34,12.09,Delivered,3,4
14084,2026-07-02,C02479,Córdoba,SMB,Website,Office,Ergonomic chair,7,209.42,1465.94,835.38,Delivered,5,6
14085,2026-07-02,C00358,Cuyo,Consumer,Marketplace,Cleaning,Disinfectant 5L,4,13.8,55.2,39.74,Delivered,3,1
14086,2026-07-02,C00389,Córdoba,SMB,Website,Cleaning,Disinfectant 5L,3,14.08,42.24,27.9,Delivered,5,1
14087,2026-07-03,C00523,Buenos Aires,SMB,Marketplace,Cleaning,Paper towels x12,2,19.94,39.88,27.91,Delivered,5,2
14088,2026-07-03,C00026,Buenos Aires,SMB,Sales rep,Tech,Wireless mouse,2,20.54,41.08,29.29,Delivered,5,6
14089,2026-07-03,C01517,Buenos Aires,Consumer,Website,Cleaning,Paper towels x12,2,20.96,41.92,24.11,Delivered,2,3
14090,2026-07-03,C02624,Córdoba,SMB,Website,Office,Paper A4 box,3,16.68,50.04,35.61,Delivered,5,5
14091,2026-07-03,C00247,Cuyo,SMB,Marketplace,Office,Ergonomic chair,5,194.56,972.8,686.52,Delivered,2,1
14092,2026-07-03,C01337,Buenos Aires,SMB,Website,Office,Ergonomic chair,4,207.41,829.64,563.16,Delivered,5,4
14093,2026-07-03,C00557,Cuyo,SMB,Marketplace,Cleaning,Paper towels x12,4,22.14,88.56,50.36,Delivered,3,2
14094,2026-07-03,C00111,Cuyo,Consumer,Sales rep,Cleaning,Paper towels x12,3,19.64,58.92,35.74,Delivered,5,5
14095,2026-07-03,C00011,Buenos Aires,Enterprise,Marketplace,Office,Toner cartridge,4,61.25,245.0,147.57,Delivered,2,3
14096,2026-07-03,C00030,Cuyo,Consumer,Website,Tech,27in monitor,6,226.37,1358.22,973.5,Delivered,2,1
14097,2026-07-03,C00001,Cuyo,SMB,Website,Cleaning,Paper towels x12,7,21.07,147.49,95.55,Delivered,2,1
14098,2026-07-03,C03947,Buenos Aires,Consumer,Sales rep,Tech,27in monitor,7,237.28,1660.96,1146.59,Delivered,2,1
14099,2026-07-03,C00027,Cuyo,SMB,Website,Office,Ergonomic chair,3,221.39,664.17,410.3,Cancelled,2,2
14100,2026-07-03,C00002,Buenos Aires,SMB,Marketplace,Cleaning,Paper towels x12,5,21.75,108.75,66.85,Delivered,3,2
14101,2026-07-03,C01134,Buenos Aires,SMB,Website,Cleaning,Disinfectant 5L,7,14.96,104.72,64.37,Delivered,2,3
14102,2026-07-03,C00001,Cuyo,SMB,Sales rep,Cleaning,Disinfectant 5L,2,16.01,32.02,16.62,Delivered,3,2
14103,2026-07-03,C03423,NOA,Consumer,Marketplace,Cleaning,Paper towels x12,4,20.01,80.04,56.07,Delivered,5,4
14104,2026-07-03,C02237,Córdoba,Consumer,Website,Cleaning,Paper towels x12,3,22.52,67.56,41.23,Delivered,3,2
14105,2026-07-03,C00040,Cuyo,Consumer,Website,Office,Ergonomic chair,4,218.78,875.12,552.65,Delivered,2,1
14106,2026-07-03,C00226,Córdoba,Consumer,Website,Cleaning,Disinfectant 5L,2,14.4,28.8,19.77,Delivered,3,1
14107,2026-07-03,C01563,NOA,Consumer,Marketplace,Tech,Wireless mouse,7,23.37,163.59,100.32,Delivered,5,3
14108,2026-07-03,C00019,Patagonia,Consumer,Sales rep,Office,Toner cartridge,4,61.75,247.0,157.75,Delivered,5,5
14109,2026-07-03,C01150,Córdoba,Enterprise,Sales rep,Tech,27in monitor,4,239.69,958.76,576.07,Delivered,5,4
14110,2026-07-03,C00025,Buenos Aires,SMB,Sales rep,Office,Paper A4 box,3,19.03,57.09,31.13,Returned,3,4
14111,2026-07-03,C00035,Buenos Aires,SMB,Website,Office,Toner cartridge,7,63.76,446.32,313.28,Delivered,2,1
14112,2026-07-03,C00005,Cuyo,SMB,Sales rep,Office,Toner cartridge,2,65.68,131.36,75.6,Delivered,2,1
14113,2026-07-03,C00154,Cuyo,SMB,Website,Cleaning,Paper towels x12,1,20.73,20.73,12.37,Delivered,5,2
14114,2026-07-03,C00001,Cuyo,SMB,Website,Office,Paper A4 box,7,18.67,130.69,88.14,Delivered,3,2
14115,2026-07-04,C00017,Córdoba,Enterprise,Marketplace,Tech,27in monitor,7,242.28,1695.96,1157.34,Delivered,3,2
14116,2026-07-04,C00047,Buenos Aires,SMB,Sales rep,Office,Toner cartridge,7,66.4,464.8,254.79,Delivered,2,1
14117,2026-07-04,C00079,Cuyo,Enterprise,Website,Office,Paper A4 box,6,18.05,108.3,72.62,Delivered,5,4
14118,2026-07-04,C03597,Buenos Aires,SMB,Marketplace,Tech,Wireless mouse,7,20.94,146.58,89.46,Returned,2,1
14119,2026-07-04,C00001,Cuyo,SMB,Sales rep,Office,Ergonomic chair,5,207.03,1035.15,653.05,Delivered,5,4
14120,2026-07-04,C00033,Cuyo,SMB,Website,Tech,USB-C dock,1,128.53,128.53,80.57,Delivered,5,6
14121,2026-07-04,C00014,Cuyo,SMB,Website,Office,Toner cartridge,4,66.41,265.64,165.2,Returned,5,4
14122,2026-07-04,C00184,Cuyo,Enterprise,Sales rep,Tech,USB-C dock,7,129.28,904.96,529.52,Delivered,2,1
14123,2026-07-04,C00038,Cuyo,Consumer,Website,Office,Toner cartridge,5,65.12,325.6,182.38,Delivered,5,2
14124,2026-07-04,C00011,Buenos Aires,Enterprise,Website,Tech,USB-C dock,2,113.23,226.46,163.95,Delivered,2,1
14125,2026-07-04,C00060,Cuyo,Consumer,Website,Office,Paper A4 box,5,18.2,91.0,61.17,Cancelled,2,1
14126,2026-07-04,C03590,Cuyo,SMB,Website,Office,Paper A4 box,5,18.96,94.8,55.84,Delivered,2,4
14127,2026-07-05,C00077,Buenos Aires,Enterprise,Website,Tech,USB-C dock,2,116.92,233.84,158.82,Cancelled,3,2
14128,2026-07-05,C00001,Cuyo,SMB,Sales rep,Office,Ergonomic chair,2,198.53,397.06,268.14,Delivered,2,2
14129,2026-07-05,C00070,Cuyo,Consumer,Marketplace,Cleaning,Paper towels x12,7,19.98,139.86,91.5,Delivered,3,1
14130,2026-07-05,C01013,NOA,Consumer,Website,Cleaning,Paper towels x12,3,22.52,67.56,40.11,Delivered,5,3
14131,2026-07-05,C00013,Córdoba,Enterprise,Website,Tech,Wireless mouse,4,21.9,87.6,61.51,Delivered,5,5
14132,2026-07-05,C00189,Córdoba,SMB,Website,Office,Ergonomic chair,7,208.16,1457.12,955.37,Delivered,3,2
14133,2026-07-05,C00839,Buenos Aires,SMB,Marketplace,Tech,Wireless mouse,2,23.59,47.18,29.29,Delivered,5,6
14134,2026-07-05,C00013,Córdoba,Enterprise,Website,Office,Toner cartridge,7,67.1,469.7,302.89,Delivered,2,2
14135,2026-07-05,C00079,Cuyo,Enterprise,Marketplace,Tech,27in monitor,4,250.41,1001.64,591.78,Delivered,3,3
14136,2026-07-05,C00255,Córdoba,Consumer,Website,Office,Ergonomic chair,4,207.65,830.6,468.15,Delivered,2,1
14137,2026-07-05,C00075,Cuyo,SMB,Website,Office,Paper A4 box,6,18.86,113.16,65.53,Delivered,2,2
14138,2026-07-05,C00002,Buenos Aires,SMB,Marketplace,Tech,Wireless mouse,5,22.58,112.9,69.54,Delivered,2,3
14139,2026-07-05,C00063,Buenos Aires,SMB,Marketplace,Tech,USB-C dock,7,119.15,834.05,472.27,Delivered,5,4
14140,2026-07-05,C00608,Cuyo,Consumer,Marketplace,Tech,USB-C dock,2,126.15,252.3,153.25,Delivered,5,2
14141,2026-07-05,C01282,NOA,SMB,Website,Tech,Wireless mouse,3,21.62,64.86,39.72,Delivered,2,2
14142,2026-07-05,C00382,Cuyo,Enterprise,Marketplace,Office,Toner cartridge,4,62.27,249.08,175.21,Delivered,2,1
14143,2026-07-05,C03267,Cuyo,SMB,Website,Office,Toner cartridge,2,63.77,127.54,83.6,Delivered,2,1
14144,2026-07-05,C00695,Cuyo,Consumer,Website,Office,Ergonomic chair,5,224.43,1122.15,710.35,Delivered,2,1
14145,2026-07-05,C03367,Córdoba,SMB,Marketplace,Cleaning,Disinfectant 5L,4,15.23,60.92,37.78,Delivered,3,3
14146,2026-07-06,C00584,Cuyo,SMB,Website,Tech,27in monitor,1,251.44,251.44,159.14,Delivered,2,4
14147,2026-07-06,C00014,Cuyo,SMB,Marketplace,Office,Toner cartridge,4,68.12,272.48,159.72,Delivered,2,2
14148,2026-07-06,C00013,Córdoba,Enterprise,Website,Tech,Wireless mouse,7,23.63,165.41,91.39,Delivered,3,3
14149,2026-07-06,C00007,Cuyo,SMB,Website,Tech,27in monitor,4,252.89,1011.56,594.42,Delivered,2,2
14150,2026-07-06,C00061,Cuyo,Consumer,Website,Office,Ergonomic chair,4,226.3,905.2,464.01,Delivered,3,1
14151,2026-07-06,C00006,NOA,Enterprise,Marketplace,Tech,Wireless mouse,6,22.93,137.58,78.59,Delivered,5,5
14152,2026-07-06,C00076,Córdoba,SMB,Website,Tech,USB-C dock,6,113.45,680.7,484.61,Delivered,5,6
14153,2026-07-06,C00026,Buenos Aires,SMB,Sales rep,Cleaning,Disinfectant 5L,7,15.13,105.91,73.36,Delivered,5,3
14154,2026-07-06,C00675,Patagonia,SMB,Sales rep,Office,Ergonomic chair,4,209.35,837.4,538.76,Delivered,2,1
14155,2026-07-06,C03347,Córdoba,Consumer,Sales rep,Tech,Wireless mouse,5,23.67,118.35,67.29,Returned,2,1
14156,2026-07-06,C03333,Cuyo,SMB,Website,Tech,USB-C dock,1,111.5,111.5,78.62,Delivered,3,1
14157,2026-07-06,C00704,Buenos Aires,Consumer,Website,Cleaning,Disinfectant 5L,5,15.35,76.75,44.97,Delivered,2,1
14158,2026-07-06,C00464,Cuyo,SMB,Sales rep,Office,Toner cartridge,2,62.59,125.18,70.73,Delivered,2,1
14159,2026-07-06,C00036,Cuyo,Consumer,Marketplace,Office,Paper A4 box,1,18.71,18.71,10.97,Delivered,3,2
14160,2026-07-06,C00011,Buenos Aires,Enterprise,Website,Office,Paper A4 box,7,17.52,122.64,69.88,Delivered,5,2
14161,2026-07-06,C00887,Cuyo,Consumer,Website,Cleaning,Disinfectant 5L,6,14.49,86.94,58.94,Delivered,3,3
14162,2026-07-06,C01398,Buenos Aires,SMB,Marketplace,Office,Paper A4 box,4,17.7,70.8,39.72,Delivered,2,1
14163,2026-07-06,C01664,Córdoba,SMB,Marketplace,Office,Paper A4 box,5,17.13,85.65,56.18,Delivered,5,2
14164,2026-07-06,C00001,Cuyo,SMB,Website,Tech,27in monitor,4,232.52,930.08,551.87,Delivered,2,3
14165,2026-07-06,C00258,Buenos Aires,SMB,Website,Tech,27in monitor,1,228.01,228.01,159.93,Delivered,2,1
14166,2026-07-06,C00018,Buenos Aires,SMB,Marketplace,Office,Ergonomic chair,4,222.18,888.72,534.25,Delivered,5,6
14167,2026-07-06,C00009,NOA,Consumer,Website,Office,Ergonomic chair,6,204.5,1227.0,856.49,Delivered,3,1
14168,2026-07-06,C00094,Buenos Aires,SMB,Marketplace,Office,Toner cartridge,5,68.51,342.55,180.13,Delivered,5,3
14169,2026-07-06,C00022,Cuyo,SMB,Sales rep,Office,Toner cartridge,5,66.46,332.3,217.42,Delivered,5,4
14170,2026-07-06,C00001,Cuyo,SMB,Website,Cleaning,Paper towels x12,7,20.4,142.8,95.56,Delivered,2,2
14171,2026-07-06,C00006,NOA,Enterprise,Marketplace,Office,Toner cartridge,5,62.46,312.3,199.12,Delivered,2,2
14172,2026-07-06,C00512,Buenos Aires,SMB,Website,Cleaning,Disinfectant 5L,6,15.15,90.9,56.84,Delivered,5,3
14173,2026-07-06,C00053,Cuyo,Consumer,Sales rep,Cleaning,Disinfectant 5L,1,13.99,13.99,9.17,Delivered,3,1
14174,2026-07-07,C00136,NOA,SMB,Marketplace,Tech,Wireless mouse,1,20.32,20.32,13.77,Delivered,3,4
14175,2026-07-07,C00009,NOA,Consumer,Website,Cleaning,Paper towels x12,6,20.69,124.14,78.65,Delivered,2,1
14176,2026-07-07,C00246,Cuyo,Enterprise,Sales rep,Tech,Wireless mouse,1,23.43,23.43,14.14,Delivered,2,1
14177,2026-07-07,C00358,Cuyo,Consumer,Website,Tech,USB-C dock,4,114.29,457.16,322.79,Delivered,5,4
14178,2026-07-07,C03809,NOA,SMB,Marketplace,Cleaning,Paper towels x12,1,21.16,21.16,13.92,Delivered,3,2
14179,2026-07-07,C00009,NOA,Consumer,Website,Office,Paper A4 box,3,19.25,57.75,32.33,Delivered,2,1
14180,2026-07-07,C03668,Córdoba,SMB,Sales rep,Tech,USB-C dock,2,129.2,258.4,146.75,Delivered,5,6
14181,2026-07-07,C00045,NOA,SMB,Marketplace,Office,Ergonomic chair,7,198.18,1387.26,859.84,Returned,5,4
14182,2026-07-07,C00060,Cuyo,Consumer,Marketplace,Tech,Wireless mouse,5,22.8,114.0,72.58,Delivered,3,4
14183,2026-07-07,C00327,Buenos Aires,Consumer,Sales rep,Cleaning,Disinfectant 5L,2,15.45,30.9,18.12,Delivered,2,4
14184,2026-07-07,C00432,Buenos Aires,SMB,Sales rep,Office,Ergonomic chair,1,197.72,197.72,137.07,Delivered,3,2
14185,2026-07-07,C00107,Buenos Aires,Consumer,Sales rep,Office,Paper A4 box,1,19.21,19.21,12.41,Delivered,3,1
14186,2026-07-07,C00001,Cuyo,SMB,Marketplace,Tech,27in monitor,3,246.98,740.94,488.63,Delivered,2,1
14187,2026-07-07,C00109,NOA,Consumer,Marketplace,Office,Ergonomic chair,4,208.69,834.76,532.89,Delivered,2,1
14188,2026-07-07,C00222,Buenos Aires,SMB,Marketplace,Office,Ergonomic chair,3,209.06,627.18,366.2,Delivered,5,4
14189,2026-07-07,C01571,Buenos Aires,SMB,Website,Tech,Wireless mouse,3,23.49,70.47,42.34,Delivered,2,2
14190,2026-07-07,C00001,Cuyo,SMB,Website,Tech,Wireless mouse,5,22.14,110.7,61.46,Delivered,2,1
14191,2026-07-07,C00005,Cuyo,SMB,Marketplace,Cleaning,Disinfectant 5L,1,15.48,15.48,8.86,Delivered,2,1
14192,2026-07-07,C02600,Córdoba,SMB,Marketplace,Tech,USB-C dock,1,111.59,111.59,69.87,Delivered,5,5
14193,2026-07-07,C02742,Buenos Aires,SMB,Marketplace,Office,Paper A4 box,7,18.53,129.71,76.38,Delivered,2,1
14194,2026-07-07,C00929,Cuyo,Consumer,Website,Office,Toner cartridge,4,67.93,271.72,162.23,Delivered,5,3
14195,2026-07-08,C01067,Cuyo,SMB,Website,Tech,Wireless mouse,7,23.14,161.98,87.57,Delivered,2,2
14196,2026-07-08,C02048,Córdoba,Consumer,Marketplace,Tech,27in monitor,3,246.18,738.54,478.15,Delivered,3,1
14197,2026-07-08,C02517,Cuyo,SMB,Website,Office,Paper A4 box,1,16.74,16.74,11.7,Cancelled,5,3
14198,2026-07-08,C00016,Córdoba,Consumer,Sales rep,Office,Paper A4 box,7,17.6,123.2,83.42,Delivered,3,2
14199,2026-07-08,C00017,Córdoba,Enterprise,Marketplace,Tech,USB-C dock,2,128.62,257.24,136.77,Delivered,5,3
14200,2026-07-08,C00321,Cuyo,SMB,Website,Tech,27in monitor,6,239.49,1436.94,1013.16,Delivered,2,1
14201,2026-07-08,C01509,Córdoba,SMB,Sales rep,Cleaning,Paper towels x12,3,21.45,64.35,35.93,Delivered,2,6
14202,2026-07-08,C00212,Cuyo,SMB,Website,Office,Ergonomic chair,2,211.57,423.14,286.41,Delivered,3,2
14203,2026-07-08,C01216,Cuyo,Consumer,Sales rep,Office,Ergonomic chair,2,220.78,441.56,238.85,Delivered,3,1
14204,2026-07-08,C00041,Cuyo,Consumer,Marketplace,Office,Toner cartridge,6,64.28,385.68,252.78,Delivered,3,1
14205,2026-07-08,C00060,Cuyo,Consumer,Website,Tech,USB-C dock,2,112.39,224.78,148.31,Delivered,5,3
14206,2026-07-08,C00024,Buenos Aires,SMB,Website,Cleaning,Disinfectant 5L,5,15.33,76.65,43.56,Delivered,2,1
14207,2026-07-08,C01170,Cuyo,SMB,Website,Cleaning,Disinfectant 5L,6,14.39,86.34,52.26,Delivered,2,1
14208,2026-07-08,C00283,Buenos Aires,Consumer,Marketplace,Tech,27in monitor,5,250.51,1252.55,766.71,Delivered,2,1
14209,2026-07-08,C00535,Cuyo,SMB,Website,Office,Ergonomic chair,1,223.58,223.58,127.23,Delivered,3,5
14210,2026-07-08,C00122,Cuyo,Enterprise,Website,Office,Paper A4 box,3,16.74,50.22,30.71,Delivered,2,4
14211,2026-07-08,C00001,Cuyo,SMB,Sales rep,Tech,27in monitor,4,255.61,1022.44,618.62,Delivered,2,2
14212,2026-07-08,C00642,Córdoba,SMB,Website,Office,Paper A4 box,4,16.63,66.52,41.92,Delivered,2,2
14213,2026-07-08,C02839,Cuyo,SMB,Website,Office,Ergonomic chair,2,215.28,430.56,252.56,Delivered,2,1
14214,2026-07-08,C02881,Cuyo,SMB,Marketplace,Office,Toner cartridge,2,58.99,117.98,77.67,Delivered,3,1
14215,2026-07-08,C00582,Córdoba,SMB,Marketplace,Tech,USB-C dock,3,113.51,340.53,222.28,Delivered,3,3
14216,2026-07-08,C01351,Buenos Aires,SMB,Website,Office,Ergonomic chair,6,226.28,1357.68,720.22,Delivered,5,7
14217,2026-07-08,C00046,Córdoba,SMB,Website,Tech,Wireless mouse,5,20.51,102.55,61.06,Delivered,2,2
14218,2026-07-08,C00009,NOA,Consumer,Website,Office,Ergonomic chair,7,211.72,1482.04,912.0,Delivered,3,1
14219,2026-07-08,C03847,Cuyo,SMB,Marketplace,Tech,USB-C dock,7,118.63,830.41,493.61,Delivered,3,3
14220,2026-07-08,C00407,Córdoba,Consumer,Website,Tech,Wireless mouse,3,23.6,70.8,42.95,Delivered,5,5
14221,2026-07-08,C00102,Buenos Aires,SMB,Sales rep,Office,Paper A4 box,5,17.21,86.05,53.42,Delivered,3,2
14222,2026-07-08,C00836,Cuyo,SMB,Website,Cleaning,Disinfectant 5L,7,14.23,99.61,63.41,Delivered,5,3
14223,2026-07-08,C02006,Cuyo,Consumer,Marketplace,Tech,Wireless mouse,7,22.93,160.51,107.63,Cancelled,3,2
14224,2026-07-09,C00014,Cuyo,SMB,Website,Cleaning,Disinfectant 5L,6,15.96,95.76,56.38,Cancelled,3,3
14225,2026-07-09,C02223,Buenos Aires,SMB,Website,Tech,Wireless mouse,3,20.39,61.17,45.19,Delivered,5,4
14226,2026-07-09,C00227,Buenos Aires,Enterprise,Marketplace,Cleaning,Disinfectant 5L,6,14.0,84.0,56.61,Returned,5,4
14227,2026-07-09,C00250,NOA,SMB,Website,Office,Ergonomic chair,1,219.16,219.16,131.67,Delivered,2,3
14228,2026-07-09,C00003,Córdoba,Consumer,Website,Tech,Wireless mouse,1,23.43,23.43,14.25,Delivered,2,1
14229,2026-07-09,C00016,Córdoba,Consumer,Marketplace,Cleaning,Paper towels x12,4,21.16,84.64,54.83,Delivered,5,5
14230,2026-07-09,C00157,Cuyo,SMB,Sales rep,Office,Paper A4 box,1,16.69,16.69,11.82,Delivered,5,2
14231,2026-07-09,C00008,Cuyo,SMB,Marketplace,Cleaning,Disinfectant 5L,5,15.41,77.05,48.07,Delivered,2,1
14232,2026-07-09,C00004,Cuyo,Consumer,Marketplace,Tech,USB-C dock,4,115.13,460.52,330.71,Delivered,5,3
14233,2026-07-09,C00101,Cuyo,Consumer,Marketplace,Tech,USB-C dock,5,120.64,603.2,403.6,Delivered,2,1
14234,2026-07-09,C00078,Patagonia,Enterprise,Website,Tech,Wireless mouse,5,20.97,104.85,66.73,Delivered,2,2
14235,2026-07-09,C03883,Córdoba,Consumer,Marketplace,Cleaning,Paper towels x12,2,20.98,41.96,28.39,Delivered,3,2
14236,2026-07-09,C00002,Buenos Aires,SMB,Website,Tech,Wireless mouse,2,22.27,44.54,30.17,Delivered,5,5
14237,2026-07-09,C00002,Buenos Aires,SMB,Website,Tech,Wireless mouse,2,22.46,44.92,30.28,Delivered,2,1
14238,2026-07-09,C00908,Patagonia,SMB,Marketplace,Tech,Wireless mouse,2,22.74,45.48,26.82,Delivered,2,1
14239,2026-07-09,C00018,Buenos Aires,SMB,Sales rep,Tech,27in monitor,6,254.19,1525.14,938.87,Cancelled,5,4
14240,2026-07-09,C00866,Córdoba,SMB,Website,Office,Ergonomic chair,7,196.66,1376.62,987.3,Delivered,2,1
14241,2026-07-09,C00106,Cuyo,SMB,Website,Office,Paper A4 box,1,16.72,16.72,10.7,Delivered,3,3
14242,2026-07-09,C00070,Cuyo,Consumer,Website,Tech,Wireless mouse,6,21.88,131.28,81.06,Returned,2,2
14243,2026-07-09,C00060,Cuyo,Consumer,Marketplace,Office,Toner cartridge,5,60.51,302.55,186.27,Delivered,2,1
14244,2026-07-09,C00003,Córdoba,Consumer,Sales rep,Tech,Wireless mouse,3,22.64,67.92,44.96,Delivered,5,5
14245,2026-07-09,C00191,Buenos Aires,Enterprise,Website,Office,Toner cartridge,3,60.61,181.83,133.27,Delivered,3,1
14246,2026-07-10,C00612,Buenos Aires,Consumer,Sales rep,Tech,USB-C dock,4,124.61,498.44,307.17,Delivered,2,1
14247,2026-07-10,C00002,Buenos Aires,SMB,Website,Tech,USB-C dock,1,120.01,120.01,72.35,Delivered,2,2
14248,2026-07-10,C00004,Cuyo,Consumer,Marketplace,Office,Toner cartridge,2,60.68,121.36,74.97,Delivered,2,2
14249,2026-07-10,C00184,Cuyo,Enterprise,Website,Tech,Wireless mouse,4,21.01,84.04,50.67,Returned,2,4
14250,2026-07-10,C00001,Cuyo,SMB,Website,Cleaning,Paper towels x12,5,20.74,103.7,70.2,Delivered,2,1
14251,2026-07-10,C00098,NOA,Consumer,Website,Tech,USB-C dock,7,123.25,862.75,573.77,Delivered,2,4
14252,2026-07-10,C01423,Buenos Aires,Consumer,Marketplace,Tech,Wireless mouse,2,23.15,46.3,26.37,Delivered,2,2
14253,2026-07-10,C00024,Buenos Aires,SMB,Sales rep,Tech,27in monitor,7,254.9,1784.3,1139.41,Delivered,3,2
14254,2026-07-10,C00003,Córdoba,Consumer,Marketplace,Tech,USB-C dock,4,127.34,509.36,300.17,Delivered,5,3
14255,2026-07-10,C00074,Cuyo,SMB,Marketplace,Tech,27in monitor,6,241.75,1450.5,896.62,Delivered,5,4
14256,2026-07-10,C00064,Cuyo,SMB,Website,Cleaning,Disinfectant 5L,2,15.64,31.28,19.83,Cancelled,2,1
14257,2026-07-10,C00062,Patagonia,Consumer,Sales rep,Office,Toner cartridge,1,60.76,60.76,41.6,Delivered,3,2
14258,2026-07-10,C00068,Buenos Aires,Consumer,Website,Tech,Wireless mouse,7,20.47,143.29,96.42,Delivered,2,3
14259,2026-07-10,C00937,Cuyo,SMB,Website,Cleaning,Disinfectant 5L,2,15.36,30.72,16.89,Delivered,5,4
14260,2026-07-10,C00071,Patagonia,Consumer,Website,Tech,Wireless mouse,2,21.57,43.14,26.8,Delivered,5,4
14261,2026-07-10,C00173,Cuyo,SMB,Website,Office,Ergonomic chair,3,207.62,622.86,382.66,Delivered,3,2
14262,2026-07-10,C00150,Cuyo,SMB,Website,Cleaning,Paper towels x12,7,21.3,149.1,101.23,Delivered,3,2
14263,2026-07-10,C03817,Patagonia,Consumer,Sales rep,Office,Ergonomic chair,4,213.08,852.32,512.35,Delivered,2,1
14264,2026-07-10,C00008,Cuyo,SMB,Website,Tech,USB-C dock,6,125.64,753.84,439.39,Returned,3,3
14265,2026-07-10,C00012,Buenos Aires,Consumer,Marketplace,Cleaning,Disinfectant 5L,2,15.54,31.08,16.78,Delivered,5,5
14266,2026-07-10,C00233,Buenos Aires,Consumer,Website,Office,Ergonomic chair,1,219.97,219.97,136.5,Delivered,5,3
14267,2026-07-10,C01431,Cuyo,Enterprise,Sales rep,Office,Ergonomic chair,7,218.37,1528.59,911.91,Delivered,2,3
14268,2026-07-10,C03032,NOA,SMB,Marketplace,Tech,USB-C dock,3,113.92,341.76,214.53,Delivered,3,2
14269,2026-07-10,C00668,Buenos Aires,Enterprise,Website,Tech,27in monitor,4,228.92,915.68,584.5,Delivered,5,6
14270,2026-07-11,C00001,Cuyo,SMB,Sales rep,Office,Toner cartridge,3,68.09,204.27,121.02,Delivered,5,3
14271,2026-07-11,C00001,Cuyo,SMB,Website,Office,Toner cartridge,7,67.69,473.83,270.6,Delivered,5,5
14272,2026-07-11,C00830,Córdoba,Consumer,Website,Office,Paper A4 box,1,16.98,16.98,12.03,Delivered,5,7
14273,2026-07-11,C00434,Buenos Aires,SMB,Website,Cleaning,Paper towels x12,3,19.49,58.47,37.62,Delivered,2,2
14274,2026-07-11,C00009,NOA,Consumer,Website,Office,Paper A4 box,1,18.0,18.0,10.94,Delivered,5,3
14275,2026-07-11,C00192,Cuyo,SMB,Marketplace,Cleaning,Paper towels x12,1,20.72,20.72,13.43,Delivered,5,5
14276,2026-07-11,C02674,Buenos Aires,SMB,Marketplace,Cleaning,Disinfectant 5L,5,16.11,80.55,49.41,Delivered,5,2
14277,2026-07-11,C00002,Buenos Aires,SMB,Website,Office,Toner cartridge,1,64.66,64.66,43.55,Delivered,5,5
14278,2026-07-11,C00002,Buenos Aires,SMB,Website,Tech,27in monitor,5,234.43,1172.15,832.22,Delivered,5,3
14279,2026-07-11,C00005,Cuyo,SMB,Website,Tech,USB-C dock,3,115.58,346.74,238.24,Delivered,5,5
14280,2026-07-11,C00212,Cuyo,SMB,Sales rep,Cleaning,Paper towels x12,6,19.96,119.76,86.72,Delivered,2,1
14281,2026-07-11,C00022,Cuyo,SMB,Website,Tech,27in monitor,2,230.53,461.06,269.68,Delivered,5,4
14282,2026-07-11,C00708,NOA,Consumer,Website,Office,Paper A4 box,3,17.46,52.38,36.65,Delivered,5,4
14283,2026-07-11,C00607,Cuyo,Consumer,Website,Cleaning,Disinfectant 5L,5,14.83,74.15,49.63,Delivered,5,2
14284,2026-07-12,C00068,Buenos Aires,Consumer,Website,Office,Ergonomic chair,4,210.12,840.48,584.81,Delivered,2,1
14285,2026-07-12,C02194,Buenos Aires,SMB,Marketplace,Office,Toner cartridge,1,64.74,64.74,38.04,Delivered,5,5
14286,2026-07-12,C00563,NOA,Consumer,Marketplace,Office,Toner cartridge,4,67.66,270.64,174.72,Delivered,2,1
14287,2026-07-12,C00001,Cuyo,SMB,Website,Office,Paper A4 box,4,18.58,74.32,43.58,Delivered,3,1
14288,2026-07-12,C01831,Buenos Aires,Consumer,Website,Cleaning,Disinfectant 5L,5,16.08,80.4,45.0,Delivered,3,2
14289,2026-07-12,C02782,Cuyo,SMB,Sales rep,Cleaning,Disinfectant 5L,5,13.87,69.35,51.03,Delivered,3,1
14290,2026-07-12,C00109,NOA,Consumer,Marketplace,Office,Paper A4 box,4,18.52,74.08,43.54,Delivered,3,2
14291,2026-07-12,C01210,Buenos Aires,Consumer,Sales rep,Office,Ergonomic chair,6,214.52,1287.12,762.22,Delivered,3,1
14292,2026-07-12,C00001,Cuyo,SMB,Website,Office,Ergonomic chair,6,214.07,1284.42,705.12,Delivered,5,4
14293,2026-07-12,C00272,Cuyo,SMB,Marketplace,Office,Toner cartridge,2,62.96,125.92,77.88,Delivered,3,1
14294,2026-07-12,C00246,Cuyo,Enterprise,Website,Tech,USB-C dock,7,127.82,894.74,483.03,Delivered,2,1
14295,2026-07-12,C00021,NOA,SMB,Website,Cleaning,Disinfectant 5L,1,15.51,15.51,10.33,Delivered,2,2
14296,2026-07-12,C00020,Buenos Aires,SMB,Website,Tech,USB-C dock,7,111.58,781.06,513.77,Delivered,2,2
14297,2026-07-12,C00283,Buenos Aires,Consumer,Website,Office,Ergonomic chair,4,212.62,850.48,463.53,Cancelled,5,6
14298,2026-07-12,C00092,Patagonia,SMB,Website,Tech,27in monitor,7,239.81,1678.67,1054.9,Delivered,5,4
14299,2026-07-12,C00334,Cuyo,SMB,Marketplace,Cleaning,Disinfectant 5L,2,15.59,31.18,18.4,Delivered,2,4
14300,2026-07-12,C00084,Buenos Aires,Consumer,Marketplace,Tech,USB-C dock,5,120.35,601.75,400.54,Delivered,5,4
14301,2026-07-13,C03151,Cuyo,SMB,Website,Tech,USB-C dock,3,128.59,385.77,209.64,Delivered,5,5
14302,2026-07-13,C00762,Buenos Aires,Consumer,Sales rep,Tech,Wireless mouse,6,22.56,135.36,86.77,Delivered,2,1
14303,2026-07-13,C00355,Córdoba,Enterprise,Sales rep,Cleaning,Paper towels x12,4,20.54,82.16,56.03,Delivered,3,2
14304,2026-07-13,C01348,Cuyo,Consumer,Marketplace,Tech,Wireless mouse,4,22.62,90.48,57.95,Returned,3,2
14305,2026-07-13,C01470,Córdoba,Consumer,Marketplace,Cleaning,Disinfectant 5L,3,14.26,42.78,29.01,Delivered,3,4
14306,2026-07-13,C00001,Cuyo,SMB,Marketplace,Tech,Wireless mouse,7,22.36,156.52,94.58,Delivered,2,1
14307,2026-07-13,C00040,Cuyo,Consumer,Marketplace,Cleaning,Paper towels x12,4,21.9,87.6,53.96,Delivered,3,3
14308,2026-07-13,C00008,Cuyo,SMB,Marketplace,Tech,Wireless mouse,1,22.92,22.92,12.96,Delivered,2,1
14309,2026-07-13,C00225,Cuyo,Consumer,Marketplace,Tech,USB-C dock,5,118.15,590.75,338.38,Delivered,2,1
14310,2026-07-13,C00162,Córdoba,Enterprise,Website,Tech,Wireless mouse,4,21.17,84.68,51.7,Delivered,3,2
14311,2026-07-13,C00964,Cuyo,Enterprise,Marketplace,Tech,27in monitor,6,227.51,1365.06,913.6,Delivered,5,5
14312,2026-07-13,C00099,Cuyo,Enterprise,Marketplace,Tech,USB-C dock,3,112.44,337.32,228.47,Delivered,2,4
14313,2026-07-13,C00001,Cuyo,SMB,Sales rep,Cleaning,Disinfectant 5L,4,15.99,63.96,40.31,Delivered,2,1
14314,2026-07-13,C01424,Cuyo,Consumer,Marketplace,Tech,USB-C dock,3,118.04,354.12,216.99,Returned,3,4
14315,2026-07-13,C02990,Cuyo,Consumer,Website,Cleaning,Paper towels x12,1,21.19,21.19,13.77,Delivered,5,5
14316,2026-07-13,C02673,Cuyo,SMB,Website,Office,Paper A4 box,4,18.55,74.2,42.93,Delivered,3,3
14317,2026-07-13,C01487,Córdoba,Consumer,Marketplace,Cleaning,Disinfectant 5L,6,15.52,93.12,51.92,Delivered,5,4
14318,2026-07-13,C00009,NOA,Consumer,Website,Tech,USB-C dock,3,112.54,337.62,223.99,Cancelled,5,4
14319,2026-07-13,C00364,Patagonia,Enterprise,Website,Cleaning,Paper towels x12,6,22.49,134.94,79.2,Delivered,5,7
14320,2026-07-13,C00920,Cuyo,Consumer,Website,Office,Paper A4 box,4,18.38,73.52,42.53,Delivered,2,1
14321,2026-07-13,C01733,Patagonia,SMB,Website,Tech,Wireless mouse,2,21.41,42.82,25.02,Delivered,3,3
14322,2026-07-14,C00039,NOA,SMB,Website,Office,Ergonomic chair,4,211.6,846.4,587.95,Delivered,2,1
14323,2026-07-14,C00002,Buenos Aires,SMB,Website,Tech,USB-C dock,7,120.19,841.33,513.25,Delivered,3,1
14324,2026-07-14,C00142,Buenos Aires,SMB,Marketplace,Office,Paper A4 box,5,18.35,91.75,52.62,Delivered,3,3
14325,2026-07-14,C00014,Cuyo,SMB,Website,Cleaning,Disinfectant 5L,3,14.57,43.71,29.3,Delivered,2,1
14326,2026-07-14,C00874,NOA,Consumer,Marketplace,Tech,USB-C dock,1,117.68,117.68,70.85,Delivered,2,2
14327,2026-07-14,C03965,Córdoba,SMB,Marketplace,Tech,27in monitor,7,231.87,1623.09,1134.28,Delivered,5,3
14328,2026-07-14,C00015,Cuyo,Consumer,Sales rep,Cleaning,Paper towels x12,3,19.56,58.68,34.72,Delivered,3,1
14329,2026-07-14,C00010,Córdoba,SMB,Marketplace,Office,Paper A4 box,7,18.63,130.41,69.67,Delivered,3,2
14330,2026-07-14,C02200,Buenos Aires,Enterprise,Marketplace,Tech,Wireless mouse,7,20.65,144.55,95.99,Delivered,2,2
14331,2026-07-14,C00004,Cuyo,Consumer,Marketplace,Office,Paper A4 box,2,16.62,33.24,22.43,Delivered,2,1
14332,2026-07-14,C00007,Cuyo,SMB,Marketplace,Cleaning,Paper towels x12,6,19.33,115.98,75.49,Delivered,5,3
14333,2026-07-14,C00095,Córdoba,SMB,Sales rep,Cleaning,Disinfectant 5L,4,16.15,64.6,39.44,Delivered,3,3
14334,2026-07-14,C00027,Cuyo,SMB,Sales rep,Tech,USB-C dock,6,121.98,731.88,445.06,Delivered,2,1
14335,2026-07-14,C00077,Buenos Aires,Enterprise,Website,Tech,27in monitor,5,247.48,1237.4,702.14,Delivered,3,2
14336,2026-07-14,C00003,Córdoba,Consumer,Sales rep,Cleaning,Disinfectant 5L,6,14.15,84.9,60.72,Delivered,3,3
14337,2026-07-14,C00788,Buenos Aires,SMB,Sales rep,Office,Toner cartridge,3,59.61,178.83,108.87,Delivered,3,3
14338,2026-07-14,C00789,Buenos Aires,Consumer,Marketplace,Cleaning,Disinfectant 5L,7,15.14,105.98,66.19,Delivered,5,5
14339,2026-07-14,C00067,Cuyo,Consumer,Website,Tech,USB-C dock,1,120.5,120.5,67.26,Delivered,5,2
14340,2026-07-14,C00498,Buenos Aires,Consumer,Marketplace,Cleaning,Disinfectant 5L,7,14.14,98.98,62.4,Delivered,2,2
14341,2026-07-14,C00310,Cuyo,SMB,Website,Tech,27in monitor,5,249.5,1247.5,808.77,Delivered,2,1
14342,2026-07-14,C00001,Cuyo,SMB,Website,Office,Ergonomic chair,5,217.84,1089.2,719.1,Delivered,3,2
14343,2026-07-14,C00159,Buenos Aires,SMB,Marketplace,Cleaning,Paper towels x12,7,21.09,147.63,101.1,Delivered,3,4
14344,2026-07-14,C00247,Cuyo,SMB,Website,Tech,Wireless mouse,3,22.32,66.96,39.64,Delivered,3,3
14345,2026-07-14,C00006,NOA,Enterprise,Website,Tech,Wireless mouse,3,21.75,65.25,44.77,Delivered,2,1
14346,2026-07-14,C00001,Cuyo,SMB,Website,Cleaning,Paper towels x12,4,22.51,90.04,46.37,Delivered,3,1
14347,2026-07-14,C00351,Buenos Aires,SMB,Website,Office,Ergonomic chair,7,219.24,1534.68,934.68,Cancelled,3,2
14348,2026-07-14,C00005,Cuyo,SMB,Marketplace,Tech,Wireless mouse,2,21.86,43.72,24.96,Delivered,5,5
14349,2026-07-14,C00090,Buenos Aires,Enterprise,Marketplace,Office,Ergonomic chair,7,196.12,1372.84,947.73,Delivered,2,2
14350,2026-07-14,C00026,Buenos Aires,SMB,Sales rep,Cleaning,Paper towels x12,3,19.65,58.95,35.47,Cancelled,5,4
14351,2026-07-15,C01488,Córdoba,Consumer,Sales rep,Cleaning,Disinfectant 5L,1,14.34,14.34,8.68,Delivered,3,1
14352,2026-07-15,C03908,Córdoba,Consumer,Website,Office,Toner cartridge,6,66.61,399.66,222.27,Delivered,5,5
14353,2026-07-15,C00001,Cuyo,SMB,Sales rep,Office,Toner cartridge,6,63.9,383.4,250.6,Delivered,3,1
14354,2026-07-15,C00039,NOA,SMB,Sales rep,Office,Paper A4 box,7,18.56,129.92,77.19,Delivered,3,4
14355,2026-07-15,C00005,Cuyo,SMB,Website,Cleaning,Disinfectant 5L,4,14.3,57.2,39.17,Delivered,3,1
14356,2026-07-15,C00009,NOA,Consumer,Website,Office,Paper A4 box,5,18.08,90.4,55.93,Delivered,2,2
14357,2026-07-15,C00002,Buenos Aires,SMB,Website,Cleaning,Disinfectant 5L,3,15.55,46.65,26.56,Delivered,5,5
14358,2026-07-15,C00003,Córdoba,Consumer,Sales rep,Office,Paper A4 box,1,18.34,18.34,12.25,Delivered,2,1
14359,2026-07-15,C00001,Cuyo,SMB,Sales rep,Tech,Wireless mouse,1,20.32,20.32,15.33,Delivered,5,4
14360,2026-07-15,C00294,NOA,SMB,Marketplace,Office,Paper A4 box,1,16.86,16.86,10.74,Delivered,5,4
14361,2026-07-15,C00340,Córdoba,Enterprise,Website,Tech,27in monitor,2,253.3,506.6,321.95,Delivered,2,1
14362,2026-07-15,C00836,Cuyo,SMB,Website,Tech,USB-C dock,5,127.66,638.3,350.5,Delivered,2,1
14363,2026-07-15,C00025,Buenos Aires,SMB,Website,Cleaning,Disinfectant 5L,3,15.02,45.06,26.93,Delivered,3,1
14364,2026-07-15,C00006,NOA,Enterprise,Website,Tech,USB-C dock,5,125.99,629.95,390.18,Delivered,3,1
14365,2026-07-15,C00062,Patagonia,Consumer,Marketplace,Office,Ergonomic chair,3,206.92,620.76,427.38,Returned,2,1
14366,2026-07-15,C01659,Córdoba,Enterprise,Sales rep,Office,Ergonomic chair,2,196.33,392.66,233.44,Delivered,2,1
14367,2026-07-15,C00050,NOA,Consumer,Marketplace,Cleaning,Paper towels x12,7,22.5,157.5,95.98,Delivered,3,1
14368,2026-07-15,C02311,Buenos Aires,Enterprise,Marketplace,Cleaning,Paper towels x12,4,20.05,80.2,52.66,Delivered,5,3
14369,2026-07-15,C00022,Cuyo,SMB,Sales rep,Cleaning,Disinfectant 5L,2,16.13,32.26,18.0,Returned,5,3
14370,2026-07-15,C00032,Cuyo,SMB,Website,Tech,Wireless mouse,3,21.73,65.19,45.37,Delivered,5,4
14371,2026-07-15,C01647,Cuyo,Consumer,Sales rep,Office,Toner cartridge,7,65.92,461.44,307.59,Delivered,2,1
14372,2026-07-15,C00031,Buenos Aires,SMB,Website,Office,Paper A4 box,3,19.19,57.57,33.25,Delivered,3,4
14373,2026-07-15,C00022,Cuyo,SMB,Website,Office,Ergonomic chair,5,225.45,1127.25,602.0,Delivered,5,4
14374,2026-07-16,C02831,Cuyo,SMB,Marketplace,Cleaning,Paper towels x12,5,19.61,98.05,62.23,Delivered,3,4
14375,2026-07-16,C00416,Buenos Aires,Consumer,Website,Cleaning,Paper towels x12,3,21.28,63.84,43.22,Delivered,2,1
14376,2026-07-16,C00002,Buenos Aires,SMB,Website,Tech,27in monitor,3,237.58,712.74,423.77,Delivered,3,3
14377,2026-07-16,C00070,Cuyo,Consumer,Website,Tech,Wireless mouse,3,23.28,69.84,46.08,Delivered,5,6
14378,2026-07-16,C00581,Córdoba,Consumer,Website,Cleaning,Paper towels x12,5,21.96,109.8,62.61,Delivered,2,1
14379,2026-07-16,C00431,Córdoba,Consumer,Marketplace,Cleaning,Disinfectant 5L,4,13.81,55.24,36.57,Delivered,2,1
14380,2026-07-16,C00035,Buenos Aires,SMB,Website,Tech,27in monitor,2,254.11,508.22,326.92,Delivered,3,3
14381,2026-07-16,C00012,Buenos Aires,Consumer,Website,Tech,USB-C dock,7,127.51,892.57,549.42,Returned,2,2
14382,2026-07-16,C00012,Buenos Aires,Consumer,Sales rep,Cleaning,Disinfectant 5L,1,16.04,16.04,10.21,Delivered,3,3
14383,2026-07-16,C00064,Cuyo,SMB,Website,Tech,27in monitor,7,263.23,1842.61,1067.11,Delivered,3,3
14384,2026-07-16,C00008,Cuyo,SMB,Marketplace,Office,Toner cartridge,1,64.19,64.19,41.93,Returned,5,6
14385,2026-07-16,C00033,Cuyo,SMB,Marketplace,Office,Ergonomic chair,4,197.39,789.56,535.06,Delivered,5,3
14386,2026-07-16,C02738,NOA,SMB,Marketplace,Tech,27in monitor,4,233.15,932.6,571.07,Delivered,3,3
14387,2026-07-16,C00352,Córdoba,Enterprise,Marketplace,Cleaning,Paper towels x12,3,21.03,63.09,38.51,Delivered,2,3
14388,2026-07-16,C00023,Buenos Aires,Consumer,Sales rep,Tech,USB-C dock,1,124.93,124.93,83.18,Delivered,5,4
14389,2026-07-16,C00004,Cuyo,Consumer,Website,Tech,Wireless mouse,1,20.73,20.73,13.19,Delivered,2,2
14390,2026-07-16,C00012,Buenos Aires,Consumer,Marketplace,Office,Ergonomic chair,4,215.07,860.28,577.41,Delivered,3,2
14391,2026-07-16,C00404,Buenos Aires,SMB,Website,Office,Ergonomic chair,1,222.05,222.05,132.63,Delivered,2,1
14392,2026-07-16,C00045,NOA,SMB,Website,Office,Toner cartridge,7,64.85,453.95,312.58,Delivered,2,1
14393,2026-07-16,C01289,Cuyo,Enterprise,Website,Tech,27in monitor,2,239.29,478.58,306.34,Delivered,2,2
14394,2026-07-16,C00028,Patagonia,SMB,Marketplace,Cleaning,Paper towels x12,7,19.77,138.39,87.05,Delivered,5,4
14395,2026-07-16,C00040,Cuyo,Consumer,Marketplace,Office,Toner cartridge,4,61.23,244.92,174.99,Delivered,3,2
14396,2026-07-17,C00003,Córdoba,Consumer,Marketplace,Cleaning,Paper towels x12,4,22.26,89.04,53.43,Delivered,2,1
14397,2026-07-17,C00002,Buenos Aires,SMB,Marketplace,Office,Ergonomic chair,1,207.87,207.87,140.6,Delivered,2,2
14398,2026-07-17,C00002,Buenos Aires,SMB,Marketplace,Cleaning,Disinfectant 5L,1,15.62,15.62,9.99,Delivered,2,3
14399,2026-07-17,C00005,Cuyo,SMB,Website,Office,Paper A4 box,7,17.71,123.97,70.52,Delivered,3,4
14400,2026-07-17,C00050,NOA,Consumer,Website,Tech,27in monitor,4,247.82,991.28,585.65,Delivered,3,2
14401,2026-07-17,C00319,Buenos Aires,SMB,Website,Tech,Wireless mouse,2,20.66,41.32,26.11,Delivered,5,5
14402,2026-07-17,C00023,Buenos Aires,Consumer,Website,Cleaning,Disinfectant 5L,6,14.09,84.54,59.35,Delivered,2,1
14403,2026-07-17,C00119,Córdoba,SMB,Website,Office,Ergonomic chair,3,210.7,632.1,405.3,Delivered,2,1
14404,2026-07-17,C00004,Cuyo,Consumer,Sales rep,Office,Toner cartridge,1,59.72,59.72,36.18,Delivered,2,2
14405,2026-07-17,C01703,Patagonia,SMB,Website,Tech,27in monitor,5,261.44,1307.2,751.83,Delivered,3,2
14406,2026-07-17,C00463,NOA,Enterprise,Marketplace,Cleaning,Disinfectant 5L,1,15.81,15.81,9.09,Delivered,5,5
14407,2026-07-17,C00021,NOA,SMB,Website,Cleaning,Paper towels x12,2,19.41,38.82,24.8,Delivered,2,2
14408,2026-07-17,C00006,NOA,Enterprise,Website,Office,Paper A4 box,3,18.73,56.19,34.78,Delivered,2,1
14409,2026-07-17,C02349,Córdoba,Enterprise,Marketplace,Office,Toner cartridge,1,59.8,59.8,43.65,Delivered,5,4
14410,2026-07-17,C00272,Cuyo,SMB,Website,Tech,27in monitor,6,239.03,1434.18,904.74,Delivered,3,4
14411,2026-07-17,C02039,Córdoba,SMB,Sales rep,Office,Ergonomic chair,6,194.64,1167.84,781.72,Delivered,3,2
14412,2026-07-17,C01691,Córdoba,SMB,Website,Office,Paper A4 box,1,18.9,18.9,11.5,Delivered,2,1
14413,2026-07-17,C00002,Buenos Aires,SMB,Website,Office,Ergonomic chair,5,206.27,1031.35,663.52,Delivered,5,5
14414,2026-07-17,C00973,Córdoba,SMB,Website,Cleaning,Paper towels x12,4,19.92,79.68,53.4,Delivered,5,5
14415,2026-07-17,C03173,Buenos Aires,SMB,Marketplace,Tech,USB-C dock,6,125.37,752.22,446.15,Returned,2,1
14416,2026-07-17,C00554,NOA,Enterprise,Website,Office,Paper A4 box,2,18.58,37.16,23.43,Delivered,5,3
14417,2026-07-17,C00001,Cuyo,SMB,Website,Tech,Wireless mouse,4,23.67,94.68,51.64,Delivered,3,1
14418,2026-07-17,C01752,Córdoba,Consumer,Marketplace,Tech,Wireless mouse,6,21.8,130.8,87.08,Delivered,5,7
14419,2026-07-17,C00001,Cuyo,SMB,Website,Office,Ergonomic chair,4,226.39,905.56,571.71,Cancelled,3,4
14420,2026-07-17,C00318,Cuyo,SMB,Website,Tech,Wireless mouse,2,22.27,44.54,25.91,Delivered,3,3
14421,2026-07-17,C00760,Cuyo,Consumer,Website,Tech,USB-C dock,2,112.74,225.48,163.07,Delivered,5,7
14422,2026-07-17,C01421,Cuyo,SMB,Marketplace,Office,Ergonomic chair,5,213.61,1068.05,705.01,Delivered,2,2
14423,2026-07-17,C00010,Córdoba,SMB,Website,Tech,27in monitor,6,227.0,1362.0,982.53,Delivered,3,2
14424,2026-07-18,C00111,Cuyo,Consumer,Website,Cleaning,Paper towels x12,6,21.99,131.94,87.33,Delivered,2,1
14425,2026-07-18,C00099,Cuyo,Enterprise,Sales rep,Cleaning,Disinfectant 5L,4,15.28,61.12,37.49,Delivered,5,3
14426,2026-07-18,C00041,Cuyo,Consumer,Marketplace,Office,Ergonomic chair,1,217.18,217.18,136.31,Delivered,5,4
14427,2026-07-18,C00499,Córdoba,SMB,Marketplace,Office,Paper A4 box,1,17.06,17.06,12.12,Delivered,2,1
14428,2026-07-18,C00210,Buenos Aires,Consumer,Website,Cleaning,Paper towels x12,3,21.43,64.29,42.04,Delivered,3,3
14429,2026-07-18,C00493,Córdoba,SMB,Website,Cleaning,Disinfectant 5L,2,16.04,32.08,19.92,Delivered,2,1
14430,2026-07-18,C00104,Patagonia,Consumer,Sales rep,Cleaning,Disinfectant 5L,5,14.15,70.75,48.82,Delivered,3,2
14431,2026-07-18,C00742,Cuyo,SMB,Website,Office,Ergonomic chair,5,195.5,977.5,627.69,Delivered,2,1
14432,2026-07-18,C00027,Cuyo,SMB,Website,Tech,27in monitor,6,261.16,1566.96,1001.44,Delivered,3,1
14433,2026-07-18,C00305,Buenos Aires,Enterprise,Marketplace,Cleaning,Disinfectant 5L,6,15.91,95.46,54.78,Delivered,3,2
14434,2026-07-18,C01531,Patagonia,Consumer,Marketplace,Cleaning,Paper towels x12,1,19.63,19.63,12.12,Delivered,2,1
14435,2026-07-18,C00014,Cuyo,SMB,Marketplace,Cleaning,Disinfectant 5L,5,15.08,75.4,42.02,Delivered,3,1
14436,2026-07-18,C00002,Buenos Aires,SMB,Marketplace,Office,Toner cartridge,6,59.61,357.66,260.26,Delivered,3,5
14437,2026-07-18,C00415,Cuyo,Consumer,Sales rep,Cleaning,Paper towels x12,3,22.63,67.89,34.92,Returned,2,1
14438,2026-07-19,C00002,Buenos Aires,SMB,Marketplace,Office,Ergonomic chair,2,226.23,452.46,269.79,Delivered,5,5
14439,2026-07-19,C00009,NOA,Consumer,Marketplace,Office,Ergonomic chair,1,196.0,196.0,132.84,Delivered,2,1
14440,2026-07-19,C00029,Patagonia,Consumer,Sales rep,Cleaning,Paper towels x12,7,19.81,138.67,90.11,Delivered,5,6
14441,2026-07-19,C01294,Buenos Aires,Enterprise,Sales rep,Office,Ergonomic chair,3,222.1,666.3,395.87,Delivered,3,3
14442,2026-07-19,C00286,Buenos Aires,SMB,Sales rep,Cleaning,Disinfectant 5L,6,14.84,89.04,51.09,Delivered,2,1
14443,2026-07-19,C00002,Buenos Aires,SMB,Marketplace,Cleaning,Paper towels x12,1,19.77,19.77,12.19,Delivered,2,1
14444,2026-07-19,C00053,Cuyo,Consumer,Marketplace,Cleaning,Paper towels x12,3,22.09,66.27,40.05,Delivered,5,3
14445,2026-07-19,C00021,NOA,SMB,Marketplace,Office,Ergonomic chair,4,223.86,895.44,512.3,Delivered,2,3
14446,2026-07-19,C00001,Cuyo,SMB,Website,Office,Toner cartridge,5,68.94,344.7,216.46,Delivered,3,2
14447,2026-07-19,C01606,Cuyo,SMB,Website,Office,Toner cartridge,4,65.39,261.56,168.51,Delivered,5,3
14448,2026-07-19,C01673,Cuyo,Consumer,Marketplace,Tech,27in monitor,6,243.84,1463.04,842.39,Delivered,3,2
14449,2026-07-19,C00008,Cuyo,SMB,Marketplace,Cleaning,Disinfectant 5L,7,13.8,96.6,60.55,Delivered,2,2
14450,2026-07-19,C00295,NOA,SMB,Sales rep,Tech,USB-C dock,7,115.22,806.54,572.28,Delivered,5,3
14451,2026-07-19,C00080,Buenos Aires,SMB,Website,Office,Ergonomic chair,4,206.16,824.64,552.66,Delivered,2,3
14452,2026-07-19,C00114,Patagonia,Enterprise,Sales rep,Tech,Wireless mouse,1,22.31,22.31,14.88,Delivered,3,1
14453,2026-07-19,C00070,Cuyo,Consumer,Marketplace,Office,Toner cartridge,4,65.98,263.92,179.17,Delivered,2,1
14454,2026-07-20,C01253,Córdoba,SMB,Website,Office,Paper A4 box,4,18.19,72.76,46.78,Delivered,5,4
14455,2026-07-20,C01166,Cuyo,Consumer,Website,Office,Ergonomic chair,3,209.82,629.46,349.64,Delivered,2,2
14456,2026-07-20,C00006,NOA,Enterprise,Marketplace,Office,Toner cartridge,6,67.6,405.6,227.63,Delivered,5,5
14457,2026-07-20,C00003,Córdoba,Consumer,Marketplace,Cleaning,Disinfectant 5L,7,15.6,109.2,59.83,Delivered,3,1
14458,2026-07-20,C01086,Cuyo,SMB,Marketplace,Tech,USB-C dock,1,117.96,117.96,71.96,Delivered,2,1
14459,2026-07-20,C00993,Córdoba,SMB,Marketplace,Tech,USB-C dock,1,126.02,126.02,82.29,Delivered,2,1
14460,2026-07-20,C01683,Córdoba,SMB,Website,Office,Paper A4 box,3,17.39,52.17,33.63,Delivered,5,3
14461,2026-07-20,C00001,Cuyo,SMB,Website,Tech,Wireless mouse,4,22.08,88.32,49.34,Delivered,2,1
14462,2026-07-20,C00037,Córdoba,Enterprise,Website,Cleaning,Disinfectant 5L,1,14.34,14.34,8.81,Delivered,2,3
14463,2026-07-20,C00084,Buenos Aires,Consumer,Sales rep,Tech,27in monitor,7,232.14,1624.98,1090.12,Delivered,2,1
14464,2026-07-20,C01729,Córdoba,SMB,Sales rep,Tech,27in monitor,5,226.15,1130.75,720.67,Delivered,3,2
14465,2026-07-20,C03818,Córdoba,SMB,Sales rep,Tech,USB-C dock,5,118.56,592.8,395.15,Returned,5,2
14466,2026-07-20,C00922,Córdoba,Consumer,Marketplace,Office,Paper A4 box,5,19.08,95.4,53.99,Delivered,5,3
14467,2026-07-20,C00322,Cuyo,Consumer,Sales rep,Office,Paper A4 box,4,18.63,74.52,39.82,Delivered,2,1
14468,2026-07-20,C00036,Cuyo,Consumer,Website,Tech,27in monitor,5,262.31,1311.55,712.03,Delivered,3,1
14469,2026-07-20,C03596,Córdoba,Consumer,Sales rep,Tech,Wireless mouse,4,23.74,94.96,55.91,Delivered,3,4
14470,2026-07-20,C00003,Córdoba,Consumer,Marketplace,Office,Toner cartridge,6,67.44,404.64,240.14,Delivered,5,3
14471,2026-07-20,C03688,Patagonia,Consumer,Marketplace,Office,Toner cartridge,6,66.23,397.38,239.22,Delivered,3,1
14472,2026-07-20,C00188,Buenos Aires,SMB,Marketplace,Cleaning,Paper towels x12,3,21.32,63.96,35.61,Delivered,2,1
14473,2026-07-20,C00071,Patagonia,Consumer,Sales rep,Tech,27in monitor,1,249.96,249.96,163.82,Delivered,2,1
14474,2026-07-20,C01414,Buenos Aires,Consumer,Marketplace,Office,Paper A4 box,6,19.14,114.84,63.82,Delivered,3,1
14475,2026-07-20,C00081,Cuyo,Consumer,Sales rep,Office,Toner cartridge,1,67.79,67.79,37.94,Delivered,5,5
14476,2026-07-20,C02879,Cuyo,SMB,Website,Cleaning,Disinfectant 5L,1,13.9,13.9,8.89,Delivered,2,1
14477,2026-07-20,C00027,Cuyo,SMB,Website,Office,Toner cartridge,3,62.15,186.45,129.13,Delivered,2,2
14478,2026-07-21,C02661,NOA,SMB,Website,Office,Paper A4 box,1,17.66,17.66,12.49,Delivered,2,2
14479,2026-07-21,C00185,Patagonia,SMB,Marketplace,Office,Paper A4 box,1,18.61,18.61,11.56,Delivered,2,2
14480,2026-07-21,C00011,Buenos Aires,Enterprise,Website,Office,Ergonomic chair,2,226.64,453.28,285.71,Delivered,5,5
14481,2026-07-21,C00130,Buenos Aires,Consumer,Sales rep,Office,Toner cartridge,3,59.49,178.47,115.66,Delivered,2,2
14482,2026-07-21,C02330,Buenos Aires,Consumer,Website,Office,Toner cartridge,2,66.85,133.7,75.68,Delivered,3,2
14483,2026-07-21,C01605,Cuyo,SMB,Website,Cleaning,Disinfectant 5L,3,15.88,47.64,31.08,Delivered,5,5
14484,2026-07-21,C00030,Cuyo,Consumer,Website,Cleaning,Paper towels x12,5,19.68,98.4,66.95,Delivered,3,2
14485,2026-07-21,C01102,Córdoba,SMB,Website,Office,Toner cartridge,6,67.22,403.32,218.88,Delivered,5,4
14486,2026-07-21,C03900,Córdoba,Consumer,Sales rep,Cleaning,Paper towels x12,7,21.61,151.27,86.67,Delivered,5,4
14487,2026-07-21,C00060,Cuyo,Consumer,Website,Cleaning,Paper towels x12,7,19.96,139.72,98.42,Delivered,3,4
14488,2026-07-21,C00225,Cuyo,Consumer,Website,Cleaning,Disinfectant 5L,6,15.48,92.88,57.75,Delivered,2,1
14489,2026-07-21,C00053,Cuyo,Consumer,Sales rep,Tech,USB-C dock,3,129.34,388.02,251.64,Delivered,5,4
14490,2026-07-21,C03708,Cuyo,Consumer,Website,Office,Toner cartridge,1,67.77,67.77,37.81,Delivered,2,3
14491,2026-07-21,C00901,Buenos Aires,Consumer,Website,Cleaning,Paper towels x12,3,20.81,62.43,34.72,Delivered,2,1
14492,2026-07-21,C00001,Cuyo,SMB,Website,Cleaning,Paper towels x12,1,21.48,21.48,14.1,Delivered,5,3
14493,2026-07-21,C01075,Cuyo,Consumer,Marketplace,Cleaning,Disinfectant 5L,4,15.96,63.84,37.5,Delivered,3,3
14494,2026-07-21,C03601,Buenos Aires,SMB,Sales rep,Cleaning,Disinfectant 5L,4,14.59,58.36,33.62,Delivered,3,1
14495,2026-07-21,C00305,Buenos Aires,Enterprise,Website,Office,Ergonomic chair,7,212.76,1489.32,973.6,Delivered,3,2
14496,2026-07-21,C00064,Cuyo,SMB,Website,Office,Paper A4 box,6,16.9,101.4,62.14,Delivered,2,1
14497,2026-07-21,C00050,NOA,Consumer,Marketplace,Office,Toner cartridge,6,63.74,382.44,238.52,Delivered,2,2
14498,2026-07-21,C00057,Buenos Aires,Enterprise,Website,Cleaning,Disinfectant 5L,5,14.93,74.65,51.18,Delivered,5,4
14499,2026-07-21,C00109,NOA,Consumer,Website,Office,Toner cartridge,5,66.33,331.65,212.78,Delivered,5,6
14500,2026-07-21,C00250,NOA,SMB,Website,Cleaning,Disinfectant 5L,7,15.13,105.91,62.65,Delivered,3,3
14501,2026-07-21,C01542,Buenos Aires,SMB,Sales rep,Office,Paper A4 box,7,17.63,123.41,86.27,Delivered,5,5
14502,2026-07-22,C00001,Cuyo,SMB,Website,Cleaning,Disinfectant 5L,5,15.63,78.15,48.15,Delivered,3,2
14503,2026-07-22,C00016,Córdoba,Consumer,Website,Tech,Wireless mouse,7,22.79,159.53,87.29,Delivered,5,4
14504,2026-07-22,C00066,Cuyo,Enterprise,Sales rep,Cleaning,Paper towels x12,1,20.15,20.15,14.41,Delivered,3,2
14505,2026-07-22,C01630,Buenos Aires,Enterprise,Sales rep,Tech,Wireless mouse,6,21.59,129.54,88.26,Delivered,5,4
14506,2026-07-22,C01044,NOA,SMB,Marketplace,Tech,Wireless mouse,6,23.06,138.36,78.4,Delivered,5,5
14507,2026-07-22,C00377,Cuyo,Consumer,Sales rep,Office,Ergonomic chair,5,222.96,1114.8,597.96,Delivered,2,1
14508,2026-07-22,C00006,NOA,Enterprise,Sales rep,Tech,Wireless mouse,7,20.64,144.48,101.41,Delivered,3,2
14509,2026-07-22,C00005,Cuyo,SMB,Website,Office,Paper A4 box,7,18.23,127.61,75.0,Delivered,2,1
14510,2026-07-22,C00009,NOA,Consumer,Website,Tech,USB-C dock,7,117.03,819.21,554.34,Delivered,3,2
14511,2026-07-22,C00634,Buenos Aires,Enterprise,Website,Tech,Wireless mouse,7,21.29,149.03,89.79,Delivered,3,2
14512,2026-07-22,C00001,Cuyo,SMB,Marketplace,Tech,Wireless mouse,6,22.92,137.52,79.19,Delivered,2,1
14513,2026-07-22,C02214,Cuyo,SMB,Marketplace,Tech,27in monitor,6,245.7,1474.2,1013.88,Cancelled,2,3
14514,2026-07-22,C00002,Buenos Aires,SMB,Website,Tech,Wireless mouse,2,21.36,42.72,24.78,Delivered,2,1
14515,2026-07-22,C00427,Cuyo,SMB,Sales rep,Office,Ergonomic chair,5,194.03,970.15,607.21,Delivered,3,3
14516,2026-07-22,C00001,Cuyo,SMB,Sales rep,Cleaning,Paper towels x12,5,19.56,97.8,64.98,Delivered,5,5
14517,2026-07-22,C00023,Buenos Aires,Consumer,Sales rep,Tech,27in monitor,1,245.28,245.28,148.61,Delivered,2,1
14518,2026-07-22,C00001,Cuyo,SMB,Marketplace,Tech,Wireless mouse,5,20.99,104.95,65.69,Delivered,3,3
14519,2026-07-22,C00368,Cuyo,SMB,Marketplace,Tech,USB-C dock,1,124.56,124.56,76.0,Delivered,5,5
14520,2026-07-22,C00007,Cuyo,SMB,Website,Office,Toner cartridge,7,62.21,435.47,268.43,Delivered,5,4
14521,2026-07-22,C00635,Buenos Aires,SMB,Marketplace,Cleaning,Paper towels x12,5,20.2,101.0,59.53,Delivered,3,2
14522,2026-07-22,C02945,Buenos Aires,SMB,Marketplace,Tech,27in monitor,7,250.29,1752.03,1072.61,Delivered,3,1
14523,2026-07-22,C00021,NOA,SMB,Sales rep,Office,Toner cartridge,6,63.97,383.82,233.98,Delivered,5,3
14524,2026-07-22,C00021,NOA,SMB,Marketplace,Cleaning,Disinfectant 5L,6,15.42,92.52,59.6,Delivered,5,3
14525,2026-07-22,C00059,Cuyo,Consumer,Website,Tech,USB-C dock,3,112.0,336.0,202.86,Delivered,3,2
14526,2026-07-22,C00143,Cuyo,SMB,Website,Office,Paper A4 box,2,17.32,34.64,23.37,Delivered,2,1
14527,2026-07-22,C02759,Buenos Aires,Consumer,Website,Office,Toner cartridge,2,67.84,135.68,81.95,Delivered,3,2
14528,2026-07-22,C00004,Cuyo,Consumer,Website,Office,Ergonomic chair,7,223.95,1567.65,870.33,Delivered,5,4
14529,2026-07-22,C01216,Cuyo,Consumer,Marketplace,Tech,27in monitor,3,230.33,690.99,468.09,Delivered,2,1
14530,2026-07-22,C00345,NOA,Enterprise,Sales rep,Office,Paper A4 box,6,19.29,115.74,69.0,Delivered,2,2
14531,2026-07-23,C00006,NOA,Enterprise,Website,Office,Ergonomic chair,2,196.83,393.66,242.98,Delivered,5,2
14532,2026-07-23,C00002,Buenos Aires,SMB,Website,Office,Ergonomic chair,4,223.42,893.68,541.1,Returned,3,1
14533,2026-07-23,C02244,Córdoba,SMB,Marketplace,Office,Paper A4 box,3,17.72,53.16,35.81,Delivered,3,4
14534,2026-07-23,C00005,Cuyo,SMB,Website,Tech,Wireless mouse,3,23.31,69.93,44.78,Delivered,5,3
14535,2026-07-23,C03103,Córdoba,SMB,Sales rep,Tech,Wireless mouse,5,21.91,109.55,62.7,Delivered,5,3
14536,2026-07-23,C00116,Cuyo,Consumer,Website,Cleaning,Disinfectant 5L,4,14.34,57.36,33.82,Delivered,5,4
14537,2026-07-23,C01067,Cuyo,SMB,Website,Tech,USB-C dock,5,112.27,561.35,335.94,Delivered,5,2
14538,2026-07-23,C00080,Buenos Aires,SMB,Marketplace,Office,Ergonomic chair,6,211.25,1267.5,709.16,Delivered,5,6
14539,2026-07-23,C00094,Buenos Aires,SMB,Website,Cleaning,Paper towels x12,4,19.79,79.16,47.9,Delivered,3,2
14540,2026-07-23,C00014,Cuyo,SMB,Website,Tech,27in monitor,3,225.97,677.91,470.81,Delivered,5,4
14541,2026-07-23,C00189,Córdoba,SMB,Marketplace,Tech,Wireless mouse,4,23.48,93.92,54.32,Delivered,5,6
14542,2026-07-23,C00004,Cuyo,Consumer,Website,Cleaning,Paper towels x12,6,20.02,120.12,79.25,Delivered,3,2
14543,2026-07-23,C01068,Córdoba,SMB,Website,Cleaning,Disinfectant 5L,3,14.04,42.12,31.23,Delivered,3,3
14544,2026-07-23,C01018,Cuyo,SMB,Sales rep,Cleaning,Disinfectant 5L,2,14.23,28.46,19.93,Delivered,3,2
14545,2026-07-23,C00014,Cuyo,SMB,Website,Tech,Wireless mouse,2,22.32,44.64,24.29,Delivered,5,6
14546,2026-07-23,C00801,Cuyo,Enterprise,Marketplace,Tech,27in monitor,4,260.12,1040.48,576.76,Delivered,5,6
14547,2026-07-23,C00178,Córdoba,SMB,Marketplace,Tech,27in monitor,5,246.99,1234.95,820.95,Delivered,3,1
14548,2026-07-23,C00003,Córdoba,Consumer,Marketplace,Office,Toner cartridge,1,60.31,60.31,37.59,Returned,2,2
14549,2026-07-23,C00071,Patagonia,Consumer,Sales rep,Tech,USB-C dock,3,120.31,360.93,229.25,Delivered,3,2
14550,2026-07-23,C00004,Cuyo,Consumer,Website,Tech,Wireless mouse,7,21.73,152.11,99.22,Delivered,2,1
14551,2026-07-23,C00001,Cuyo,SMB,Sales rep,Tech,Wireless mouse,4,23.26,93.04,55.21,Cancelled,5,3
14552,2026-07-23,C00023,Buenos Aires,Consumer,Website,Tech,Wireless mouse,2,22.75,45.5,28.66,Delivered,5,6
14553,2026-07-24,C00001,Cuyo,SMB,Sales rep,Tech,USB-C dock,2,116.62,233.24,141.61,Delivered,2,1
14554,2026-07-24,C00001,Cuyo,SMB,Website,Tech,Wireless mouse,7,22.56,157.92,99.74,Delivered,2,1
14555,2026-07-24,C00008,Cuyo,SMB,Website,Cleaning,Disinfectant 5L,3,15.16,45.48,29.21,Delivered,5,4
14556,2026-07-24,C00642,Córdoba,SMB,Sales rep,Office,Toner cartridge,1,60.06,60.06,38.67,Delivered,3,3
14557,2026-07-24,C00008,Cuyo,SMB,Marketplace,Cleaning,Disinfectant 5L,1,15.13,15.13,9.04,Returned,5,5
14558,2026-07-24,C00298,Buenos Aires,Enterprise,Website,Office,Toner cartridge,5,67.83,339.15,188.8,Delivered,5,5
14559,2026-07-24,C00579,Patagonia,SMB,Sales rep,Office,Ergonomic chair,7,225.36,1577.52,887.26,Delivered,2,1
14560,2026-07-24,C00511,NOA,SMB,Website,Office,Toner cartridge,6,61.94,371.64,244.24,Delivered,3,4
14561,2026-07-24,C03156,Buenos Aires,Enterprise,Sales rep,Tech,USB-C dock,2,112.18,224.36,132.82,Delivered,2,2
14562,2026-07-24,C00565,NOA,Consumer,Marketplace,Tech,27in monitor,3,240.36,721.08,496.09,Delivered,2,3
14563,2026-07-24,C00026,Buenos Aires,SMB,Website,Office,Paper A4 box,5,17.32,86.6,50.0,Delivered,5,5
14564,2026-07-24,C00001,Cuyo,SMB,Marketplace,Tech,Wireless mouse,7,20.68,144.76,95.23,Delivered,5,6
14565,2026-07-24,C01136,NOA,SMB,Website,Tech,27in monitor,3,251.82,755.46,438.13,Delivered,3,4
14566,2026-07-24,C00009,NOA,Consumer,Marketplace,Tech,Wireless mouse,7,21.97,153.79,103.28,Cancelled,3,5
14567,2026-07-24,C01990,Buenos Aires,SMB,Sales rep,Office,Ergonomic chair,4,214.67,858.68,484.69,Delivered,3,3
14568,2026-07-24,C01520,Buenos Aires,Consumer,Website,Cleaning,Disinfectant 5L,4,14.21,56.84,41.08,Delivered,3,3
14569,2026-07-24,C00220,Cuyo,Enterprise,Sales rep,Cleaning,Paper towels x12,3,20.61,61.83,40.2,Delivered,5,3
14570,2026-07-24,C02676,Patagonia,SMB,Website,Office,Ergonomic chair,5,196.53,982.65,616.44,Delivered,3,1
14571,2026-07-24,C00596,Buenos Aires,SMB,Website,Office,Paper A4 box,5,17.27,86.35,60.3,Delivered,5,2
14572,2026-07-24,C00945,Córdoba,Consumer,Website,Cleaning,Paper towels x12,7,21.65,151.55,89.06,Delivered,2,1
14573,2026-07-24,C03633,Cuyo,Consumer,Website,Tech,Wireless mouse,4,20.43,81.72,55.3,Delivered,3,1
14574,2026-07-24,C01221,Córdoba,Consumer,Sales rep,Office,Ergonomic chair,1,195.95,195.95,126.01,Delivered,3,1
14575,2026-07-24,C00076,Córdoba,SMB,Website,Tech,27in monitor,7,252.21,1765.47,985.65,Delivered,2,1
14576,2026-07-25,C00071,Patagonia,Consumer,Website,Office,Ergonomic chair,3,194.37,583.11,437.97,Delivered,3,1
14577,2026-07-25,C02430,Buenos Aires,Enterprise,Website,Tech,27in monitor,4,226.05,904.2,598.21,Delivered,3,1
14578,2026-07-25,C00012,Buenos Aires,Consumer,Marketplace,Tech,Wireless mouse,2,23.24,46.48,30.11,Returned,5,4
14579,2026-07-25,C00001,Cuyo,SMB,Website,Cleaning,Paper towels x12,6,21.72,130.32,69.85,Delivered,2,2
14580,2026-07-25,C00024,Buenos Aires,SMB,Website,Tech,27in monitor,4,243.43,973.72,647.81,Delivered,5,4
14581,2026-07-25,C00004,Cuyo,Consumer,Website,Office,Toner cartridge,7,68.89,482.23,306.29,Delivered,3,2
14582,2026-07-25,C00040,Cuyo,Consumer,Marketplace,Office,Toner cartridge,3,67.23,201.69,130.46,Delivered,2,2
14583,2026-07-25,C00162,Córdoba,Enterprise,Website,Office,Toner cartridge,6,59.63,357.78,243.37,Delivered,3,4
14584,2026-07-26,C00002,Buenos Aires,SMB,Sales rep,Tech,27in monitor,1,226.55,226.55,154.45,Delivered,3,1
14585,2026-07-26,C00113,Cuyo,Consumer,Marketplace,Tech,27in monitor,7,245.66,1719.62,1177.24,Delivered,3,3
14586,2026-07-26,C00011,Buenos Aires,Enterprise,Website,Office,Toner cartridge,3,61.11,183.33,133.02,Delivered,3,2
14587,2026-07-26,C02805,Buenos Aires,SMB,Marketplace,Office,Toner cartridge,7,62.31,436.17,276.41,Delivered,3,1
14588,2026-07-26,C00001,Cuyo,SMB,Sales rep,Tech,Wireless mouse,7,22.4,156.8,92.31,Delivered,3,4
14589,2026-07-26,C00030,Cuyo,Consumer,Website,Office,Toner cartridge,4,66.86,267.44,175.35,Delivered,2,1
14590,2026-07-26,C00004,Cuyo,Consumer,Marketplace,Tech,USB-C dock,7,116.13,812.91,524.53,Delivered,3,1
14591,2026-07-26,C00877,Cuyo,SMB,Marketplace,Tech,Wireless mouse,4,22.0,88.0,58.14,Cancelled,3,2
14592,2026-07-26,C00161,Cuyo,Enterprise,Website,Office,Ergonomic chair,4,216.22,864.88,469.17,Returned,3,2
14593,2026-07-26,C00057,Buenos Aires,Enterprise,Website,Office,Toner cartridge,2,59.04,118.08,87.76,Delivered,2,2
14594,2026-07-26,C00002,Buenos Aires,SMB,Sales rep,Tech,Wireless mouse,3,22.84,68.52,39.63,Delivered,5,4
14595,2026-07-27,C00137,Córdoba,Enterprise,Sales rep,Tech,Wireless mouse,3,21.19,63.57,42.84,Delivered,2,2
14596,2026-07-27,C00438,Buenos Aires,SMB,Website,Tech,USB-C dock,1,116.3,116.3,70.17,Delivered,5,6
14597,2026-07-27,C00122,Cuyo,Enterprise,Sales rep,Tech,USB-C dock,1,120.71,120.71,83.19,Delivered,5,4
14598,2026-07-27,C00318,Cuyo,SMB,Website,Tech,Wireless mouse,4,20.3,81.2,54.92,Delivered,3,4
14599,2026-07-27,C00011,Buenos Aires,Enterprise,Sales rep,Tech,27in monitor,7,254.94,1784.58,977.49,Delivered,3,1
14600,2026-07-27,C00003,Córdoba,Consumer,Website,Cleaning,Disinfectant 5L,5,15.3,76.5,47.66,Delivered,5,2
14601,2026-07-27,C02497,Cuyo,Enterprise,Sales rep,Office,Ergonomic chair,4,215.31,861.24,480.78,Delivered,2,1
14602,2026-07-27,C02671,Buenos Aires,SMB,Website,Office,Paper A4 box,6,19.25,115.5,59.42,Delivered,5,6
14603,2026-07-27,C00681,Buenos Aires,SMB,Marketplace,Office,Toner cartridge,3,63.16,189.48,133.28,Delivered,2,1
14604,2026-07-27,C00020,Buenos Aires,SMB,Website,Office,Paper A4 box,7,16.73,117.11,76.86,Delivered,3,3
14605,2026-07-27,C01179,Córdoba,Consumer,Marketplace,Office,Toner cartridge,3,60.71,182.13,126.75,Delivered,3,4
14606,2026-07-27,C03232,Buenos Aires,Consumer,Sales rep,Tech,Wireless mouse,7,23.41,163.87,102.77,Delivered,5,4
14607,2026-07-27,C00969,Buenos Aires,SMB,Sales rep,Office,Toner cartridge,1,59.34,59.34,43.24,Delivered,2,3
14608,2026-07-27,C00100,Córdoba,Enterprise,Sales rep,Office,Toner cartridge,3,68.46,205.38,128.46,Delivered,2,1
14609,2026-07-27,C00820,Cuyo,Enterprise,Sales rep,Office,Paper A4 box,4,19.23,76.92,40.32,Cancelled,5,4
14610,2026-07-27,C01932,Córdoba,Consumer,Marketplace,Office,Ergonomic chair,4,206.12,824.48,564.26,Delivered,5,5
14611,2026-07-27,C00100,Córdoba,Enterprise,Sales rep,Cleaning,Disinfectant 5L,5,14.12,70.6,51.78,Delivered,3,1
14612,2026-07-27,C00334,Cuyo,SMB,Marketplace,Tech,USB-C dock,3,117.55,352.65,203.56,Delivered,3,3
14613,2026-07-27,C00003,Córdoba,Consumer,Website,Cleaning,Paper towels x12,7,19.62,137.34,88.34,Delivered,5,3
14614,2026-07-27,C00089,Cuyo,SMB,Website,Tech,Wireless mouse,6,21.43,128.58,73.25,Delivered,5,6
14615,2026-07-27,C00001,Cuyo,SMB,Website,Tech,USB-C dock,3,119.75,359.25,251.49,Returned,5,5
14616,2026-07-27,C00010,Córdoba,SMB,Marketplace,Tech,27in monitor,4,245.0,980.0,602.7,Delivered,3,2
14617,2026-07-27,C00018,Buenos Aires,SMB,Website,Office,Ergonomic chair,5,217.93,1089.65,724.54,Delivered,5,5
14618,2026-07-27,C00001,Cuyo,SMB,Marketplace,Cleaning,Disinfectant 5L,1,15.57,15.57,8.72,Delivered,3,2
14619,2026-07-27,C00009,NOA,Consumer,Marketplace,Cleaning,Paper towels x12,6,19.79,118.74,70.71,Delivered,3,2
14620,2026-07-27,C00002,Buenos Aires,SMB,Website,Tech,Wireless mouse,6,22.12,132.72,72.86,Delivered,2,1
14621,2026-07-27,C00003,Córdoba,Consumer,Website,Tech,Wireless mouse,4,20.45,81.8,48.98,Delivered,5,5
14622,2026-07-27,C00424,Patagonia,SMB,Website,Cleaning,Disinfectant 5L,3,14.78,44.34,26.02,Delivered,2,1
14623,2026-07-27,C01366,NOA,Enterprise,Marketplace,Office,Ergonomic chair,4,195.12,780.48,544.8,Delivered,5,4
14624,2026-07-28,C03120,NOA,SMB,Marketplace,Office,Paper A4 box,1,19.03,19.03,10.93,Delivered,5,3
14625,2026-07-28,C00981,Córdoba,SMB,Website,Office,Toner cartridge,3,65.08,195.24,110.77,Returned,5,4
14626,2026-07-28,C00001,Cuyo,SMB,Website,Tech,Wireless mouse,1,21.84,21.84,13.02,Delivered,2,2
14627,2026-07-28,C00014,Cuyo,SMB,Sales rep,Office,Paper A4 box,2,18.77,37.54,23.22,Delivered,5,6
14628,2026-07-28,C00015,Cuyo,Consumer,Marketplace,Tech,USB-C dock,5,120.83,604.15,340.6,Cancelled,5,4
14629,2026-07-28,C00568,Cuyo,Consumer,Sales rep,Office,Ergonomic chair,1,213.97,213.97,131.95,Delivered,5,5
14630,2026-07-28,C00151,Cuyo,SMB,Marketplace,Cleaning,Disinfectant 5L,3,13.99,41.97,28.41,Delivered,3,3
14631,2026-07-28,C00009,NOA,Consumer,Marketplace,Cleaning,Disinfectant 5L,1,15.73,15.73,10.09,Delivered,3,2
14632,2026-07-28,C00044,Buenos Aires,Consumer,Sales rep,Office,Paper A4 box,6,16.57,99.42,71.36,Delivered,2,1
14633,2026-07-28,C00182,Córdoba,Consumer,Marketplace,Office,Paper A4 box,2,18.18,36.36,21.98,Delivered,2,3
14634,2026-07-28,C02723,Cuyo,Consumer,Marketplace,Tech,27in monitor,1,249.09,249.09,164.65,Delivered,3,1
14635,2026-07-28,C02078,Cuyo,Enterprise,Sales rep,Tech,Wireless mouse,1,21.84,21.84,14.1,Delivered,2,1
14636,2026-07-28,C00242,Cuyo,Consumer,Website,Tech,USB-C dock,3,114.34,343.02,203.65,Delivered,5,3
14637,2026-07-28,C00019,Patagonia,Consumer,Website,Office,Paper A4 box,2,18.33,36.66,22.56,Delivered,2,2
14638,2026-07-28,C00232,Buenos Aires,Enterprise,Website,Office,Ergonomic chair,1,224.09,224.09,130.41,Delivered,3,2
14639,2026-07-28,C00507,Buenos Aires,SMB,Marketplace,Tech,Wireless mouse,1,21.75,21.75,15.18,Delivered,5,6
14640,2026-07-28,C00001,Cuyo,SMB,Sales rep,Office,Toner cartridge,4,60.55,242.2,142.06,Delivered,3,1
14641,2026-07-29,C00004,Cuyo,Consumer,Marketplace,Tech,27in monitor,7,235.64,1649.48,1060.92,Delivered,5,4
14642,2026-07-29,C00048,Cuyo,Consumer,Website,Cleaning,Disinfectant 5L,3,15.39,46.17,26.73,Delivered,3,2
14643,2026-07-29,C00012,Buenos Aires,Consumer,Marketplace,Cleaning,Disinfectant 5L,1,15.84,15.84,10.42,Delivered,3,2
14644,2026-07-29,C00001,Cuyo,SMB,Website,Tech,USB-C dock,3,111.6,334.8,251.19,Delivered,5,4
14645,2026-07-29,C00001,Cuyo,SMB,Website,Office,Ergonomic chair,7,206.74,1447.18,1000.55,Delivered,2,1
14646,2026-07-29,C01805,Córdoba,SMB,Marketplace,Tech,USB-C dock,2,118.07,236.14,166.54,Delivered,2,1
14647,2026-07-29,C00465,Cuyo,Consumer,Marketplace,Office,Paper A4 box,5,18.71,93.55,54.09,Delivered,2,3
14648,2026-07-29,C00001,Cuyo,SMB,Website,Office,Toner cartridge,1,67.61,67.61,36.66,Delivered,3,1
14649,2026-07-29,C00247,Cuyo,SMB,Website,Cleaning,Paper towels x12,6,20.54,123.24,80.56,Delivered,5,3
14650,2026-07-29,C00567,Buenos Aires,Enterprise,Website,Tech,Wireless mouse,5,22.93,114.65,64.87,Delivered,3,4
14651,2026-07-29,C00074,Cuyo,SMB,Marketplace,Cleaning,Paper towels x12,1,22.5,22.5,13.55,Delivered,3,3
14652,2026-07-29,C00001,Cuyo,SMB,Sales rep,Tech,27in monitor,7,247.61,1733.27,1120.44,Delivered,2,3
14653,2026-07-29,C00217,Cuyo,SMB,Website,Cleaning,Disinfectant 5L,2,14.22,28.44,19.96,Delivered,2,2
14654,2026-07-29,C01933,Cuyo,SMB,Website,Office,Paper A4 box,2,18.09,36.18,22.55,Delivered,2,2
14655,2026-07-29,C02832,Cuyo,Enterprise,Website,Office,Toner cartridge,3,68.21,204.63,125.82,Delivered,5,4
14656,2026-07-29,C03747,Córdoba,SMB,Sales rep,Cleaning,Disinfectant 5L,7,14.43,101.01,61.5,Delivered,3,1
14657,2026-07-29,C00087,Córdoba,SMB,Marketplace,Cleaning,Paper towels x12,5,19.38,96.9,68.98,Delivered,3,3
14658,2026-07-29,C00006,NOA,Enterprise,Website,Tech,27in monitor,4,231.34,925.36,604.35,Delivered,5,5
14659,2026-07-29,C00040,Cuyo,Consumer,Website,Office,Paper A4 box,7,17.0,119.0,72.12,Delivered,3,3
14660,2026-07-29,C00025,Buenos Aires,SMB,Website,Tech,Wireless mouse,5,20.35,101.75,75.46,Delivered,5,3
14661,2026-07-29,C00142,Buenos Aires,SMB,Marketplace,Cleaning,Disinfectant 5L,2,14.21,28.42,19.59,Delivered,3,2
14662,2026-07-29,C01349,Patagonia,SMB,Website,Tech,Wireless mouse,3,22.94,68.82,37.84,Delivered,5,4
14663,2026-07-29,C00047,Buenos Aires,SMB,Website,Office,Ergonomic chair,2,225.29,450.58,256.3,Delivered,5,4
14664,2026-07-29,C02837,Buenos Aires,SMB,Marketplace,Office,Paper A4 box,4,18.96,75.84,41.11,Delivered,3,2
14665,2026-07-29,C00378,Buenos Aires,SMB,Website,Tech,27in monitor,7,257.08,1799.56,963.57,Delivered,2,1
14666,2026-07-30,C00013,Córdoba,Enterprise,Website,Tech,USB-C dock,6,119.35,716.1,495.08,Delivered,2,3
14667,2026-07-30,C00018,Buenos Aires,SMB,Website,Office,Toner cartridge,6,65.29,391.74,246.83,Delivered,5,4
14668,2026-07-30,C00011,Buenos Aires,Enterprise,Marketplace,Tech,USB-C dock,2,125.29,250.58,151.17,Delivered,2,2
14669,2026-07-30,C00018,Buenos Aires,SMB,Website,Tech,27in monitor,6,252.31,1513.86,964.22,Delivered,2,3
14670,2026-07-30,C00042,Cuyo,SMB,Website,Tech,Wireless mouse,1,23.3,23.3,13.61,Delivered,3,2
14671,2026-07-30,C00001,Cuyo,SMB,Website,Cleaning,Disinfectant 5L,4,14.85,59.4,35.2,Cancelled,3,1
14672,2026-07-30,C00792,Córdoba,Consumer,Website,Cleaning,Paper towels x12,6,20.85,125.1,77.69,Delivered,3,1
14673,2026-07-30,C00017,Córdoba,Enterprise,Marketplace,Tech,Wireless mouse,4,21.62,86.48,58.41,Delivered,5,3
14674,2026-07-30,C00336,Córdoba,Consumer,Website,Cleaning,Paper towels x12,1,19.43,19.43,14.3,Delivered,5,3
14675,2026-07-30,C00487,Patagonia,SMB,Sales rep,Tech,USB-C dock,6,113.37,680.22,468.36,Delivered,3,1
14676,2026-07-30,C00003,Córdoba,Consumer,Website,Office,Paper A4 box,7,16.84,117.88,71.11,Cancelled,2,1
14677,2026-07-30,C00037,Córdoba,Enterprise,Sales rep,Office,Ergonomic chair,3,208.9,626.7,378.48,Delivered,2,3
14678,2026-07-30,C00014,Cuyo,SMB,Marketplace,Tech,27in monitor,1,259.19,259.19,152.15,Delivered,5,4
14679,2026-07-30,C00124,Córdoba,SMB,Website,Tech,USB-C dock,5,122.92,614.6,335.33,Delivered,5,4
14680,2026-07-30,C00056,Buenos Aires,Consumer,Marketplace,Office,Paper A4 box,4,17.78,71.12,45.2,Delivered,2,2
14681,2026-07-30,C00024,Buenos Aires,SMB,Sales rep,Tech,USB-C dock,3,124.27,372.81,225.29,Delivered,2,2
14682,2026-07-30,C00024,Buenos Aires,SMB,Website,Office,Ergonomic chair,2,194.34,388.68,246.45,Delivered,2,1
14683,2026-07-30,C00956,Cuyo,Enterprise,Website,Tech,27in monitor,7,226.1,1582.7,1142.89,Delivered,2,1
14684,2026-07-30,C00016,Córdoba,Consumer,Website,Office,Ergonomic chair,4,195.57,782.28,568.27,Delivered,2,1
14685,2026-07-30,C00722,Buenos Aires,SMB,Website,Tech,27in monitor,7,255.39,1787.73,977.17,Delivered,5,5
14686,2026-07-30,C00287,Buenos Aires,SMB,Website,Office,Paper A4 box,2,18.96,37.92,20.73,Delivered,5,4
14687,2026-07-30,C03224,Buenos Aires,Consumer,Website,Tech,27in monitor,6,260.9,1565.4,857.8,Delivered,2,1
14688,2026-07-30,C00011,Buenos Aires,Enterprise,Sales rep,Office,Toner cartridge,3,59.04,177.12,113.21,Delivered,2,3
14689,2026-07-30,C01948,Córdoba,Consumer,Marketplace,Tech,27in monitor,5,232.84,1164.2,788.24,Delivered,2,1
14690,2026-07-30,C01368,Córdoba,SMB,Marketplace,Office,Ergonomic chair,5,216.72,1083.6,673.09,Delivered,3,2
14691,2026-07-30,C00134,Buenos Aires,Consumer,Website,Tech,27in monitor,5,242.57,1212.85,745.46,Delivered,3,4
14692,2026-07-30,C00134,Buenos Aires,Consumer,Sales rep,Office,Ergonomic chair,2,198.78,397.56,285.64,Cancelled,5,5
14693,2026-07-30,C00009,NOA,Consumer,Sales rep,Office,Paper A4 box,7,19.06,133.42,70.77,Delivered,5,3
14694,2026-07-31,C00012,Buenos Aires,Consumer,Sales rep,Tech,USB-C dock,2,127.5,255.0,162.42,Delivered,3,4
14695,2026-07-31,C00001,Cuyo,SMB,Sales rep,Tech,Wireless mouse,5,23.29,116.45,69.31,Delivered,2,1
14696,2026-07-31,C01027,NOA,SMB,Website,Cleaning,Disinfectant 5L,6,14.72,88.32,50.22,Delivered,3,4
14697,2026-07-31,C03210,Cuyo,Consumer,Website,Cleaning,Paper towels x12,4,22.05,88.2,58.6,Delivered,5,4
14698,2026-07-31,C00258,Buenos Aires,SMB,Website,Tech,27in monitor,1,228.56,228.56,155.62,Delivered,5,4
14699,2026-07-31,C00198,Patagonia,SMB,Website,Tech,USB-C dock,7,113.51,794.57,468.39,Delivered,5,3
14700,2026-07-31,C00001,Cuyo,SMB,Website,Tech,USB-C dock,4,112.44,449.76,329.81,Delivered,5,3
14701,2026-07-31,C00667,Buenos Aires,Consumer,Sales rep,Tech,Wireless mouse,2,22.11,44.22,24.62,Delivered,2,2
14702,2026-07-31,C00001,Cuyo,SMB,Website,Tech,27in monitor,4,253.68,1014.72,597.03,Delivered,2,1
14703,2026-07-31,C00038,Cuyo,Consumer,Marketplace,Tech,USB-C dock,6,121.21,727.26,441.16,Delivered,2,2
14704,2026-07-31,C00263,Buenos Aires,Consumer,Marketplace,Cleaning,Disinfectant 5L,5,15.99,79.95,52.42,Delivered,3,1
14705,2026-07-31,C00720,Buenos Aires,Consumer,Sales rep,Cleaning,Paper towels x12,7,19.33,135.31,94.82,Delivered,5,3
14706,2026-07-31,C00003,Córdoba,Consumer,Website,Office,Paper A4 box,3,19.31,57.93,36.78,Delivered,2,1
14707,2026-07-31,C00752,Buenos Aires,Consumer,Marketplace,Cleaning,Paper towels x12,1,19.38,19.38,12.95,Delivered,2,2
14708,2026-07-31,C03866,Córdoba,SMB,Website,Cleaning,Disinfectant 5L,2,15.39,30.78,20.65,Delivered,2,1
14709,2026-07-31,C00407,Córdoba,Consumer,Marketplace,Cleaning,Disinfectant 5L,4,15.8,63.2,34.48,Delivered,2,1
14710,2026-07-31,C00048,Cuyo,Consumer,Website,Cleaning,Disinfectant 5L,3,15.56,46.68,24.8,Delivered,5,6
14711,2026-07-31,C00016,Córdoba,Consumer,Website,Office,Ergonomic chair,6,197.22,1183.32,862.43,Delivered,5,4
14712,2026-07-31,C00013,Córdoba,Enterprise,Website,Office,Paper A4 box,1,18.17,18.17,10.53,Delivered,5,4
14713,2026-07-31,C02647,Cuyo,SMB,Website,Office,Toner cartridge,6,65.3,391.8,258.63,Delivered,3,2
14714,2026-08-01,C00305,Buenos Aires,Enterprise,Marketplace,Cleaning,Paper towels x12,6,20.3,121.8,71.04,Delivered,5,5
14715,2026-08-01,C00673,Buenos Aires,Enterprise,Website,Office,Toner cartridge,4,62.49,249.96,148.06,Delivered,5,5
14716,2026-08-01,C00246,Cuyo,Enterprise,Marketplace,Tech,Wireless mouse,6,21.39,128.34,88.44,Delivered,5,3
14717,2026-08-01,C00283,Buenos Aires,Consumer,Marketplace,Office,Toner cartridge,4,68.42,273.68,169.59,Delivered,5,5
14718,2026-08-01,C00001,Cuyo,SMB,Sales rep,Tech,Wireless mouse,3,21.09,63.27,45.29,Delivered,5,3
14719,2026-08-01,C00105,Córdoba,Consumer,Marketplace,Cleaning,Disinfectant 5L,5,14.82,74.1,41.37,Delivered,3,4
14720,2026-08-01,C00008,Cuyo,SMB,Website,Tech,Wireless mouse,7,21.39,149.73,107.64,Delivered,5,1
14721,2026-08-01,C00030,Cuyo,Consumer,Website,Cleaning,Disinfectant 5L,5,16.01,80.05,42.0,Delivered,3,3
14722,2026-08-01,C00235,NOA,Consumer,Website,Tech,Wireless mouse,7,21.57,150.99,89.37,Delivered,2,1
14723,2026-08-01,C00003,Córdoba,Consumer,Website,Tech,Wireless mouse,1,21.47,21.47,13.39,Delivered,2,1
14724,2026-08-01,C00032,Cuyo,SMB,Website,Office,Paper A4 box,1,18.45,18.45,12.03,Cancelled,5,5
14725,2026-08-01,C01206,Córdoba,SMB,Sales rep,Office,Toner cartridge,6,65.87,395.22,227.72,Delivered,3,1
14726,2026-08-02,C03711,Córdoba,Enterprise,Website,Cleaning,Disinfectant 5L,6,15.97,95.82,62.07,Delivered,3,4
14727,2026-08-02,C00841,Buenos Aires,Consumer,Website,Tech,Wireless mouse,5,23.56,117.8,62.37,Delivered,2,2
14728,2026-08-02,C02448,Córdoba,Enterprise,Sales rep,Office,Ergonomic chair,1,211.98,211.98,129.76,Delivered,2,2
14729,2026-08-02,C00006,NOA,Enterprise,Website,Cleaning,Disinfectant 5L,5,15.32,76.6,52.21,Delivered,2,3
14730,2026-08-02,C01617,Córdoba,Consumer,Website,Tech,USB-C dock,4,112.98,451.92,312.16,Delivered,2,1
14731,2026-08-02,C00096,Córdoba,Consumer,Website,Office,Ergonomic chair,1,207.22,207.22,125.59,Cancelled,5,5
14732,2026-08-02,C01006,Patagonia,Enterprise,Website,Office,Ergonomic chair,5,215.62,1078.1,584.81,Delivered,5,2
14733,2026-08-02,C00001,Cuyo,SMB,Website,Cleaning,Paper towels x12,2,19.48,38.96,28.48,Delivered,2,1
14734,2026-08-02,C01098,Patagonia,Consumer,Sales rep,Tech,USB-C dock,6,116.29,697.74,480.89,Delivered,3,1
14735,2026-08-02,C00010,Córdoba,SMB,Website,Tech,USB-C dock,6,116.38,698.28,417.0,Delivered,3,2
14736,2026-08-02,C00568,Cuyo,Consumer,Sales rep,Office,Toner cartridge,4,62.81,251.24,178.99,Delivered,3,3
14737,2026-08-02,C00053,Cuyo,Consumer,Website,Cleaning,Disinfectant 5L,7,15.23,106.61,65.68,Delivered,3,2
14738,2026-08-02,C00282,NOA,Consumer,Marketplace,Cleaning,Paper towels x12,2,21.35,42.7,26.4,Delivered,2,4
14739,2026-08-02,C00103,Córdoba,SMB,Sales rep,Office,Toner cartridge,6,62.69,376.14,252.19,Delivered,2,2
14740,2026-08-02,C00005,Cuyo,SMB,Website,Office,Paper A4 box,2,16.56,33.12,20.95,Delivered,3,2
14741,2026-08-02,C00004,Cuyo,Consumer,Website,Office,Ergonomic chair,5,205.86,1029.3,730.54,Delivered,5,6
14742,2026-08-02,C00002,Buenos Aires,SMB,Marketplace,Office,Toner cartridge,2,64.63,129.26,72.51,Cancelled,3,5
14743,2026-08-02,C03863,Buenos Aires,SMB,Website,Cleaning,Paper towels x12,2,21.67,43.34,29.24,Delivered,5,7
14744,2026-08-02,C00002,Buenos Aires,SMB,Marketplace,Office,Ergonomic chair,4,226.29,905.16,577.51,Delivered,5,5
14745,2026-08-03,C00248,Buenos Aires,Consumer,Marketplace,Cleaning,Paper towels x12,4,19.87,79.48,50.41,Returned,2,1
14746,2026-08-03,C00676,Cuyo,SMB,Website,Tech,USB-C dock,2,111.64,223.28,150.49,Delivered,3,1
14747,2026-08-03,C00001,Cuyo,SMB,Website,Tech,USB-C dock,4,116.66,466.64,287.56,Delivered,5,3
14748,2026-08-03,C01160,Córdoba,SMB,Marketplace,Office,Toner cartridge,1,61.17,61.17,37.79,Delivered,3,1
14749,2026-08-03,C00004,Cuyo,Consumer,Marketplace,Cleaning,Paper towels x12,3,22.0,66.0,37.08,Delivered,2,1
14750,2026-08-03,C02616,Cuyo,SMB,Marketplace,Tech,Wireless mouse,3,22.27,66.81,41.49,Delivered,3,2
14751,2026-08-03,C00001,Cuyo,SMB,Sales rep,Cleaning,Paper towels x12,6,21.71,130.26,84.77,Delivered,5,3
14752,2026-08-03,C00004,Cuyo,Consumer,Website,Cleaning,Paper towels x12,7,21.92,153.44,86.18,Delivered,3,1
14753,2026-08-03,C00105,Córdoba,Consumer,Website,Cleaning,Paper towels x12,3,20.76,62.28,42.73,Delivered,2,1
14754,2026-08-03,C00023,Buenos Aires,Consumer,Website,Cleaning,Paper towels x12,4,19.67,78.68,52.42,Delivered,2,1
14755,2026-08-03,C00331,Buenos Aires,Enterprise,Sales rep,Office,Toner cartridge,4,62.32,249.28,148.45,Delivered,2,1
14756,2026-08-03,C00622,Cuyo,SMB,Website,Tech,Wireless mouse,5,23.53,117.65,76.06,Delivered,2,1
14757,2026-08-03,C00007,Cuyo,SMB,Website,Office,Ergonomic chair,6,202.71,1216.26,734.5,Delivered,2,1
14758,2026-08-03,C01100,Cuyo,SMB,Sales rep,Cleaning,Paper towels x12,7,20.87,146.09,96.02,Delivered,3,2
14759,2026-08-03,C00017,Córdoba,Enterprise,Website,Office,Paper A4 box,7,18.77,131.39,81.45,Delivered,5,4
14760,2026-08-03,C00158,Córdoba,SMB,Marketplace,Office,Paper A4 box,1,19.14,19.14,10.24,Cancelled,5,4
14761,2026-08-03,C00001,Cuyo,SMB,Marketplace,Tech,Wireless mouse,2,22.4,44.8,26.67,Delivered,5,5
14762,2026-08-03,C00003,Córdoba,Consumer,Website,Tech,USB-C dock,1,114.48,114.48,79.92,Delivered,2,1
14763,2026-08-03,C00061,Cuyo,Consumer,Website,Office,Paper A4 box,5,18.81,94.05,57.56,Delivered,5,3
14764,2026-08-03,C00967,Buenos Aires,Consumer,Sales rep,Tech,USB-C dock,3,124.49,373.47,210.47,Returned,2,1
14765,2026-08-03,C01143,Cuyo,SMB,Marketplace,Cleaning,Disinfectant 5L,4,15.55,62.2,39.69,Delivered,3,2
14766,2026-08-03,C00465,Cuyo,Consumer,Sales rep,Tech,USB-C dock,1,125.43,125.43,80.37,Delivered,5,4
14767,2026-08-03,C00512,Buenos Aires,SMB,Marketplace,Tech,Wireless mouse,7,22.49,157.43,86.88,Delivered,3,1
14768,2026-08-03,C03938,Córdoba,SMB,Marketplace,Cleaning,Disinfectant 5L,6,13.98,83.88,51.75,Delivered,2,3
14769,2026-08-03,C00472,Buenos Aires,SMB,Marketplace,Tech,27in monitor,4,255.73,1022.92,664.27,Returned,2,1
14770,2026-08-03,C00606,Cuyo,SMB,Website,Office,Toner cartridge,6,65.95,395.7,232.0,Delivered,3,1
14771,2026-08-03,C00028,Patagonia,SMB,Website,Cleaning,Paper towels x12,6,19.8,118.8,70.75,Delivered,2,3
14772,2026-08-03,C00533,Córdoba,SMB,Website,Tech,Wireless mouse,7,21.08,147.56,98.47,Delivered,2,1
14773,2026-08-04,C00084,Buenos Aires,Consumer,Website,Tech,27in monitor,4,264.15,1056.6,584.51,Delivered,5,2
14774,2026-08-04,C00053,Cuyo,Consumer,Website,Tech,Wireless mouse,3,20.95,62.85,38.81,Delivered,3,1
14775,2026-08-04,C00091,Cuyo,Consumer,Website,Tech,USB-C dock,3,127.58,382.74,227.03,Delivered,2,1
14776,2026-08-04,C00005,Cuyo,SMB,Marketplace,Tech,USB-C dock,2,125.92,251.84,150.3,Delivered,5,4
14777,2026-08-04,C00019,Patagonia,Consumer,Sales rep,Office,Paper A4 box,4,18.59,74.36,49.68,Delivered,2,3
14778,2026-08-04,C00144,Patagonia,Consumer,Website,Tech,Wireless mouse,1,22.79,22.79,13.65,Cancelled,3,1
14779,2026-08-04,C00003,Córdoba,Consumer,Marketplace,Tech,Wireless mouse,4,20.52,82.08,53.14,Delivered,3,2
14780,2026-08-04,C00856,Cuyo,SMB,Website,Office,Ergonomic chair,3,213.02,639.06,420.07,Delivered,5,3
14781,2026-08-04,C02564,NOA,Enterprise,Marketplace,Tech,27in monitor,2,259.48,518.96,342.81,Delivered,5,5
14782,2026-08-04,C00144,Patagonia,Consumer,Marketplace,Tech,27in monitor,3,263.57,790.71,474.52,Delivered,3,2
14783,2026-08-04,C00060,Cuyo,Consumer,Website,Office,Toner cartridge,6,63.0,378.0,241.95,Delivered,5,4
14784,2026-08-04,C00002,Buenos Aires,SMB,Website,Cleaning,Paper towels x12,1,21.87,21.87,14.25,Delivered,3,3
14785,2026-08-04,C02728,Cuyo,SMB,Website,Cleaning,Paper towels x12,1,19.43,19.43,12.7,Delivered,5,4
14786,2026-08-04,C02686,Cuyo,SMB,Website,Tech,USB-C dock,4,110.96,443.84,297.1,Delivered,2,1
14787,2026-08-04,C01718,Cuyo,Enterprise,Sales rep,Cleaning,Paper towels x12,3,19.72,59.16,42.05,Delivered,2,1
14788,2026-08-04,C00040,Cuyo,Consumer,Website,Tech,27in monitor,3,237.63,712.89,494.19,Delivered,3,2
14789,2026-08-04,C00004,Cuyo,Consumer,Website,Tech,Wireless mouse,3,21.19,63.57,37.77,Delivered,3,2
14790,2026-08-04,C00684,Cuyo,Consumer,Website,Office,Toner cartridge,2,68.15,136.3,74.47,Delivered,5,4
14791,2026-08-04,C00006,NOA,Enterprise,Marketplace,Office,Ergonomic chair,6,210.95,1265.7,773.86,Delivered,3,4
14792,2026-08-04,C00033,Cuyo,SMB,Sales rep,Tech,Wireless mouse,6,22.31,133.86,85.94,Cancelled,5,6
14793,2026-08-04,C00003,Córdoba,Consumer,Marketplace,Tech,Wireless mouse,3,22.89,68.67,39.36,Delivered,3,1
14794,2026-08-05,C00026,Buenos Aires,SMB,Website,Tech,27in monitor,6,238.33,1429.98,885.58,Delivered,2,2
14795,2026-08-05,C00002,Buenos Aires,SMB,Marketplace,Office,Ergonomic chair,7,199.95,1399.65,937.83,Delivered,5,5
14796,2026-08-05,C00002,Buenos Aires,SMB,Marketplace,Cleaning,Disinfectant 5L,2,14.06,28.12,17.73,Delivered,5,6
14797,2026-08-05,C00001,Cuyo,SMB,Website,Office,Toner cartridge,1,68.61,68.61,36.45,Delivered,3,2
14798,2026-08-05,C00006,NOA,Enterprise,Marketplace,Tech,USB-C dock,3,115.1,345.3,223.9,Delivered,2,3
14799,2026-08-05,C00002,Buenos Aires,SMB,Marketplace,Office,Toner cartridge,7,62.8,439.6,256.51,Delivered,2,3
14800,2026-08-05,C00835,Buenos Aires,SMB,Website,Tech,27in monitor,1,252.41,252.41,168.04,Returned,5,3
14801,2026-08-05,C00016,Córdoba,Consumer,Sales rep,Office,Ergonomic chair,7,215.26,1506.82,927.58,Delivered,3,2
14802,2026-08-05,C00011,Buenos Aires,Enterprise,Marketplace,Tech,Wireless mouse,5,21.65,108.25,61.69,Delivered,5,5
14803,2026-08-05,C00001,Cuyo,SMB,Marketplace,Office,Paper A4 box,1,16.63,16.63,11.23,Delivered,3,1
14804,2026-08-05,C00315,Buenos Aires,SMB,Website,Cleaning,Paper towels x12,6,21.84,131.04,82.03,Delivered,5,5
14805,2026-08-05,C00001,Cuyo,SMB,Marketplace,Office,Ergonomic chair,7,213.15,1492.05,852.39,Delivered,3,1
14806,2026-08-05,C00001,Cuyo,SMB,Website,Cleaning,Paper towels x12,6,20.0,120.0,75.18,Delivered,3,3
14807,2026-08-05,C00190,Buenos Aires,Consumer,Website,Cleaning,Disinfectant 5L,4,15.21,60.84,40.24,Returned,3,1
14808,2026-08-06,C00556,Patagonia,SMB,Sales rep,Office,Paper A4 box,6,18.15,108.9,60.34,Delivered,5,4
14809,2026-08-06,C02615,Buenos Aires,SMB,Sales rep,Cleaning,Disinfectant 5L,5,15.72,78.6,51.29,Delivered,3,1
14810,2026-08-06,C01124,Cuyo,Consumer,Marketplace,Tech,Wireless mouse,7,22.49,157.43,94.1,Delivered,5,7
14811,2026-08-06,C00004,Cuyo,Consumer,Website,Tech,27in monitor,6,238.14,1428.84,829.66,Delivered,5,4
14812,2026-08-06,C00108,Cuyo,SMB,Marketplace,Cleaning,Paper towels x12,5,21.25,106.25,60.13,Delivered,5,5
14813,2026-08-06,C00003,Córdoba,Consumer,Marketplace,Tech,27in monitor,4,227.56,910.24,552.74,Delivered,3,1
14814,2026-08-06,C02570,Patagonia,Consumer,Website,Cleaning,Disinfectant 5L,6,15.39,92.34,60.91,Delivered,2,1
14815,2026-08-06,C00062,Patagonia,Consumer,Website,Tech,27in monitor,1,227.97,227.97,156.25,Delivered,5,6
14816,2026-08-06,C00672,NOA,Enterprise,Website,Cleaning,Paper towels x12,2,21.29,42.58,24.05,Delivered,2,1
14817,2026-08-06,C01562,Buenos Aires,Enterprise,Website,Cleaning,Paper towels x12,2,19.55,39.1,29.18,Delivered,5,4
14818,2026-08-06,C00061,Cuyo,Consumer,Website,Tech,27in monitor,7,262.38,1836.66,1023.94,Delivered,5,4
14819,2026-08-06,C00104,Patagonia,Consumer,Website,Cleaning,Paper towels x12,1,21.53,21.53,13.63,Delivered,5,3
14820,2026-08-06,C00001,Cuyo,SMB,Marketplace,Cleaning,Disinfectant 5L,1,13.97,13.97,9.91,Delivered,5,7
14821,2026-08-06,C00614,Cuyo,SMB,Website,Cleaning,Paper towels x12,3,19.61,58.83,35.53,Cancelled,3,1
14822,2026-08-06,C00855,Buenos Aires,Enterprise,Website,Tech,27in monitor,2,255.69,511.38,315.18,Delivered,3,2
14823,2026-08-06,C01124,Cuyo,Consumer,Website,Cleaning,Disinfectant 5L,5,15.93,79.65,46.92,Delivered,3,1
14824,2026-08-06,C00475,Córdoba,SMB,Marketplace,Tech,27in monitor,7,227.66,1593.62,1078.24,Delivered,2,1
14825,2026-08-06,C00350,Cuyo,Enterprise,Website,Tech,USB-C dock,1,122.12,122.12,71.67,Delivered,5,6
14826,2026-08-07,C01291,Buenos Aires,Consumer,Website,Cleaning,Disinfectant 5L,4,15.39,61.56,39.64,Delivered,5,5
14827,2026-08-07,C00109,NOA,Consumer,Website,Tech,USB-C dock,7,118.61,830.27,581.15,Delivered,5,4
14828,2026-08-07,C00196,Patagonia,SMB,Website,Tech,27in monitor,2,244.57,489.14,302.18,Delivered,2,1
14829,2026-08-07,C01115,Cuyo,Enterprise,Marketplace,Tech,27in monitor,2,241.63,483.26,317.03,Delivered,2,3
14830,2026-08-07,C00001,Cuyo,SMB,Website,Office,Ergonomic chair,5,193.53,967.65,613.5,Delivered,5,3
14831,2026-08-07,C00029,Patagonia,Consumer,Website,Tech,USB-C dock,7,112.94,790.58,489.7,Delivered,5,4
14832,2026-08-07,C00384,Córdoba,Consumer,Marketplace,Cleaning,Disinfectant 5L,7,14.17,99.19,64.11,Delivered,3,1
14833,2026-08-07,C00005,Cuyo,SMB,Website,Cleaning,Paper towels x12,2,20.27,40.54,25.48,Delivered,3,3
14834,2026-08-07,C03043,Buenos Aires,SMB,Website,Tech,USB-C dock,2,111.01,222.02,143.58,Delivered,5,5
14835,2026-08-07,C00182,Córdoba,Consumer,Marketplace,Tech,Wireless mouse,3,21.1,63.3,44.46,Delivered,3,3
14836,2026-08-07,C00005,Cuyo,SMB,Website,Cleaning,Disinfectant 5L,5,16.03,80.15,50.5,Returned,2,3
14837,2026-08-07,C00379,Cuyo,Enterprise,Sales rep,Office,Paper A4 box,2,19.37,38.74,20.37,Delivered,2,1
14838,2026-08-07,C00003,Córdoba,Consumer,Marketplace,Tech,USB-C dock,2,111.87,223.74,158.2,Delivered,3,6
14839,2026-08-07,C00006,NOA,Enterprise,Sales rep,Tech,27in monitor,5,263.56,1317.8,752.54,Delivered,2,1
14840,2026-08-07,C00649,Córdoba,Consumer,Website,Tech,USB-C dock,2,113.32,226.64,152.83,Delivered,5,6
14841,2026-08-07,C00042,Cuyo,SMB,Website,Office,Paper A4 box,4,19.07,76.28,42.14,Delivered,3,4
14842,2026-08-07,C00600,Córdoba,SMB,Website,Tech,Wireless mouse,6,21.78,130.68,84.89,Delivered,2,2
14843,2026-08-07,C00731,Patagonia,SMB,Marketplace,Cleaning,Disinfectant 5L,6,14.88,89.28,55.06,Delivered,5,4
14844,2026-08-07,C00020,Buenos Aires,SMB,Website,Cleaning,Paper towels x12,5,22.67,113.35,58.63,Delivered,3,1
14845,2026-08-07,C01301,Córdoba,SMB,Sales rep,Cleaning,Paper towels x12,3,20.53,61.59,39.99,Delivered,3,3
14846,2026-08-07,C00721,Cuyo,SMB,Website,Office,Toner cartridge,6,65.56,393.36,261.91,Delivered,3,5
14847,2026-08-08,C00454,Cuyo,SMB,Marketplace,Tech,Wireless mouse,6,23.45,140.7,75.02,Delivered,5,6
14848,2026-08-08,C01734,Córdoba,SMB,Website,Office,Paper A4 box,5,17.03,85.15,57.44,Delivered,5,4
14849,2026-08-08,C00043,Buenos Aires,Consumer,Sales rep,Cleaning,Paper towels x12,7,21.81,152.67,97.6,Delivered,5,4
14850,2026-08-08,C00279,Cuyo,SMB,Sales rep,Office,Toner cartridge,2,66.43,132.86,72.05,Delivered,3,2
14851,2026-08-08,C03733,NOA,Enterprise,Website,Cleaning,Disinfectant 5L,6,15.93,95.58,54.68,Delivered,3,2
14852,2026-08-08,C00164,Buenos Aires,Consumer,Marketplace,Office,Toner cartridge,5,59.54,297.7,213.36,Cancelled,5,4
14853,2026-08-08,C00329,Buenos Aires,Consumer,Website,Office,Ergonomic chair,4,218.51,874.04,470.39,Delivered,3,3
14854,2026-08-08,C00299,Buenos Aires,Consumer,Marketplace,Cleaning,Paper towels x12,3,22.39,67.17,42.35,Delivered,5,5
14855,2026-08-09,C00682,Córdoba,Consumer,Sales rep,Office,Ergonomic chair,4,216.08,864.32,561.49,Delivered,3,3
14856,2026-08-09,C00992,Buenos Aires,Consumer,Sales rep,Office,Paper A4 box,4,19.19,76.76,45.02,Delivered,2,1
14857,2026-08-09,C00001,Cuyo,SMB,Website,Tech,USB-C dock,5,117.98,589.9,340.07,Delivered,2,1
14858,2026-08-09,C00386,Cuyo,SMB,Website,Office,Paper A4 box,2,16.77,33.54,21.48,Delivered,3,3
14859,2026-08-09,C01570,Buenos Aires,SMB,Sales rep,Tech,Wireless mouse,7,23.49,164.43,86.54,Returned,3,3
14860,2026-08-09,C00032,Cuyo,SMB,Sales rep,Cleaning,Paper towels x12,7,22.03,154.21,95.01,Delivered,5,2
14861,2026-08-09,C00940,NOA,Consumer,Website,Cleaning,Disinfectant 5L,3,15.22,45.66,29.48,Delivered,5,2
14862,2026-08-09,C01204,Cuyo,SMB,Website,Cleaning,Paper towels x12,6,21.04,126.24,74.74,Delivered,2,2
14863,2026-08-09,C00078,Patagonia,Enterprise,Sales rep,Cleaning,Paper towels x12,5,19.91,99.55,69.52,Delivered,3,1
14864,2026-08-09,C03412,Córdoba,SMB,Sales rep,Tech,USB-C dock,1,115.01,115.01,72.13,Delivered,5,5
14865,2026-08-09,C00022,Cuyo,SMB,Sales rep,Cleaning,Disinfectant 5L,4,15.74,62.96,33.33,Delivered,3,2
14866,2026-08-09,C00355,Córdoba,Enterprise,Website,Cleaning,Disinfectant 5L,3,15.08,45.24,30.01,Delivered,3,3
14867,2026-08-09,C00580,NOA,SMB,Website,Cleaning,Paper towels x12,5,21.8,109.0,62.6,Delivered,3,3
14868,2026-08-10,C00648,Córdoba,Consumer,Website,Cleaning,Disinfectant 5L,3,14.66,43.98,26.78,Delivered,5,5
14869,2026-08-10,C00345,NOA,Enterprise,Website,Tech,27in monitor,4,257.88,1031.52,653.19,Delivered,5,5
14870,2026-08-10,C00006,NOA,Enterprise,Marketplace,Tech,Wireless mouse,7,20.91,146.37,105.92,Delivered,2,3
14871,2026-08-10,C01292,Buenos Aires,Enterprise,Website,Tech,27in monitor,7,244.01,1708.07,1036.66,Delivered,3,2
14872,2026-08-10,C00379,Cuyo,Enterprise,Marketplace,Tech,Wireless mouse,1,23.41,23.41,15.15,Returned,2,1
14873,2026-08-10,C00100,Córdoba,Enterprise,Website,Tech,USB-C dock,4,124.45,497.8,267.05,Delivered,5,5
14874,2026-08-10,C02704,Cuyo,Consumer,Sales rep,Office,Paper A4 box,2,17.1,34.2,24.75,Delivered,3,5
14875,2026-08-10,C00223,Cuyo,Consumer,Website,Cleaning,Disinfectant 5L,4,15.65,62.6,37.0,Delivered,2,1
14876,2026-08-10,C00043,Buenos Aires,Consumer,Website,Cleaning,Paper towels x12,4,20.51,82.04,51.83,Delivered,2,1
14877,2026-08-10,C00001,Cuyo,SMB,Website,Tech,USB-C dock,3,126.09,378.27,221.87,Delivered,2,1
14878,2026-08-10,C00292,Buenos Aires,Consumer,Website,Tech,USB-C dock,6,128.67,772.02,460.1,Delivered,3,1
14879,2026-08-10,C00004,Cuyo,Consumer,Website,Cleaning,Paper towels x12,7,20.18,141.26,83.55,Returned,5,3
14880,2026-08-10,C00135,NOA,SMB,Website,Office,Ergonomic chair,5,196.38,981.9,600.81,Delivered,5,3
14881,2026-08-10,C03387,Córdoba,Consumer,Marketplace,Office,Ergonomic chair,1,208.22,208.22,118.89,Delivered,3,2
14882,2026-08-10,C00035,Buenos Aires,SMB,Marketplace,Office,Paper A4 box,2,18.36,36.72,21.06,Delivered,5,5
14883,2026-08-10,C00865,Patagonia,SMB,Marketplace,Tech,27in monitor,7,234.66,1642.62,1031.64,Delivered,2,1
14884,2026-08-10,C00001,Cuyo,SMB,Website,Cleaning,Paper towels x12,7,20.74,145.18,81.2,Delivered,3,3
14885,2026-08-10,C00011,Buenos Aires,Enterprise,Website,Tech,27in monitor,2,259.33,518.66,273.02,Delivered,2,1
14886,2026-08-10,C00451,Córdoba,Enterprise,Marketplace,Cleaning,Paper towels x12,2,22.34,44.68,26.85,Delivered,3,1
14887,2026-08-10,C00001,Cuyo,SMB,Marketplace,Cleaning,Paper towels x12,4,20.94,83.76,52.02,Delivered,5,4
14888,2026-08-10,C00017,Córdoba,Enterprise,Website,Tech,USB-C dock,6,126.83,760.98,431.88,Delivered,2,3
14889,2026-08-10,C00001,Cuyo,SMB,Marketplace,Cleaning,Paper towels x12,7,21.23,148.61,101.38,Cancelled,3,3
14890,2026-08-10,C00005,Cuyo,SMB,Sales rep,Tech,Wireless mouse,7,22.13,154.91,102.07,Delivered,2,1
14891,2026-08-10,C00168,NOA,Consumer,Website,Tech,27in monitor,5,260.76,1303.8,727.08,Delivered,5,4
14892,2026-08-10,C00013,Córdoba,Enterprise,Website,Office,Toner cartridge,1,67.56,67.56,39.13,Delivered,2,2
14893,2026-08-11,C02164,Buenos Aires,Consumer,Website,Tech,USB-C dock,2,113.27,226.54,132.96,Cancelled,5,2
14894,2026-08-11,C00470,Cuyo,Consumer,Website,Cleaning,Disinfectant 5L,7,14.13,98.91,67.9,Delivered,2,2
14895,2026-08-11,C02247,Córdoba,Consumer,Sales rep,Tech,USB-C dock,6,118.33,709.98,460.9,Delivered,5,2
14896,2026-08-11,C00705,Patagonia,SMB,Website,Tech,Wireless mouse,6,20.44,122.64,86.6,Delivered,2,1
14897,2026-08-11,C00072,Cuyo,Enterprise,Marketplace,Cleaning,Disinfectant 5L,6,13.96,83.76,58.48,Delivered,2,1
14898,2026-08-11,C00018,Buenos Aires,SMB,Marketplace,Tech,27in monitor,2,254.07,508.14,310.22,Delivered,3,3
14899,2026-08-11,C00071,Patagonia,Consumer,Website,Office,Toner cartridge,5,66.56,332.8,215.42,Delivered,3,4
14900,2026-08-11,C00188,Buenos Aires,SMB,Sales rep,Cleaning,Disinfectant 5L,5,14.5,72.5,41.47,Delivered,2,1
14901,2026-08-11,C00075,Cuyo,SMB,Website,Office,Paper A4 box,3,19.25,57.75,35.76,Returned,2,2
14902,2026-08-11,C00166,Buenos Aires,Enterprise,Website,Tech,USB-C dock,2,123.03,246.06,138.64,Delivered,3,6
14903,2026-08-11,C00007,Cuyo,SMB,Marketplace,Office,Paper A4 box,7,18.94,132.58,74.8,Delivered,3,2
14904,2026-08-11,C00001,Cuyo,SMB,Website,Tech,27in monitor,6,255.46,1532.76,912.3,Delivered,5,5
14905,2026-08-11,C00016,Córdoba,Consumer,Sales rep,Office,Ergonomic chair,2,214.65,429.3,256.06,Delivered,5,5
14906,2026-08-11,C00428,Buenos Aires,Enterprise,Website,Tech,27in monitor,2,242.63,485.26,341.93,Delivered,3,6
14907,2026-08-11,C00077,Buenos Aires,Enterprise,Website,Office,Ergonomic chair,5,204.19,1020.95,663.26,Delivered,3,2
14908,2026-08-11,C00085,Buenos Aires,Enterprise,Website,Tech,Wireless mouse,7,22.0,154.0,97.18,Delivered,5,3
14909,2026-08-11,C00190,Buenos Aires,Consumer,Website,Cleaning,Paper towels x12,3,22.42,67.26,39.64,Returned,2,2
14910,2026-08-11,C00601,NOA,SMB,Website,Office,Toner cartridge,4,68.4,273.6,148.34,Delivered,3,1
14911,2026-08-11,C00010,Córdoba,SMB,Sales rep,Cleaning,Paper towels x12,3,21.05,63.15,43.85,Delivered,3,1
14912,2026-08-11,C00001,Cuyo,SMB,Website,Tech,USB-C dock,3,121.14,363.42,247.38,Delivered,2,1
14913,2026-08-12,C02425,Cuyo,SMB,Marketplace,Office,Ergonomic chair,1,221.9,221.9,127.56,Delivered,5,6
14914,2026-08-12,C00990,Cuyo,SMB,Sales rep,Tech,USB-C dock,4,116.35,465.4,289.37,Delivered,5,4
14915,2026-08-12,C00137,Córdoba,Enterprise,Marketplace,Tech,Wireless mouse,4,20.85,83.4,50.56,Delivered,5,3
14916,2026-08-12,C01688,Patagonia,Consumer,Website,Cleaning,Paper towels x12,2,19.51,39.02,23.46,Delivered,2,2
14917,2026-08-12,C00002,Buenos Aires,SMB,Website,Tech,Wireless mouse,2,20.67,41.34,28.79,Delivered,2,1
14918,2026-08-12,C01599,Córdoba,SMB,Website,Tech,27in monitor,2,230.3,460.6,285.93,Delivered,2,1
14919,2026-08-12,C02712,Cuyo,Consumer,Sales rep,Tech,USB-C dock,1,126.32,126.32,75.05,Delivered,3,3
14920,2026-08-12,C00143,Cuyo,SMB,Website,Tech,27in monitor,4,228.35,913.4,652.33,Delivered,3,3
14921,2026-08-12,C00043,Buenos Aires,Consumer,Sales rep,Tech,27in monitor,3,240.33,720.99,405.87,Delivered,5,6
14922,2026-08-12,C00016,Córdoba,Consumer,Marketplace,Office,Paper A4 box,2,18.23,36.46,24.89,Delivered,2,1
14923,2026-08-12,C00017,Córdoba,Enterprise,Website,Tech,27in monitor,5,250.88,1254.4,726.86,Delivered,2,1
14924,2026-08-12,C02577,Buenos Aires,Consumer,Website,Cleaning,Disinfectant 5L,3,14.33,42.99,25.92,Delivered,3,3
14925,2026-08-12,C00001,Cuyo,SMB,Website,Cleaning,Disinfectant 5L,5,14.89,74.45,43.33,Delivered,2,2
14926,2026-08-12,C00002,Buenos Aires,SMB,Website,Tech,27in monitor,3,249.67,749.01,500.82,Delivered,3,3
14927,2026-08-12,C00001,Cuyo,SMB,Website,Cleaning,Paper towels x12,2,20.16,40.32,24.21,Delivered,2,1
14928,2026-08-12,C00003,Córdoba,Consumer,Website,Cleaning,Disinfectant 5L,5,14.04,70.2,46.56,Delivered,2,3
14929,2026-08-12,C01697,Buenos Aires,SMB,Website,Cleaning,Paper towels x12,2,22.51,45.02,27.36,Delivered,2,1
14930,2026-08-12,C00001,Cuyo,SMB,Website,Tech,27in monitor,5,229.55,1147.75,807.21,Delivered,5,3
14931,2026-08-12,C01446,Córdoba,Consumer,Website,Cleaning,Paper towels x12,5,22.39,111.95,62.81,Delivered,3,3
14932,2026-08-12,C00010,Córdoba,SMB,Marketplace,Tech,27in monitor,3,251.49,754.47,452.09,Delivered,2,1
14933,2026-08-12,C00461,NOA,SMB,Marketplace,Office,Toner cartridge,7,66.2,463.4,275.79,Delivered,5,3
14934,2026-08-12,C01394,Córdoba,Consumer,Website,Tech,USB-C dock,4,128.21,512.84,312.23,Delivered,2,1
14935,2026-08-12,C00018,Buenos Aires,SMB,Website,Cleaning,Paper towels x12,5,21.77,108.85,72.43,Returned,3,4
14936,2026-08-12,C01623,NOA,SMB,Marketplace,Tech,USB-C dock,7,116.39,814.73,552.16,Returned,3,2
14937,2026-08-12,C00016,Córdoba,Consumer,Website,Tech,27in monitor,2,239.51,479.02,319.11,Delivered,5,5
14938,2026-08-13,C00046,Córdoba,SMB,Website,Office,Toner cartridge,4,62.07,248.28,170.42,Delivered,5,5
14939,2026-08-13,C00017,Córdoba,Enterprise,Website,Cleaning,Disinfectant 5L,3,14.84,44.52,25.9,Delivered,5,3
14940,2026-08-13,C00012,Buenos Aires,Consumer,Website,Office,Toner cartridge,7,67.29,471.03,293.09,Delivered,5,4
14941,2026-08-13,C01244,NOA,SMB,Marketplace,Tech,27in monitor,4,250.19,1000.76,574.39,Delivered,2,1
14942,2026-08-13,C00336,Córdoba,Consumer,Website,Office,Toner cartridge,4,63.08,252.32,162.77,Delivered,3,3
14943,2026-08-13,C00084,Buenos Aires,Consumer,Sales rep,Office,Toner cartridge,6,63.32,379.92,215.48,Cancelled,3,1
14944,2026-08-13,C00020,Buenos Aires,SMB,Website,Cleaning,Disinfectant 5L,2,15.22,30.44,19.12,Delivered,5,7
14945,2026-08-13,C03521,Cuyo,SMB,Sales rep,Tech,27in monitor,1,246.45,246.45,158.64,Delivered,2,1
14946,2026-08-13,C02718,NOA,SMB,Sales rep,Office,Paper A4 box,5,18.73,93.65,61.04,Delivered,3,1
14947,2026-08-13,C01610,Cuyo,Consumer,Sales rep,Tech,USB-C dock,2,128.96,257.92,164.12,Delivered,2,2
14948,2026-08-13,C01129,Cuyo,SMB,Marketplace,Tech,USB-C dock,3,111.34,334.02,237.23,Delivered,2,1
14949,2026-08-13,C00607,Cuyo,Consumer,Website,Tech,Wireless mouse,7,20.64,144.48,86.08,Delivered,3,4
14950,2026-08-13,C00016,Córdoba,Consumer,Sales rep,Tech,27in monitor,1,235.65,235.65,136.69,Delivered,5,2
14951,2026-08-13,C00084,Buenos Aires,Consumer,Website,Cleaning,Disinfectant 5L,3,14.07,42.21,27.79,Delivered,2,1
14952,2026-08-13,C00178,Córdoba,SMB,Website,Office,Paper A4 box,3,16.96,50.88,32.84,Delivered,5,3
14953,2026-08-13,C01928,NOA,Consumer,Marketplace,Tech,USB-C dock,7,123.95,867.65,510.39,Delivered,3,1
14954,2026-08-13,C01141,NOA,SMB,Website,Office,Paper A4 box,4,18.81,75.24,41.2,Delivered,5,5
14955,2026-08-13,C00049,Cuyo,SMB,Website,Office,Toner cartridge,1,59.47,59.47,40.14,Delivered,5,4
14956,2026-08-13,C00943,Buenos Aires,Consumer,Website,Cleaning,Paper towels x12,4,20.54,82.16,51.52,Delivered,3,1
14957,2026-08-13,C00953,Buenos Aires,Consumer,Sales rep,Office,Ergonomic chair,6,216.7,1300.2,811.58,Delivered,5,2
14958,2026-08-13,C00335,Buenos Aires,SMB,Website,Office,Ergonomic chair,3,205.24,615.72,407.12,Delivered,5,5
14959,2026-08-13,C01593,NOA,Consumer,Website,Tech,USB-C dock,3,129.3,387.9,221.67,Delivered,2,1
14960,2026-08-13,C00019,Patagonia,Consumer,Website,Office,Ergonomic chair,4,204.8,819.2,479.69,Delivered,3,2
14961,2026-08-14,C00020,Buenos Aires,SMB,Sales rep,Cleaning,Disinfectant 5L,5,14.93,74.65,44.69,Delivered,3,1
14962,2026-08-14,C00430,Córdoba,Consumer,Website,Tech,27in monitor,3,236.92,710.76,442.07,Delivered,3,1
14963,2026-08-14,C00006,NOA,Enterprise,Marketplace,Tech,Wireless mouse,7,21.97,153.79,101.88,Delivered,5,3
14964,2026-08-14,C00331,Buenos Aires,Enterprise,Marketplace,Office,Toner cartridge,7,59.11,413.77,285.47,Delivered,3,1
14965,2026-08-14,C00667,Buenos Aires,Consumer,Sales rep,Tech,Wireless mouse,3,20.27,60.81,45.94,Delivered,2,3
14966,2026-08-14,C00001,Cuyo,SMB,Website,Tech,USB-C dock,1,127.77,127.77,72.17,Delivered,3,3
14967,2026-08-14,C00003,Córdoba,Consumer,Website,Tech,USB-C dock,4,122.34,489.36,269.91,Delivered,3,3
14968,2026-08-14,C00211,Buenos Aires,Enterprise,Marketplace,Office,Ergonomic chair,2,211.09,422.18,244.36,Delivered,2,1
14969,2026-08-14,C00001,Cuyo,SMB,Website,Office,Ergonomic chair,1,214.35,214.35,127.28,Delivered,3,3
14970,2026-08-14,C00007,Cuyo,SMB,Website,Tech,Wireless mouse,6,21.0,126.0,79.82,Delivered,5,4
14971,2026-08-14,C00572,Buenos Aires,Consumer,Marketplace,Cleaning,Paper towels x12,4,20.34,81.36,50.96,Delivered,5,3
14972,2026-08-14,C02250,Buenos Aires,SMB,Sales rep,Tech,27in monitor,2,253.61,507.22,273.97,Delivered,2,4
14973,2026-08-14,C02115,Buenos Aires,Consumer,Website,Cleaning,Paper towels x12,1,22.18,22.18,11.99,Delivered,3,1
14974,2026-08-14,C02771,Cuyo,SMB,Sales rep,Cleaning,Paper towels x12,1,21.25,21.25,14.38,Delivered,5,5
14975,2026-08-14,C00620,Cuyo,Consumer,Website,Tech,USB-C dock,2,125.4,250.8,158.62,Delivered,5,3
14976,2026-08-14,C01584,Patagonia,Consumer,Marketplace,Tech,USB-C dock,1,129.54,129.54,77.07,Delivered,3,1
14977,2026-08-14,C00031,Buenos Aires,SMB,Website,Cleaning,Disinfectant 5L,3,15.79,47.37,27.24,Delivered,5,4
14978,2026-08-14,C01396,Buenos Aires,Consumer,Marketplace,Tech,USB-C dock,7,121.56,850.92,511.4,Delivered,3,3
14979,2026-08-14,C00070,Cuyo,Consumer,Website,Office,Ergonomic chair,2,217.92,435.84,276.6,Delivered,3,3
14980,2026-08-14,C00007,Cuyo,SMB,Marketplace,Tech,USB-C dock,7,119.43,836.01,465.78,Delivered,2,1
14981,2026-08-14,C00364,Patagonia,Enterprise,Sales rep,Tech,USB-C dock,6,111.12,666.72,417.51,Delivered,3,2
14982,2026-08-14,C00181,Buenos Aires,SMB,Sales rep,Cleaning,Disinfectant 5L,2,14.45,28.9,16.89,Cancelled,5,5
14983,2026-08-14,C00006,NOA,Enterprise,Sales rep,Office,Ergonomic chair,1,194.43,194.43,123.82,Delivered,5,3
14984,2026-08-14,C03573,Buenos Aires,Consumer,Website,Office,Paper A4 box,7,17.46,122.22,83.52,Delivered,5,3
14985,2026-08-14,C00310,Cuyo,SMB,Website,Office,Paper A4 box,5,17.14,85.7,55.73,Delivered,2,1
14986,2026-08-14,C00074,Cuyo,SMB,Marketplace,Office,Paper A4 box,3,19.03,57.09,33.97,Returned,2,2
14987,2026-08-14,C01272,Buenos Aires,SMB,Website,Office,Paper A4 box,6,17.23,103.38,66.17,Delivered,5,5
14988,2026-08-15,C02756,Cuyo,SMB,Website,Tech,27in monitor,2,254.4,508.8,306.8,Delivered,5,3
14989,2026-08-15,C02932,Cuyo,Consumer,Sales rep,Office,Toner cartridge,2,59.64,119.28,86.99,Delivered,3,3
14990,2026-08-15,C00107,Buenos Aires,Consumer,Sales rep,Tech,27in monitor,5,255.18,1275.9,701.32,Delivered,2,1
14991,2026-08-15,C00004,Cuyo,Consumer,Marketplace,Office,Toner cartridge,1,61.95,61.95,44.05,Delivered,3,4
14992,2026-08-15,C00051,Buenos Aires,SMB,Website,Office,Ergonomic chair,1,213.3,213.3,131.07,Delivered,5,3
14993,2026-08-15,C00075,Cuyo,SMB,Marketplace,Office,Ergonomic chair,2,212.4,424.8,285.7,Delivered,5,5
14994,2026-08-15,C00007,Cuyo,SMB,Website,Office,Paper A4 box,5,17.94,89.7,59.99,Delivered,3,4
14995,2026-08-15,C00005,Cuyo,SMB,Sales rep,Office,Toner cartridge,3,65.86,197.58,113.62,Delivered,3,3
14996,2026-08-15,C00407,Córdoba,Consumer,Marketplace,Tech,27in monitor,6,243.82,1462.92,820.1,Delivered,3,3
14997,2026-08-15,C00006,NOA,Enterprise,Website,Office,Ergonomic chair,6,217.83,1306.98,881.94,Delivered,2,1
14998,2026-08-15,C00230,Patagonia,SMB,Website,Office,Ergonomic chair,5,207.97,1039.85,581.73,Delivered,2,1
14999,2026-08-16,C00310,Cuyo,SMB,Marketplace,Tech,USB-C dock,5,113.47,567.35,345.47,Delivered,3,1
15000,2026-08-16,C01210,Buenos Aires,Consumer,Website,Office,Ergonomic chair,4,206.14,824.56,483.55,Delivered,5,6
15001,2026-08-16,C00003,Córdoba,Consumer,Website,Cleaning,Disinfectant 5L,6,15.94,95.64,59.2,Delivered,3,1
15002,2026-08-16,C02584,Buenos Aires,SMB,Website,Tech,Wireless mouse,6,23.01,138.06,79.41,Delivered,5,3
15003,2026-08-16,C00060,Cuyo,Consumer,Website,Tech,USB-C dock,1,119.36,119.36,80.59,Delivered,3,2
15004,2026-08-16,C00212,Cuyo,SMB,Marketplace,Tech,27in monitor,1,241.38,241.38,164.07,Delivered,5,5
15005,2026-08-16,C00005,Cuyo,SMB,Sales rep,Cleaning,Disinfectant 5L,7,13.85,96.95,69.96,Delivered,3,3
15006,2026-08-16,C00069,Patagonia,SMB,Website,Office,Ergonomic chair,6,198.86,1193.16,838.74,Returned,3,3
15007,2026-08-16,C00001,Cuyo,SMB,Website,Office,Paper A4 box,5,19.18,95.9,60.17,Delivered,2,2
15008,2026-08-16,C01028,Cuyo,SMB,Marketplace,Office,Toner cartridge,6,65.8,394.8,257.65,Delivered,5,4
15009,2026-08-16,C00032,Cuyo,SMB,Marketplace,Tech,Wireless mouse,6,20.31,121.86,72.62,Delivered,5,6
15010,2026-08-16,C00329,Buenos Aires,Consumer,Website,Office,Ergonomic chair,6,195.73,1174.38,858.42,Delivered,5,6
15011,2026-08-16,C02483,Buenos Aires,Consumer,Marketplace,Cleaning,Paper towels x12,1,19.84,19.84,12.96,Delivered,3,1
15012,2026-08-17,C01697,Buenos Aires,SMB,Marketplace,Tech,Wireless mouse,3,20.66,61.98,45.92,Delivered,5,2
15013,2026-08-17,C00009,NOA,Consumer,Website,Tech,USB-C dock,6,124.77,748.62,416.56,Delivered,2,2
15014,2026-08-17,C00002,Buenos Aires,SMB,Website,Office,Paper A4 box,7,19.0,133.0,69.87,Delivered,3,3
15015,2026-08-17,C00008,Cuyo,SMB,Website,Tech,27in monitor,7,243.97,1707.79,1156.16,Delivered,5,6
15016,2026-08-17,C00076,Córdoba,SMB,Website,Tech,USB-C dock,7,126.96,888.72,538.66,Delivered,3,2
15017,2026-08-17,C00098,NOA,Consumer,Sales rep,Office,Toner cartridge,2,62.29,124.58,88.74,Delivered,2,1
15018,2026-08-17,C00001,Cuyo,SMB,Marketplace,Office,Toner cartridge,5,59.79,298.95,184.63,Delivered,3,4
15019,2026-08-17,C00257,Cuyo,SMB,Sales rep,Cleaning,Disinfectant 5L,6,14.54,87.24,62.63,Delivered,5,2
15020,2026-08-17,C00004,Cuyo,Consumer,Website,Office,Toner cartridge,4,62.34,249.36,154.99,Delivered,3,4
15021,2026-08-17,C00114,Patagonia,Enterprise,Website,Cleaning,Disinfectant 5L,7,14.46,101.22,60.82,Delivered,2,1
15022,2026-08-17,C00009,NOA,Consumer,Marketplace,Tech,27in monitor,7,238.85,1671.95,1155.67,Delivered,2,1
15023,2026-08-17,C00034,Patagonia,Consumer,Marketplace,Tech,USB-C dock,7,129.49,906.43,479.59,Delivered,2,1
15024,2026-08-17,C00005,Cuyo,SMB,Website,Cleaning,Paper towels x12,3,19.81,59.43,37.65,Delivered,5,2
15025,2026-08-17,C01887,Cuyo,Consumer,Marketplace,Tech,USB-C dock,2,123.15,246.3,161.02,Delivered,2,1
15026,2026-08-17,C00001,Cuyo,SMB,Website,Office,Ergonomic chair,4,217.81,871.24,486.71,Delivered,3,3
15027,2026-08-17,C02427,Cuyo,SMB,Website,Cleaning,Disinfectant 5L,3,15.43,46.29,28.34,Delivered,5,3
15028,2026-08-17,C00025,Buenos Aires,SMB,Website,Office,Ergonomic chair,2,204.44,408.88,288.7,Delivered,5,5
15029,2026-08-17,C03332,Buenos Aires,Consumer,Website,Office,Ergonomic chair,5,193.49,967.45,707.58,Delivered,5,2
15030,2026-08-17,C00021,NOA,SMB,Marketplace,Tech,USB-C dock,1,125.31,125.31,71.55,Delivered,5,5
15031,2026-08-17,C00002,Buenos Aires,SMB,Sales rep,Tech,Wireless mouse,5,20.63,103.15,76.35,Delivered,3,1
15032,2026-08-17,C00078,Patagonia,Enterprise,Website,Cleaning,Paper towels x12,3,20.47,61.41,35.11,Delivered,3,1
15033,2026-08-17,C00106,Cuyo,SMB,Website,Office,Toner cartridge,1,63.68,63.68,36.36,Delivered,3,3
15034,2026-08-17,C00001,Cuyo,SMB,Sales rep,Tech,Wireless mouse,7,22.74,159.18,85.48,Delivered,2,2
15035,2026-08-17,C00101,Cuyo,Consumer,Marketplace,Tech,27in monitor,3,260.93,782.79,472.39,Delivered,2,1
15036,2026-08-17,C00904,Cuyo,SMB,Website,Tech,USB-C dock,4,129.16,516.64,287.08,Delivered,3,2
15037,2026-08-18,C00209,Buenos Aires,Consumer,Marketplace,Tech,Wireless mouse,5,21.22,106.1,75.89,Delivered,5,5
15038,2026-08-18,C00086,Buenos Aires,Enterprise,Sales rep,Cleaning,Paper towels x12,6,20.95,125.7,76.86,Cancelled,3,4
15039,2026-08-18,C00051,Buenos Aires,SMB,Website,Office,Toner cartridge,7,59.53,416.71,289.83,Delivered,2,5
15040,2026-08-18,C02916,Cuyo,SMB,Sales rep,Cleaning,Disinfectant 5L,5,15.45,77.25,42.68,Delivered,5,3
15041,2026-08-18,C00006,NOA,Enterprise,Website,Tech,27in monitor,5,255.24,1276.2,852.22,Delivered,2,3
15042,2026-08-18,C00047,Buenos Aires,SMB,Sales rep,Tech,Wireless mouse,5,21.0,105.0,71.3,Returned,3,2
15043,2026-08-18,C01274,NOA,Enterprise,Marketplace,Office,Toner cartridge,5,66.03,330.15,180.69,Delivered,2,3
15044,2026-08-18,C00002,Buenos Aires,SMB,Website,Tech,Wireless mouse,3,22.13,66.39,40.81,Delivered,5,5
15045,2026-08-18,C03888,Patagonia,Consumer,Website,Cleaning,Disinfectant 5L,6,14.43,86.58,49.98,Delivered,5,4
15046,2026-08-18,C00001,Cuyo,SMB,Website,Tech,USB-C dock,5,117.0,585.0,330.78,Delivered,5,5
15047,2026-08-18,C00419,Patagonia,Consumer,Sales rep,Tech,Wireless mouse,5,22.76,113.8,66.93,Delivered,3,2
15048,2026-08-18,C00365,Cuyo,SMB,Website,Cleaning,Paper towels x12,4,21.29,85.16,50.2,Delivered,2,2
15049,2026-08-18,C00003,Córdoba,Consumer,Sales rep,Tech,USB-C dock,1,114.81,114.81,66.72,Delivered,5,4
15050,2026-08-18,C02634,Cuyo,Consumer,Marketplace,Cleaning,Paper towels x12,2,21.3,42.6,27.27,Delivered,2,1
15051,2026-08-18,C00001,Cuyo,SMB,Marketplace,Tech,USB-C dock,3,122.2,366.6,236.26,Delivered,2,1
15052,2026-08-18,C02328,Cuyo,SMB,Website,Cleaning,Disinfectant 5L,7,14.17,99.19,68.99,Delivered,5,8
15053,2026-08-18,C00114,Patagonia,Enterprise,Sales rep,Tech,Wireless mouse,4,23.04,92.16,58.68,Delivered,3,3
15054,2026-08-18,C00191,Buenos Aires,Enterprise,Sales rep,Tech,27in monitor,6,231.12,1386.72,1006.93,Delivered,5,4
15055,2026-08-18,C00003,Córdoba,Consumer,Sales rep,Tech,USB-C dock,4,114.6,458.4,333.05,Delivered,3,2
15056,2026-08-18,C00429,Buenos Aires,Consumer,Website,Cleaning,Paper towels x12,1,21.04,21.04,11.68,Delivered,5,3
15057,2026-08-18,C00001,Cuyo,SMB,Website,Tech,Wireless mouse,2,21.55,43.1,27.37,Delivered,2,3
15058,2026-08-18,C00005,Cuyo,SMB,Website,Tech,Wireless mouse,6,22.3,133.8,88.37,Delivered,3,3
15059,2026-08-18,C00040,Cuyo,Consumer,Website,Tech,Wireless mouse,7,21.67,151.69,103.89,Delivered,2,1
15060,2026-08-18,C00013,Córdoba,Enterprise,Marketplace,Office,Paper A4 box,1,17.23,17.23,12.08,Delivered,3,3
15061,2026-08-19,C00013,Córdoba,Enterprise,Website,Office,Toner cartridge,3,68.62,205.86,122.99,Delivered,5,3
15062,2026-08-19,C00005,Cuyo,SMB,Website,Office,Paper A4 box,5,18.72,93.6,57.46,Delivered,2,1
15063,2026-08-19,C00049,Cuyo,SMB,Marketplace,Tech,27in monitor,6,259.81,1558.86,857.03,Delivered,2,2
15064,2026-08-19,C00020,Buenos Aires,SMB,Marketplace,Office,Toner cartridge,5,65.33,326.65,206.73,Delivered,2,1
15065,2026-08-19,C00130,Buenos Aires,Consumer,Website,Office,Paper A4 box,4,18.56,74.24,40.35,Delivered,2,1
15066,2026-08-19,C00003,Córdoba,Consumer,Website,Tech,27in monitor,7,260.97,1826.79,1027.64,Delivered,3,2
15067,2026-08-19,C00001,Cuyo,SMB,Website,Tech,27in monitor,3,254.2,762.6,509.87,Delivered,5,4
15068,2026-08-19,C03257,Cuyo,SMB,Website,Cleaning,Disinfectant 5L,4,14.73,58.92,35.22,Delivered,2,1
15069,2026-08-19,C00009,NOA,Consumer,Website,Office,Toner cartridge,2,61.75,123.5,75.93,Delivered,5,2
15070,2026-08-19,C00084,Buenos Aires,Consumer,Marketplace,Tech,27in monitor,7,238.05,1666.35,1173.64,Delivered,5,6
15071,2026-08-19,C00387,Buenos Aires,Consumer,Sales rep,Tech,Wireless mouse,6,21.41,128.46,90.58,Delivered,2,1
15072,2026-08-19,C00029,Patagonia,Consumer,Website,Cleaning,Paper towels x12,2,19.81,39.62,26.52,Delivered,2,3
15073,2026-08-19,C00321,Cuyo,SMB,Website,Tech,Wireless mouse,1,22.63,22.63,12.68,Delivered,3,2
15074,2026-08-19,C00002,Buenos Aires,SMB,Website,Tech,27in monitor,5,252.0,1260.0,803.22,Delivered,5,3
15075,2026-08-19,C00477,Buenos Aires,Enterprise,Sales rep,Tech,27in monitor,3,245.97,737.91,432.84,Returned,2,3
15076,2026-08-19,C00028,Patagonia,SMB,Website,Office,Ergonomic chair,7,217.81,1524.67,892.11,Delivered,5,5
15077,2026-08-19,C00018,Buenos Aires,SMB,Sales rep,Office,Ergonomic chair,5,201.15,1005.75,624.47,Delivered,5,5
15078,2026-08-19,C00427,Cuyo,SMB,Website,Cleaning,Paper towels x12,6,20.81,124.86,84.49,Delivered,3,1
15079,2026-08-19,C02378,NOA,SMB,Marketplace,Cleaning,Disinfectant 5L,3,15.74,47.22,28.18,Delivered,3,2
15080,2026-08-19,C00433,Buenos Aires,SMB,Website,Tech,27in monitor,7,229.03,1603.21,1150.13,Delivered,2,2
15081,2026-08-19,C00097,Córdoba,SMB,Website,Tech,Wireless mouse,7,22.98,160.86,101.41,Delivered,3,2
15082,2026-08-19,C00162,Córdoba,Enterprise,Website,Tech,27in monitor,7,251.31,1759.17,1140.47,Delivered,5,3
15083,2026-08-19,C00001,Cuyo,SMB,Marketplace,Cleaning,Disinfectant 5L,2,16.11,32.22,17.94,Delivered,5,7
15084,2026-08-19,C00895,Cuyo,SMB,Website,Cleaning,Disinfectant 5L,5,16.1,80.5,49.44,Delivered,3,5
15085,2026-08-19,C01729,Córdoba,SMB,Marketplace,Tech,USB-C dock,6,111.61,669.66,499.52,Delivered,3,3
15086,2026-08-19,C00991,Córdoba,Consumer,Sales rep,Office,Paper A4 box,3,18.92,56.76,36.44,Delivered,2,1
15087,2026-08-19,C01375,Buenos Aires,Enterprise,Marketplace,Cleaning,Paper towels x12,6,22.67,136.02,85.2,Delivered,5,4
15088,2026-08-20,C02355,Cuyo,SMB,Website,Tech,27in monitor,3,247.65,742.95,504.56,Delivered,3,2
15089,2026-08-20,C00013,Córdoba,Enterprise,Website,Office,Paper A4 box,7,17.06,119.42,72.0,Delivered,2,1
15090,2026-08-20,C02224,Buenos Aires,Consumer,Website,Office,Toner cartridge,1,68.24,68.24,38.61,Delivered,3,2
15091,2026-08-20,C02835,Buenos Aires,SMB,Website,Office,Paper A4 box,4,19.16,76.64,44.24,Delivered,2,1
15092,2026-08-20,C01225,Patagonia,Consumer,Sales rep,Tech,USB-C dock,7,110.7,774.9,558.16,Delivered,3,4
15093,2026-08-20,C00864,NOA,SMB,Marketplace,Cleaning,Paper towels x12,1,21.25,21.25,13.33,Delivered,2,1
15094,2026-08-20,C00020,Buenos Aires,SMB,Marketplace,Tech,27in monitor,2,253.81,507.62,335.62,Delivered,2,1
15095,2026-08-20,C00050,NOA,Consumer,Sales rep,Office,Toner cartridge,5,63.39,316.95,192.74,Cancelled,2,1
15096,2026-08-20,C00416,Buenos Aires,Consumer,Marketplace,Cleaning,Paper towels x12,6,21.69,130.14,77.79,Delivered,2,1
15097,2026-08-20,C01109,NOA,Enterprise,Website,Tech,Wireless mouse,5,23.63,118.15,68.59,Cancelled,2,1
15098,2026-08-20,C00287,Buenos Aires,SMB,Sales rep,Tech,USB-C dock,5,110.65,553.25,415.16,Delivered,2,3
15099,2026-08-20,C00016,Córdoba,Consumer,Sales rep,Cleaning,Disinfectant 5L,7,15.4,107.8,60.2,Delivered,5,5
15100,2026-08-20,C02467,Cuyo,SMB,Marketplace,Tech,27in monitor,6,232.23,1393.38,865.5,Delivered,2,1
15101,2026-08-20,C00455,Cuyo,SMB,Sales rep,Office,Ergonomic chair,5,217.43,1087.15,723.15,Delivered,5,6
15102,2026-08-20,C00323,Buenos Aires,Consumer,Marketplace,Office,Toner cartridge,2,60.46,120.92,85.96,Delivered,2,2
15103,2026-08-20,C00010,Córdoba,SMB,Sales rep,Tech,USB-C dock,1,115.55,115.55,67.85,Delivered,2,1
15104,2026-08-20,C00002,Buenos Aires,SMB,Marketplace,Tech,Wireless mouse,1,22.2,22.2,13.07,Delivered,5,7
15105,2026-08-20,C00001,Cuyo,SMB,Website,Office,Toner cartridge,6,61.66,369.96,232.59,Delivered,3,3
15106,2026-08-20,C00007,Cuyo,SMB,Marketplace,Tech,Wireless mouse,4,21.27,85.08,61.53,Delivered,5,4
15107,2026-08-20,C00263,Buenos Aires,Consumer,Website,Tech,Wireless mouse,2,20.41,40.82,27.84,Delivered,5,4
15108,2026-08-21,C00021,NOA,SMB,Website,Tech,27in monitor,5,229.96,1149.8,786.14,Delivered,2,1
15109,2026-08-21,C00001,Cuyo,SMB,Marketplace,Office,Paper A4 box,4,17.03,68.12,40.75,Delivered,5,4
15110,2026-08-21,C00056,Buenos Aires,Consumer,Marketplace,Cleaning,Disinfectant 5L,2,15.38,30.76,17.95,Delivered,5,5
15111,2026-08-21,C00092,Patagonia,SMB,Website,Office,Paper A4 box,6,16.62,99.72,71.12,Delivered,3,2
15112,2026-08-21,C01533,Córdoba,SMB,Website,Cleaning,Disinfectant 5L,4,14.16,56.64,38.59,Delivered,2,2
15113,2026-08-21,C01025,Buenos Aires,SMB,Website,Tech,Wireless mouse,2,20.45,40.9,24.25,Delivered,2,1
15114,2026-08-21,C00006,NOA,Enterprise,Website,Office,Toner cartridge,1,65.75,65.75,39.22,Delivered,2,2
15115,2026-08-21,C01981,Cuyo,SMB,Sales rep,Office,Ergonomic chair,7,210.64,1474.48,892.86,Delivered,3,2
15116,2026-08-21,C02161,Patagonia,Consumer,Marketplace,Tech,Wireless mouse,7,21.89,153.23,89.99,Delivered,2,1
15117,2026-08-21,C00014,Cuyo,SMB,Sales rep,Office,Toner cartridge,2,64.82,129.64,76.31,Delivered,5,5
15118,2026-08-21,C00800,Buenos Aires,SMB,Marketplace,Tech,USB-C dock,2,124.56,249.12,159.33,Delivered,3,1
15119,2026-08-21,C00110,Cuyo,Consumer,Website,Office,Toner cartridge,5,65.21,326.05,186.43,Cancelled,5,5
15120,2026-08-21,C00197,Buenos Aires,Enterprise,Website,Cleaning,Disinfectant 5L,6,14.0,84.0,56.66,Delivered,3,2
15121,2026-08-21,C00252,Patagonia,SMB,Marketplace,Cleaning,Disinfectant 5L,3,15.68,47.04,26.53,Delivered,2,3
15122,2026-08-22,C00004,Cuyo,Consumer,Website,Tech,Wireless mouse,5,21.04,105.2,64.46,Delivered,5,4
15123,2026-08-22,C00080,Buenos Aires,SMB,Website,Tech,Wireless mouse,7,21.38,149.66,98.18,Delivered,5,5
15124,2026-08-22,C02502,Córdoba,SMB,Website,Cleaning,Disinfectant 5L,5,14.86,74.3,48.15,Delivered,2,1
15125,2026-08-22,C00002,Buenos Aires,SMB,Sales rep,Tech,Wireless mouse,5,23.07,115.35,68.97,Delivered,2,2
15126,2026-08-22,C00327,Buenos Aires,Consumer,Website,Tech,27in monitor,6,232.68,1396.08,974.79,Delivered,5,4
15127,2026-08-22,C00004,Cuyo,Consumer,Website,Cleaning,Paper towels x12,3,20.93,62.79,38.65,Delivered,2,2
15128,2026-08-22,C00029,Patagonia,Consumer,Sales rep,Office,Toner cartridge,7,65.01,455.07,264.81,Returned,5,2
15129,2026-08-22,C00024,Buenos Aires,SMB,Website,Office,Ergonomic chair,3,215.76,647.28,425.11,Delivered,5,3
15130,2026-08-22,C00022,Cuyo,SMB,Website,Cleaning,Paper towels x12,2,20.09,40.18,24.03,Delivered,2,1
15131,2026-08-22,C00010,Córdoba,SMB,Sales rep,Tech,27in monitor,5,226.81,1134.05,713.64,Delivered,2,1
15132,2026-08-22,C00005,Cuyo,SMB,Sales rep,Office,Paper A4 box,7,18.37,128.59,81.04,Delivered,3,1
15133,2026-08-22,C00054,Cuyo,Consumer,Website,Tech,Wireless mouse,2,22.01,44.02,29.16,Delivered,3,4
15134,2026-08-22,C01521,Cuyo,Consumer,Sales rep,Office,Toner cartridge,1,68.23,68.23,39.55,Delivered,2,1
15135,2026-08-22,C00042,Cuyo,SMB,Sales rep,Cleaning,Disinfectant 5L,4,14.46,57.84,36.26,Delivered,2,1
15136,2026-08-22,C00492,Córdoba,SMB,Sales rep,Office,Ergonomic chair,4,216.93,867.72,476.12,Delivered,2,1
15137,2026-08-22,C00003,Córdoba,Consumer,Marketplace,Cleaning,Paper towels x12,2,22.59,45.18,28.2,Delivered,5,4
15138,2026-08-22,C00001,Cuyo,SMB,Website,Office,Paper A4 box,3,16.93,50.79,37.6,Delivered,5,4
15139,2026-08-23,C00814,Cuyo,Consumer,Website,Tech,27in monitor,1,227.67,227.67,166.53,Delivered,5,4
15140,2026-08-23,C01408,Cuyo,Enterprise,Website,Cleaning,Paper towels x12,2,21.46,42.92,28.67,Delivered,3,3
15141,2026-08-23,C00010,Córdoba,SMB,Website,Tech,Wireless mouse,4,20.8,83.2,56.07,Delivered,2,2
15142,2026-08-23,C00001,Cuyo,SMB,Website,Tech,Wireless mouse,2,22.21,44.42,25.31,Delivered,5,4
15143,2026-08-23,C00012,Buenos Aires,Consumer,Website,Office,Paper A4 box,7,19.29,135.03,77.08,Delivered,2,2
15144,2026-08-23,C00390,Córdoba,SMB,Marketplace,Cleaning,Disinfectant 5L,7,14.11,98.77,72.3,Delivered,2,1
15145,2026-08-23,C00220,Cuyo,Enterprise,Website,Tech,27in monitor,4,263.65,1054.6,606.43,Delivered,2,1
15146,2026-08-23,C00025,Buenos Aires,SMB,Website,Tech,USB-C dock,6,122.0,732.0,460.92,Delivered,5,3
15147,2026-08-23,C00091,Cuyo,Consumer,Sales rep,Office,Toner cartridge,1,65.86,65.86,43.51,Delivered,3,2
15148,2026-08-23,C00050,NOA,Consumer,Sales rep,Office,Ergonomic chair,4,213.06,852.24,481.6,Delivered,3,3
15149,2026-08-23,C02023,Buenos Aires,Enterprise,Website,Tech,Wireless mouse,6,21.71,130.26,90.29,Returned,2,1
15150,2026-08-23,C00059,Cuyo,Consumer,Sales rep,Cleaning,Paper towels x12,2,21.22,42.44,25.97,Delivered,3,2
15151,2026-08-23,C00606,Cuyo,SMB,Marketplace,Tech,Wireless mouse,4,20.67,82.68,51.38,Delivered,2,2
15152,2026-08-24,C00001,Cuyo,SMB,Website,Office,Ergonomic chair,2,198.95,397.9,271.8,Delivered,3,1
15153,2026-08-24,C00278,NOA,SMB,Website,Cleaning,Paper towels x12,5,22.56,112.8,61.66,Delivered,5,3
15154,2026-08-24,C00005,Cuyo,SMB,Website,Cleaning,Paper towels x12,3,21.98,65.94,41.31,Delivered,2,3
15155,2026-08-24,C00371,NOA,Consumer,Marketplace,Office,Paper A4 box,7,18.41,128.87,88.03,Delivered,2,1
15156,2026-08-24,C01829,Patagonia,Consumer,Website,Office,Paper A4 box,2,18.29,36.58,21.16,Delivered,3,2
15157,2026-08-24,C00102,Buenos Aires,SMB,Website,Tech,Wireless mouse,2,20.33,40.66,24.51,Cancelled,3,1
15158,2026-08-24,C01664,Córdoba,SMB,Website,Office,Toner cartridge,1,59.41,59.41,40.08,Delivered,3,2
15159,2026-08-24,C02012,Cuyo,Consumer,Sales rep,Tech,USB-C dock,7,129.22,904.54,481.7,Delivered,2,2
15160,2026-08-24,C00085,Buenos Aires,Enterprise,Website,Office,Paper A4 box,1,19.02,19.02,11.69,Returned,3,1
15161,2026-08-24,C00312,Buenos Aires,SMB,Sales rep,Office,Ergonomic chair,3,212.32,636.96,424.24,Delivered,5,6
15162,2026-08-24,C03573,Buenos Aires,Consumer,Website,Office,Paper A4 box,2,17.14,34.28,22.92,Delivered,5,2
15163,2026-08-24,C03647,Cuyo,SMB,Sales rep,Office,Paper A4 box,1,18.72,18.72,10.15,Delivered,2,1
15164,2026-08-24,C03455,Cuyo,Enterprise,Website,Cleaning,Disinfectant 5L,1,15.92,15.92,8.32,Delivered,5,2
15165,2026-08-24,C00001,Cuyo,SMB,Website,Tech,27in monitor,1,251.19,251.19,140.37,Delivered,5,5
15166,2026-08-24,C01020,Buenos Aires,Enterprise,Website,Cleaning,Disinfectant 5L,1,14.38,14.38,10.01,Delivered,3,3
15167,2026-08-24,C00057,Buenos Aires,Enterprise,Marketplace,Tech,USB-C dock,4,117.63,470.52,288.96,Cancelled,2,1
15168,2026-08-24,C00001,Cuyo,SMB,Marketplace,Office,Toner cartridge,2,63.08,126.16,71.4,Returned,3,3
15169,2026-08-24,C00059,Cuyo,Consumer,Marketplace,Cleaning,Paper towels x12,1,20.47,20.47,12.06,Delivered,2,1
15170,2026-08-24,C00015,Cuyo,Consumer,Marketplace,Tech,27in monitor,2,235.44,470.88,310.72,Delivered,3,1
15171,2026-08-24,C00959,Córdoba,SMB,Marketplace,Office,Toner cartridge,2,62.73,125.46,81.58,Delivered,5,5
15172,2026-08-24,C00156,Córdoba,Consumer,Sales rep,Cleaning,Paper towels x12,6,22.18,133.08,72.34,Delivered,2,1
15173,2026-08-24,C00338,NOA,SMB,Website,Tech,27in monitor,6,231.98,1391.88,995.69,Delivered,3,3
15174,2026-08-25,C00012,Buenos Aires,Consumer,Website,Tech,27in monitor,4,231.39,925.56,676.19,Delivered,5,2
15175,2026-08-25,C00006,NOA,Enterprise,Marketplace,Office,Paper A4 box,2,17.46,34.92,23.64,Cancelled,5,6
15176,2026-08-25,C00002,Buenos Aires,SMB,Marketplace,Cleaning,Paper towels x12,4,20.41,81.64,47.61,Delivered,2,1
15177,2026-08-25,C03571,Córdoba,Enterprise,Website,Cleaning,Disinfectant 5L,2,15.64,31.28,19.91,Delivered,5,4
15178,2026-08-25,C01889,Buenos Aires,SMB,Marketplace,Tech,27in monitor,5,262.94,1314.7,689.52,Delivered,2,1
15179,2026-08-25,C00102,Buenos Aires,SMB,Marketplace,Tech,USB-C dock,6,124.73,748.38,407.2,Delivered,5,2
15180,2026-08-25,C02610,Córdoba,Enterprise,Website,Cleaning,Disinfectant 5L,3,15.39,46.17,26.16,Delivered,3,1
15181,2026-08-25,C02610,Córdoba,Enterprise,Website,Office,Ergonomic chair,1,219.69,219.69,132.53,Delivered,3,1
15182,2026-08-25,C00036,Cuyo,Consumer,Marketplace,Tech,USB-C dock,3,128.84,386.52,250.1,Delivered,5,4
15183,2026-08-25,C00027,Cuyo,SMB,Website,Office,Paper A4 box,1,17.91,17.91,12.42,Delivered,3,1
15184,2026-08-25,C00356,Cuyo,SMB,Marketplace,Office,Toner cartridge,1,66.53,66.53,35.26,Delivered,5,3
15185,2026-08-25,C00671,Patagonia,SMB,Website,Cleaning,Paper towels x12,2,20.44,40.88,25.27,Delivered,5,4
15186,2026-08-25,C01071,Buenos Aires,Consumer,Website,Office,Ergonomic chair,1,210.46,210.46,126.37,Delivered,3,2
15187,2026-08-25,C03061,Córdoba,Enterprise,Marketplace,Office,Paper A4 box,4,17.32,69.28,45.12,Delivered,2,1
15188,2026-08-25,C00010,Córdoba,SMB,Website,Office,Toner cartridge,3,61.06,183.18,126.51,Delivered,2,2
15189,2026-08-25,C00148,Cuyo,SMB,Website,Office,Paper A4 box,1,18.37,18.37,11.54,Delivered,3,1
15190,2026-08-25,C00001,Cuyo,SMB,Sales rep,Cleaning,Disinfectant 5L,2,14.32,28.64,18.8,Delivered,2,2
15191,2026-08-26,C00181,Buenos Aires,SMB,Marketplace,Office,Paper A4 box,4,19.42,77.68,46.27,Delivered,5,6
15192,2026-08-26,C00055,Patagonia,SMB,Marketplace,Tech,USB-C dock,2,112.58,225.16,137.01,Delivered,5,3
15193,2026-08-26,C00043,Buenos Aires,Consumer,Website,Office,Paper A4 box,7,16.86,118.02,83.7,Delivered,2,3
15194,2026-08-26,C00317,Cuyo,SMB,Website,Cleaning,Paper towels x12,1,22.23,22.23,11.85,Delivered,3,2
15195,2026-08-26,C00002,Buenos Aires,SMB,Sales rep,Tech,USB-C dock,7,110.79,775.53,540.61,Delivered,2,1
15196,2026-08-26,C00035,Buenos Aires,SMB,Marketplace,Tech,USB-C dock,2,119.25,238.5,152.86,Delivered,3,2
15197,2026-08-26,C00590,Cuyo,SMB,Marketplace,Office,Toner cartridge,5,67.91,339.55,182.87,Delivered,3,2
15198,2026-08-26,C00001,Cuyo,SMB,Sales rep,Tech,Wireless mouse,7,22.04,154.28,107.08,Delivered,5,4
15199,2026-08-26,C00001,Cuyo,SMB,Website,Tech,Wireless mouse,5,21.12,105.6,67.64,Returned,5,2
15200,2026-08-26,C00489,Cuyo,SMB,Website,Office,Toner cartridge,3,66.45,199.35,133.02,Delivered,2,3
15201,2026-08-26,C01524,Buenos Aires,Enterprise,Marketplace,Cleaning,Disinfectant 5L,6,14.2,85.2,56.28,Delivered,3,1
15202,2026-08-26,C00464,Cuyo,SMB,Marketplace,Tech,Wireless mouse,1,20.4,20.4,12.22,Delivered,5,4
15203,2026-08-26,C00126,Córdoba,Consumer,Website,Tech,Wireless mouse,2,21.52,43.04,28.03,Delivered,2,1
15204,2026-08-26,C00053,Cuyo,Consumer,Website,Tech,USB-C dock,4,122.85,491.4,279.55,Delivered,5,4
15205,2026-08-26,C00001,Cuyo,SMB,Website,Cleaning,Paper towels x12,4,21.65,86.6,50.12,Delivered,5,5
15206,2026-08-26,C00062,Patagonia,Consumer,Website,Office,Paper A4 box,3,18.45,55.35,37.72,Delivered,3,1
15207,2026-08-26,C00895,Cuyo,SMB,Website,Tech,27in monitor,1,225.49,225.49,136.86,Returned,2,2
15208,2026-08-26,C00251,Buenos Aires,SMB,Website,Cleaning,Paper towels x12,3,19.62,58.86,39.28,Delivered,5,5
15209,2026-08-26,C00141,Cuyo,SMB,Sales rep,Cleaning,Disinfectant 5L,6,14.52,87.12,55.48,Delivered,3,2
15210,2026-08-26,C00002,Buenos Aires,SMB,Website,Office,Toner cartridge,2,59.9,119.8,85.51,Delivered,3,3
15211,2026-08-26,C00021,NOA,SMB,Marketplace,Office,Paper A4 box,5,17.34,86.7,62.42,Delivered,5,5
15212,2026-08-26,C00229,Cuyo,Consumer,Marketplace,Tech,Wireless mouse,1,22.08,22.08,14.23,Delivered,3,1
15213,2026-08-26,C00001,Cuyo,SMB,Marketplace,Cleaning,Paper towels x12,5,20.85,104.25,65.23,Delivered,2,1
15214,2026-08-26,C00019,Patagonia,Consumer,Website,Cleaning,Paper towels x12,3,20.47,61.41,42.29,Delivered,3,3
15215,2026-08-26,C00969,Buenos Aires,SMB,Website,Office,Ergonomic chair,5,205.05,1025.25,632.26,Delivered,5,5
15216,2026-08-26,C00308,Buenos Aires,Consumer,Marketplace,Cleaning,Disinfectant 5L,3,14.64,43.92,27.53,Delivered,2,1
15217,2026-08-26,C00028,Patagonia,SMB,Marketplace,Cleaning,Disinfectant 5L,3,15.51,46.53,29.87,Delivered,2,1
15218,2026-08-26,C00479,Cuyo,Consumer,Marketplace,Tech,27in monitor,5,235.81,1179.05,838.54,Delivered,3,1
15219,2026-08-26,C01146,Buenos Aires,Consumer,Sales rep,Cleaning,Disinfectant 5L,6,14.78,88.68,58.72,Delivered,3,1
15220,2026-08-26,C00167,Cuyo,Consumer,Website,Cleaning,Paper towels x12,3,19.63,58.89,38.19,Delivered,3,1
15221,2026-08-26,C00108,Cuyo,SMB,Sales rep,Office,Paper A4 box,2,19.29,38.58,23.81,Delivered,2,1
15222,2026-08-26,C00024,Buenos Aires,SMB,Website,Tech,27in monitor,7,253.82,1776.74,1005.51,Delivered,5,4
15223,2026-08-27,C00071,Patagonia,Consumer,Website,Cleaning,Paper towels x12,5,20.67,103.35,66.13,Delivered,5,4
15224,2026-08-27,C00046,Córdoba,SMB,Marketplace,Tech,27in monitor,5,257.92,1289.6,767.97,Delivered,3,4
15225,2026-08-27,C00580,NOA,SMB,Sales rep,Tech,27in monitor,1,250.67,250.67,138.13,Delivered,5,4
15226,2026-08-27,C02878,NOA,SMB,Website,Tech,USB-C dock,7,128.56,899.92,544.8,Delivered,3,4
15227,2026-08-27,C00004,Cuyo,Consumer,Sales rep,Tech,27in monitor,3,241.22,723.66,465.31,Delivered,5,1
15228,2026-08-27,C00498,Buenos Aires,Consumer,Website,Cleaning,Disinfectant 5L,4,15.01,60.04,41.49,Delivered,2,1
15229,2026-08-27,C00260,Córdoba,SMB,Website,Tech,Wireless mouse,6,22.11,132.66,80.99,Delivered,3,3
15230,2026-08-27,C00003,Córdoba,Consumer,Sales rep,Tech,Wireless mouse,7,20.62,144.34,92.9,Delivered,2,1
15231,2026-08-27,C00002,Buenos Aires,SMB,Sales rep,Tech,USB-C dock,3,117.49,352.47,199.04,Delivered,2,1
15232,2026-08-27,C03167,Buenos Aires,Consumer,Marketplace,Tech,Wireless mouse,4,21.02,84.08,52.56,Delivered,5,5
15233,2026-08-27,C00005,Cuyo,SMB,Website,Tech,USB-C dock,4,118.92,475.68,277.26,Delivered,5,5
15234,2026-08-27,C03645,Cuyo,Enterprise,Website,Tech,USB-C dock,2,114.85,229.7,156.92,Delivered,2,1
15235,2026-08-27,C03677,Córdoba,SMB,Marketplace,Office,Toner cartridge,2,67.14,134.28,77.44,Delivered,2,2
15236,2026-08-27,C00223,Cuyo,Consumer,Marketplace,Tech,USB-C dock,3,124.0,372.0,220.24,Delivered,2,1
15237,2026-08-27,C00035,Buenos Aires,SMB,Website,Office,Paper A4 box,3,18.99,56.97,31.39,Delivered,2,1
15238,2026-08-27,C00412,NOA,SMB,Marketplace,Cleaning,Disinfectant 5L,7,14.75,103.25,62.22,Delivered,2,3
15239,2026-08-27,C00298,Buenos Aires,Enterprise,Website,Cleaning,Paper towels x12,4,19.59,78.36,55.26,Delivered,5,5
15240,2026-08-27,C03088,Buenos Aires,Consumer,Website,Cleaning,Paper towels x12,4,22.57,90.28,53.51,Delivered,2,1
15241,2026-08-27,C02979,Cuyo,Consumer,Website,Office,Paper A4 box,3,17.01,51.03,30.77,Delivered,2,1
15242,2026-08-27,C00858,Cuyo,Consumer,Website,Office,Ergonomic chair,7,221.87,1553.09,901.83,Delivered,5,3
15243,2026-08-27,C03062,Cuyo,SMB,Website,Tech,Wireless mouse,1,20.5,20.5,12.14,Delivered,3,4
15244,2026-08-27,C00133,Cuyo,SMB,Website,Office,Toner cartridge,7,65.18,456.26,290.25,Delivered,2,1
15245,2026-08-27,C00038,Cuyo,Consumer,Website,Cleaning,Disinfectant 5L,4,15.65,62.6,36.25,Delivered,2,1
15246,2026-08-28,C00916,Buenos Aires,SMB,Website,Cleaning,Disinfectant 5L,7,14.59,102.13,65.54,Delivered,3,3
15247,2026-08-28,C01154,Patagonia,Enterprise,Marketplace,Cleaning,Paper towels x12,7,19.9,139.3,87.58,Delivered,5,6
15248,2026-08-28,C00655,Córdoba,SMB,Marketplace,Cleaning,Paper towels x12,7,21.31,149.17,99.67,Delivered,2,1
15249,2026-08-28,C00027,Cuyo,SMB,Marketplace,Tech,27in monitor,1,252.33,252.33,141.35,Delivered,3,1
15250,2026-08-28,C00007,Cuyo,SMB,Website,Office,Toner cartridge,3,59.88,179.64,120.14,Delivered,2,1
15251,2026-08-28,C01218,Cuyo,SMB,Sales rep,Cleaning,Disinfectant 5L,7,16.11,112.77,61.6,Delivered,3,3
15252,2026-08-28,C00011,Buenos Aires,Enterprise,Website,Tech,Wireless mouse,3,21.2,63.6,40.1,Delivered,2,2
15253,2026-08-28,C00059,Cuyo,Consumer,Sales rep,Tech,Wireless mouse,6,20.68,124.08,76.71,Delivered,5,3
15254,2026-08-28,C00527,Buenos Aires,Consumer,Website,Tech,Wireless mouse,2,22.85,45.7,28.56,Delivered,3,2
15255,2026-08-28,C00455,Cuyo,SMB,Sales rep,Cleaning,Paper towels x12,7,22.07,154.49,100.48,Delivered,3,1
15256,2026-08-28,C00001,Cuyo,SMB,Website,Office,Ergonomic chair,6,216.56,1299.36,849.63,Delivered,5,3
15257,2026-08-28,C00012,Buenos Aires,Consumer,Website,Cleaning,Disinfectant 5L,6,14.25,85.5,61.02,Delivered,3,2
15258,2026-08-28,C00002,Buenos Aires,SMB,Website,Cleaning,Disinfectant 5L,3,15.4,46.2,29.16,Delivered,2,3
15259,2026-08-28,C00166,Buenos Aires,Enterprise,Website,Tech,USB-C dock,1,117.97,117.97,80.66,Delivered,3,3
15260,2026-08-28,C03238,Patagonia,Enterprise,Website,Tech,USB-C dock,4,112.81,451.24,324.66,Returned,2,1
15261,2026-08-28,C00020,Buenos Aires,SMB,Marketplace,Cleaning,Paper towels x12,6,22.37,134.22,79.42,Delivered,5,5
15262,2026-08-28,C00266,Patagonia,SMB,Marketplace,Tech,27in monitor,1,263.85,263.85,161.92,Returned,3,2
15263,2026-08-28,C02207,Buenos Aires,Enterprise,Website,Office,Toner cartridge,2,66.11,132.22,70.69,Cancelled,5,4
15264,2026-08-28,C00061,Cuyo,Consumer,Website,Cleaning,Disinfectant 5L,3,15.14,45.42,29.2,Delivered,5,3
15265,2026-08-28,C00076,Córdoba,SMB,Website,Tech,USB-C dock,3,111.09,333.27,212.59,Delivered,5,6
15266,2026-08-28,C00656,NOA,SMB,Website,Cleaning,Paper towels x12,1,20.14,20.14,12.45,Delivered,2,1
15267,2026-08-28,C00039,NOA,SMB,Website,Office,Toner cartridge,5,62.68,313.4,210.72,Delivered,2,2
15268,2026-08-28,C02147,Buenos Aires,Enterprise,Website,Tech,27in monitor,2,237.07,474.14,306.2,Returned,3,1
15269,2026-08-28,C00148,Cuyo,SMB,Website,Office,Paper A4 box,4,16.77,67.08,42.1,Delivered,2,1
15270,2026-08-29,C03412,Córdoba,SMB,Sales rep,Tech,27in monitor,7,257.7,1803.9,989.63,Delivered,2,1
15271,2026-08-29,C00020,Buenos Aires,SMB,Marketplace,Office,Ergonomic chair,7,202.69,1418.83,963.28,Delivered,5,4
15272,2026-08-29,C00551,NOA,Consumer,Website,Office,Ergonomic chair,1,198.75,198.75,143.37,Delivered,2,1
15273,2026-08-29,C00024,Buenos Aires,SMB,Marketplace,Office,Paper A4 box,6,17.64,105.84,71.27,Delivered,2,2
15274,2026-08-29,C00030,Cuyo,Consumer,Website,Cleaning,Paper towels x12,5,20.45,102.25,59.45,Delivered,5,1
15275,2026-08-29,C00278,NOA,SMB,Sales rep,Tech,27in monitor,6,264.28,1585.68,988.97,Delivered,2,1
15276,2026-08-29,C00261,Patagonia,SMB,Website,Tech,USB-C dock,2,114.09,228.18,158.27,Delivered,5,6
15277,2026-08-29,C03303,Buenos Aires,SMB,Website,Tech,USB-C dock,6,129.39,776.34,495.71,Delivered,5,5
15278,2026-08-29,C01050,Cuyo,SMB,Marketplace,Office,Paper A4 box,4,17.4,69.6,44.24,Delivered,3,3
15279,2026-08-29,C02672,Cuyo,SMB,Marketplace,Tech,Wireless mouse,5,21.88,109.4,65.36,Delivered,3,2
15280,2026-08-29,C00025,Buenos Aires,SMB,Marketplace,Office,Paper A4 box,6,17.28,103.68,75.17,Delivered,2,1
15281,2026-08-29,C00565,NOA,Consumer,Website,Office,Toner cartridge,3,59.79,179.37,105.85,Delivered,2,1
15282,2026-08-29,C00389,Córdoba,SMB,Sales rep,Tech,USB-C dock,5,110.94,554.7,351.1,Delivered,2,1
15283,2026-08-29,C00006,NOA,Enterprise,Marketplace,Office,Ergonomic chair,1,209.43,209.43,140.4,Delivered,2,1
15284,2026-08-29,C00021,NOA,SMB,Marketplace,Office,Paper A4 box,3,19.38,58.14,30.16,Delivered,3,1
15285,2026-08-30,C00005,Cuyo,SMB,Website,Office,Paper A4 box,2,18.44,36.88,23.44,Delivered,5,4
15286,2026-08-30,C00006,NOA,Enterprise,Website,Office,Toner cartridge,1,60.69,60.69,40.98,Delivered,2,1
15287,2026-08-30,C00039,NOA,SMB,Sales rep,Tech,27in monitor,7,237.49,1662.43,1158.53,Delivered,2,2
15288,2026-08-30,C00094,Buenos Aires,SMB,Sales rep,Cleaning,Paper towels x12,5,20.23,101.15,63.35,Delivered,3,4
15289,2026-08-30,C01863,Cuyo,SMB,Website,Office,Ergonomic chair,5,222.99,1114.95,599.66,Delivered,5,6
15290,2026-08-30,C00009,NOA,Consumer,Website,Tech,Wireless mouse,3,20.44,61.32,40.88,Delivered,3,1
15291,2026-08-30,C00818,Buenos Aires,Consumer,Sales rep,Office,Toner cartridge,4,60.43,241.72,151.36,Delivered,2,3
15292,2026-08-30,C00729,Cuyo,Consumer,Sales rep,Cleaning,Disinfectant 5L,2,15.36,30.72,20.16,Delivered,3,2
15293,2026-08-30,C00001,Cuyo,SMB,Website,Office,Ergonomic chair,3,225.29,675.87,423.31,Delivered,3,3
15294,2026-08-30,C00015,Cuyo,Consumer,Marketplace,Cleaning,Disinfectant 5L,3,15.03,45.09,29.62,Delivered,3,3
15295,2026-08-30,C00005,Cuyo,SMB,Marketplace,Cleaning,Paper towels x12,4,19.53,78.12,56.73,Delivered,5,3
15296,2026-08-30,C00003,Córdoba,Consumer,Website,Office,Toner cartridge,7,63.77,446.39,250.65,Delivered,5,2
15297,2026-08-30,C00024,Buenos Aires,SMB,Website,Office,Ergonomic chair,7,207.89,1455.23,1007.36,Delivered,3,4
15298,2026-08-30,C00025,Buenos Aires,SMB,Sales rep,Cleaning,Disinfectant 5L,2,15.94,31.88,19.55,Delivered,3,2
15299,2026-08-30,C01553,Cuyo,Consumer,Marketplace,Tech,27in monitor,7,250.03,1750.21,1075.43,Delivered,3,1
15300,2026-08-30,C00065,Córdoba,SMB,Marketplace,Tech,27in monitor,4,248.81,995.24,574.3,Delivered,2,4
15301,2026-08-30,C02420,Cuyo,Consumer,Website,Tech,Wireless mouse,1,23.07,23.07,14.87,Delivered,2,2
15302,2026-08-30,C00042,Cuyo,SMB,Sales rep,Tech,27in monitor,2,253.56,507.12,327.72,Delivered,3,3
15303,2026-08-30,C00121,Cuyo,Consumer,Website,Cleaning,Disinfectant 5L,1,15.69,15.69,10.24,Delivered,5,2
15304,2026-08-30,C00017,Córdoba,Enterprise,Website,Office,Ergonomic chair,6,193.58,1161.48,744.68,Delivered,2,1
15305,2026-08-30,C00004,Cuyo,Consumer,Website,Cleaning,Paper towels x12,3,21.74,65.22,35.37,Delivered,3,2
15306,2026-08-31,C00145,Córdoba,Consumer,Marketplace,Cleaning,Disinfectant 5L,1,16.16,16.16,8.88,Delivered,2,1
15307,2026-08-31,C02829,Córdoba,SMB,Website,Office,Paper A4 box,2,18.57,37.14,21.63,Delivered,3,3
15308,2026-08-31,C00016,Córdoba,Consumer,Marketplace,Tech,USB-C dock,3,121.85,365.55,229.35,Delivered,3,1
15309,2026-08-31,C00101,Cuyo,Consumer,Website,Cleaning,Paper towels x12,4,21.76,87.04,49.8,Delivered,2,1
15310,2026-08-31,C00333,Buenos Aires,Consumer,Sales rep,Tech,Wireless mouse,2,20.51,41.02,29.84,Delivered,2,1
15311,2026-08-31,C00005,Cuyo,SMB,Sales rep,Tech,27in monitor,1,249.45,249.45,158.69,Delivered,2,1
15312,2026-08-31,C02852,Cuyo,SMB,Website,Cleaning,Paper towels x12,3,20.43,61.29,37.78,Delivered,3,2
15313,2026-08-31,C01545,Buenos Aires,Enterprise,Sales rep,Office,Ergonomic chair,2,211.4,422.8,287.95,Delivered,5,2
15314,2026-08-31,C00817,Córdoba,SMB,Marketplace,Office,Toner cartridge,1,60.21,60.21,43.14,Delivered,5,4
15315,2026-08-31,C03531,NOA,Consumer,Website,Tech,27in monitor,7,262.29,1836.03,1025.98,Delivered,2,1
15316,2026-08-31,C02579,Cuyo,Consumer,Marketplace,Tech,Wireless mouse,1,23.08,23.08,14.97,Delivered,5,5
15317,2026-08-31,C00483,Buenos Aires,Consumer,Website,Tech,Wireless mouse,5,22.1,110.5,69.71,Delivered,2,2
15318,2026-08-31,C00011,Buenos Aires,Enterprise,Website,Cleaning,Paper towels x12,4,20.77,83.08,46.55,Delivered,5,5
15319,2026-08-31,C00001,Cuyo,SMB,Website,Tech,USB-C dock,2,118.3,236.6,144.04,Delivered,3,1
15320,2026-08-31,C00011,Buenos Aires,Enterprise,Marketplace,Tech,USB-C dock,6,126.93,761.58,487.17,Delivered,3,1
15321,2026-08-31,C01106,Buenos Aires,Consumer,Website,Tech,Wireless mouse,6,23.59,141.54,91.34,Delivered,3,1
15322,2026-08-31,C00006,NOA,Enterprise,Website,Office,Toner cartridge,3,59.81,179.43,128.03,Delivered,5,5
15323,2026-09-01,C00001,Cuyo,SMB,Website,Office,Paper A4 box,5,18.95,94.75,57.92,Delivered,3,2
15324,2026-09-01,C00381,NOA,Consumer,Sales rep,Tech,27in monitor,7,252.48,1767.36,1117.83,Returned,2,2
15325,2026-09-01,C00134,Buenos Aires,Consumer,Marketplace,Office,Toner cartridge,1,63.66,63.66,38.64,Delivered,3,3
15326,2026-09-01,C03627,Buenos Aires,SMB,Marketplace,Tech,USB-C dock,3,126.63,379.89,237.2,Delivered,3,2
15327,2026-09-01,C00006,NOA,Enterprise,Website,Office,Ergonomic chair,2,199.18,398.36,288.82,Delivered,3,2
15328,2026-09-01,C00171,Buenos Aires,SMB,Marketplace,Office,Toner cartridge,7,64.51,451.57,249.38,Delivered,2,1
15329,2026-09-01,C00348,Cuyo,SMB,Sales rep,Tech,Wireless mouse,2,21.89,43.78,27.43,Delivered,2,2
15330,2026-09-01,C01921,Patagonia,SMB,Marketplace,Office,Toner cartridge,6,59.53,357.18,242.2,Delivered,3,2
15331,2026-09-01,C00003,Córdoba,Consumer,Website,Tech,Wireless mouse,6,21.95,131.7,89.9,Delivered,5,2
15332,2026-09-01,C00539,Córdoba,Consumer,Website,Office,Ergonomic chair,6,226.4,1358.4,830.87,Delivered,3,2
15333,2026-09-01,C00029,Patagonia,Consumer,Marketplace,Tech,Wireless mouse,7,21.64,151.48,92.13,Delivered,5,6
15334,2026-09-01,C00653,Córdoba,Enterprise,Website,Office,Ergonomic chair,5,223.16,1115.8,625.4,Delivered,3,4
15335,2026-09-01,C03477,Cuyo,SMB,Website,Cleaning,Paper towels x12,6,21.42,128.52,69.67,Delivered,5,5
15336,2026-09-01,C00340,Córdoba,Enterprise,Sales rep,Office,Toner cartridge,3,60.28,180.84,123.94,Delivered,3,2
15337,2026-09-01,C00295,NOA,SMB,Sales rep,Tech,Wireless mouse,5,20.79,103.95,66.6,Delivered,2,1
15338,2026-09-01,C00085,Buenos Aires,Enterprise,Website,Office,Toner cartridge,6,63.99,383.94,252.02,Delivered,3,1
15339,2026-09-01,C03993,NOA,SMB,Website,Office,Paper A4 box,2,18.89,37.78,23.16,Delivered,2,1
15340,2026-09-01,C00058,Buenos Aires,SMB,Sales rep,Tech,27in monitor,4,236.24,944.96,623.19,Delivered,2,1
15341,2026-09-01,C00164,Buenos Aires,Consumer,Website,Tech,Wireless mouse,6,23.16,138.96,78.83,Delivered,2,2
15342,2026-09-01,C00009,NOA,Consumer,Website,Office,Paper A4 box,2,18.48,36.96,21.27,Delivered,2,3
15343,2026-09-01,C00002,Buenos Aires,SMB,Sales rep,Tech,27in monitor,2,245.78,491.56,296.63,Delivered,2,2
15344,2026-09-01,C00001,Cuyo,SMB,Website,Tech,USB-C dock,2,128.65,257.3,153.61,Delivered,2,3
15345,2026-09-02,C00137,Córdoba,Enterprise,Website,Cleaning,Disinfectant 5L,5,16.18,80.9,45.16,Delivered,3,2
15346,2026-09-02,C00203,Córdoba,SMB,Website,Office,Paper A4 box,2,17.54,35.08,24.95,Delivered,2,2
15347,2026-09-02,C00027,Cuyo,SMB,Website,Tech,27in monitor,3,237.76,713.28,417.68,Delivered,3,1
15348,2026-09-02,C00001,Cuyo,SMB,Marketplace,Office,Paper A4 box,1,17.68,17.68,11.42,Delivered,5,4
15349,2026-09-02,C01922,Córdoba,Consumer,Marketplace,Office,Paper A4 box,3,18.87,56.61,30.8,Delivered,3,3
15350,2026-09-02,C00416,Buenos Aires,Consumer,Sales rep,Office,Toner cartridge,7,67.27,470.89,286.42,Delivered,3,2
15351,2026-09-02,C00065,Córdoba,SMB,Website,Tech,Wireless mouse,7,21.43,150.01,89.65,Delivered,5,3
15352,2026-09-02,C01874,Buenos Aires,Consumer,Website,Tech,27in monitor,5,231.94,1159.7,803.46,Delivered,5,5
15353,2026-09-02,C00006,NOA,Enterprise,Website,Cleaning,Paper towels x12,5,20.04,100.2,71.4,Delivered,2,1
15354,2026-09-02,C00149,Córdoba,SMB,Website,Tech,27in monitor,6,257.12,1542.72,841.9,Delivered,3,2
15355,2026-09-02,C02225,Córdoba,SMB,Sales rep,Tech,Wireless mouse,1,21.33,21.33,12.24,Cancelled,3,1
15356,2026-09-02,C00485,Buenos Aires,Enterprise,Website,Cleaning,Disinfectant 5L,6,15.24,91.44,58.8,Delivered,3,1
15357,2026-09-02,C00042,Cuyo,SMB,Website,Tech,27in monitor,7,246.28,1723.96,1080.43,Delivered,5,1
15358,2026-09-02,C00001,Cuyo,SMB,Website,Tech,27in monitor,7,254.18,1779.26,995.31,Delivered,5,4
15359,2026-09-02,C00001,Cuyo,SMB,Sales rep,Office,Toner cartridge,6,62.65,375.9,221.05,Delivered,3,1
15360,2026-09-02,C01026,Buenos Aires,Consumer,Marketplace,Tech,USB-C dock,5,114.86,574.3,351.6,Delivered,3,1
15361,2026-09-02,C02950,NOA,SMB,Website,Tech,USB-C dock,3,114.79,344.37,250.63,Delivered,5,4
15362,2026-09-02,C00086,Buenos Aires,Enterprise,Marketplace,Tech,27in monitor,5,264.5,1322.5,697.19,Returned,3,1
15363,2026-09-02,C00132,Cuyo,Consumer,Website,Cleaning,Disinfectant 5L,2,14.88,29.76,17.82,Delivered,3,3
15364,2026-09-02,C00255,Córdoba,Consumer,Website,Tech,Wireless mouse,3,23.32,69.96,44.05,Delivered,3,2
15365,2026-09-02,C00231,Córdoba,SMB,Sales rep,Tech,27in monitor,5,263.37,1316.85,737.87,Delivered,5,6
15366,2026-09-02,C00318,Cuyo,SMB,Marketplace,Cleaning,Disinfectant 5L,5,15.02,75.1,49.85,Delivered,2,1
15367,2026-09-02,C00067,Cuyo,Consumer,Website,Tech,USB-C dock,6,121.95,731.7,502.68,Delivered,3,1
15368,2026-09-02,C00043,Buenos Aires,Consumer,Website,Cleaning,Disinfectant 5L,5,14.41,72.05,50.34,Delivered,5,4
15369,2026-09-03,C00002,Buenos Aires,SMB,Website,Office,Ergonomic chair,6,219.52,1317.12,842.86,Delivered,2,1
15370,2026-09-03,C00493,Córdoba,SMB,Website,Tech,USB-C dock,1,116.21,116.21,73.96,Delivered,5,2
15371,2026-09-03,C02877,Patagonia,Consumer,Website,Tech,27in monitor,5,256.38,1281.9,759.52,Delivered,2,1
15372,2026-09-03,C00084,Buenos Aires,Consumer,Website,Cleaning,Paper towels x12,6,21.15,126.9,71.74,Delivered,5,5
15373,2026-09-03,C00053,Cuyo,Consumer,Marketplace,Cleaning,Paper towels x12,5,20.78,103.9,66.24,Delivered,5,5
15374,2026-09-03,C00473,Córdoba,Consumer,Website,Cleaning,Disinfectant 5L,6,15.88,95.28,56.35,Delivered,2,1
15375,2026-09-03,C02811,Córdoba,Enterprise,Marketplace,Cleaning,Disinfectant 5L,1,14.53,14.53,9.71,Delivered,3,4
15376,2026-09-03,C00392,Cuyo,Enterprise,Marketplace,Office,Ergonomic chair,1,215.43,215.43,121.22,Delivered,3,2
15377,2026-09-03,C00059,Cuyo,Consumer,Marketplace,Office,Ergonomic chair,5,221.72,1108.6,591.37,Delivered,2,1
15378,2026-09-03,C00001,Cuyo,SMB,Sales rep,Tech,Wireless mouse,5,21.38,106.9,76.18,Delivered,5,5
15379,2026-09-03,C00006,NOA,Enterprise,Website,Office,Ergonomic chair,7,218.97,1532.79,874.29,Delivered,2,1
15380,2026-09-03,C00838,Córdoba,SMB,Marketplace,Cleaning,Paper towels x12,1,19.95,19.95,13.7,Delivered,5,4
15381,2026-09-03,C00037,Córdoba,Enterprise,Marketplace,Cleaning,Disinfectant 5L,2,15.46,30.92,19.89,Delivered,5,5
15382,2026-09-03,C00075,Cuyo,SMB,Website,Tech,USB-C dock,2,127.38,254.76,145.71,Delivered,5,3
15383,2026-09-03,C00004,Cuyo,Consumer,Website,Tech,USB-C dock,3,123.7,371.1,234.36,Delivered,5,3
15384,2026-09-03,C00145,Córdoba,Consumer,Website,Tech,27in monitor,3,248.09,744.27,410.82,Delivered,3,1
15385,2026-09-03,C00952,Patagonia,SMB,Website,Cleaning,Disinfectant 5L,7,15.68,109.76,58.51,Delivered,5,6
15386,2026-09-03,C00538,NOA,SMB,Website,Tech,27in monitor,3,245.62,736.86,427.9,Delivered,2,1
15387,2026-09-03,C00006,NOA,Enterprise,Marketplace,Tech,USB-C dock,2,115.17,230.34,151.85,Delivered,5,6
15388,2026-09-03,C00439,Cuyo,SMB,Marketplace,Office,Ergonomic chair,2,208.19,416.38,265.08,Delivered,2,1
15389,2026-09-03,C00001,Cuyo,SMB,Sales rep,Tech,27in monitor,2,234.42,468.84,295.32,Delivered,2,1
15390,2026-09-04,C03623,Cuyo,SMB,Website,Tech,Wireless mouse,5,21.48,107.4,65.74,Delivered,5,5
15391,2026-09-04,C00003,Córdoba,Consumer,Marketplace,Cleaning,Disinfectant 5L,1,14.77,14.77,9.25,Delivered,2,1
15392,2026-09-04,C00212,Cuyo,SMB,Marketplace,Cleaning,Disinfectant 5L,3,15.91,47.73,29.12,Delivered,3,1
15393,2026-09-04,C02910,NOA,SMB,Website,Tech,27in monitor,2,263.65,527.3,338.11,Delivered,5,6
15394,2026-09-04,C00001,Cuyo,SMB,Marketplace,Cleaning,Disinfectant 5L,5,14.29,71.45,45.67,Delivered,5,4
15395,2026-09-04,C00003,Córdoba,Consumer,Website,Cleaning,Disinfectant 5L,7,15.39,107.73,61.55,Delivered,2,1
15396,2026-09-04,C00280,Buenos Aires,SMB,Website,Tech,USB-C dock,3,113.6,340.8,238.43,Delivered,3,4
15397,2026-09-04,C00086,Buenos Aires,Enterprise,Website,Office,Ergonomic chair,3,194.17,582.51,397.19,Delivered,2,3
15398,2026-09-04,C00029,Patagonia,Consumer,Marketplace,Office,Toner cartridge,2,66.42,132.84,85.0,Delivered,2,3
15399,2026-09-04,C00015,Cuyo,Consumer,Sales rep,Cleaning,Paper towels x12,7,21.62,151.34,97.97,Delivered,3,1
15400,2026-09-04,C00649,Córdoba,Consumer,Website,Tech,Wireless mouse,7,22.33,156.31,97.55,Delivered,3,2
15401,2026-09-04,C00003,Córdoba,Consumer,Marketplace,Office,Paper A4 box,5,16.86,84.3,56.9,Delivered,2,1
15402,2026-09-04,C00010,Córdoba,SMB,Marketplace,Office,Ergonomic chair,5,201.29,1006.45,616.67,Delivered,3,1
15403,2026-09-04,C00326,Patagonia,SMB,Marketplace,Tech,USB-C dock,7,114.52,801.64,524.0,Delivered,5,5
15404,2026-09-04,C00103,Córdoba,SMB,Sales rep,Tech,27in monitor,2,243.07,486.14,342.71,Delivered,3,2
15405,2026-09-04,C00054,Cuyo,Consumer,Sales rep,Cleaning,Paper towels x12,1,21.17,21.17,12.87,Delivered,3,1
15406,2026-09-04,C00003,Córdoba,Consumer,Website,Office,Paper A4 box,4,17.91,71.64,50.15,Delivered,2,2
15407,2026-09-04,C00348,Cuyo,SMB,Website,Tech,Wireless mouse,5,20.72,103.6,66.23,Delivered,3,3
15408,2026-09-04,C00236,Cuyo,Consumer,Marketplace,Cleaning,Disinfectant 5L,5,15.15,75.75,48.21,Delivered,2,1
15409,2026-09-04,C00460,Patagonia,Consumer,Marketplace,Office,Paper A4 box,2,18.43,36.86,21.6,Delivered,3,1
15410,2026-09-04,C00488,Cuyo,SMB,Website,Tech,27in monitor,2,251.67,503.34,309.08,Delivered,5,5
15411,2026-09-04,C01185,Córdoba,SMB,Sales rep,Tech,27in monitor,3,252.85,758.55,480.54,Delivered,2,1
15412,2026-09-04,C03133,Patagonia,SMB,Marketplace,Office,Toner cartridge,6,64.44,386.64,227.79,Delivered,2,1
15413,2026-09-04,C01780,Patagonia,SMB,Website,Cleaning,Paper towels x12,6,21.13,126.78,70.82,Delivered,3,1
15414,2026-09-04,C03926,Buenos Aires,Enterprise,Website,Office,Ergonomic chair,2,213.69,427.38,250.51,Delivered,2,1
15415,2026-09-04,C00784,Buenos Aires,Enterprise,Website,Tech,USB-C dock,4,117.51,470.04,327.94,Delivered,2,2
15416,2026-09-04,C00001,Cuyo,SMB,Website,Tech,USB-C dock,6,118.23,709.38,477.7,Delivered,5,5
15417,2026-09-04,C00027,Cuyo,SMB,Marketplace,Office,Ergonomic chair,6,226.73,1360.38,724.96,Delivered,3,3
15418,2026-09-04,C01793,Buenos Aires,Consumer,Website,Office,Paper A4 box,7,17.02,119.14,77.9,Delivered,3,3
15419,2026-09-04,C00002,Buenos Aires,SMB,Marketplace,Tech,USB-C dock,2,115.1,230.2,137.77,Delivered,3,1
15420,2026-09-04,C00369,Patagonia,SMB,Sales rep,Tech,USB-C dock,7,127.21,890.47,504.66,Delivered,5,6
15421,2026-09-05,C03305,Cuyo,Enterprise,Marketplace,Cleaning,Paper towels x12,4,21.48,85.92,50.97,Delivered,5,3
15422,2026-09-05,C00001,Cuyo,SMB,Website,Office,Paper A4 box,2,16.72,33.44,23.2,Delivered,3,1
15423,2026-09-05,C00367,Cuyo,Consumer,Marketplace,Office,Ergonomic chair,1,202.67,202.67,124.47,Delivered,2,1
15424,2026-09-05,C00544,Buenos Aires,Consumer,Marketplace,Office,Paper A4 box,6,17.84,107.04,71.43,Delivered,5,3
15425,2026-09-05,C01903,Cuyo,SMB,Sales rep,Tech,Wireless mouse,7,21.65,151.55,96.86,Delivered,2,3
15426,2026-09-05,C01231,Buenos Aires,Consumer,Marketplace,Tech,USB-C dock,6,116.67,700.02,490.12,Delivered,2,1
15427,2026-09-05,C00009,NOA,Consumer,Sales rep,Cleaning,Disinfectant 5L,6,15.61,93.66,57.11,Delivered,2,2
15428,2026-09-05,C00158,Córdoba,SMB,Sales rep,Tech,27in monitor,4,255.14,1020.56,592.3,Delivered,5,3
15429,2026-09-05,C00023,Buenos Aires,Consumer,Website,Tech,27in monitor,7,249.65,1747.55,1081.55,Delivered,3,1
15430,2026-09-05,C00001,Cuyo,SMB,Marketplace,Office,Toner cartridge,3,65.13,195.39,110.49,Delivered,2,3
15431,2026-09-05,C00007,Cuyo,SMB,Marketplace,Tech,27in monitor,5,231.31,1156.55,768.64,Delivered,5,5
15432,2026-09-05,C00437,Buenos Aires,Enterprise,Marketplace,Office,Ergonomic chair,4,194.37,777.48,503.32,Delivered,5,3
15433,2026-09-05,C00490,Cuyo,SMB,Website,Cleaning,Disinfectant 5L,5,15.76,78.8,50.31,Delivered,5,3
15434,2026-09-05,C00055,Patagonia,SMB,Sales rep,Tech,USB-C dock,1,126.92,126.92,70.47,Delivered,3,1
15435,2026-09-05,C00036,Cuyo,Consumer,Website,Office,Ergonomic chair,3,223.52,670.56,369.02,Delivered,3,3
15436,2026-09-05,C00029,Patagonia,Consumer,Website,Office,Toner cartridge,6,63.66,381.96,212.42,Delivered,5,4
15437,2026-09-05,C01057,Buenos Aires,Consumer,Marketplace,Office,Toner cartridge,7,68.06,476.42,306.36,Delivered,2,1
15438,2026-09-06,C00004,Cuyo,Consumer,Sales rep,Cleaning,Disinfectant 5L,3,14.76,44.28,30.5,Delivered,2,2
15439,2026-09-06,C01107,Buenos Aires,SMB,Website,Tech,Wireless mouse,6,22.14,132.84,87.54,Delivered,2,1
15440,2026-09-06,C00282,NOA,Consumer,Sales rep,Cleaning,Paper towels x12,2,22.47,44.94,27.92,Delivered,2,1
15441,2026-09-06,C00006,NOA,Enterprise,Sales rep,Office,Ergonomic chair,2,222.6,445.2,286.58,Delivered,5,5
15442,2026-09-06,C00070,Cuyo,Consumer,Marketplace,Office,Toner cartridge,6,64.23,385.38,218.94,Delivered,3,3
15443,2026-09-06,C00023,Buenos Aires,Consumer,Sales rep,Office,Ergonomic chair,1,208.18,208.18,137.88,Delivered,2,2
15444,2026-09-06,C00014,Cuyo,SMB,Website,Tech,Wireless mouse,4,21.33,85.32,52.46,Returned,5,6
15445,2026-09-06,C00005,Cuyo,SMB,Website,Tech,27in monitor,4,241.25,965.0,637.29,Delivered,2,1
15446,2026-09-06,C00389,Córdoba,SMB,Website,Cleaning,Disinfectant 5L,6,13.88,83.28,54.83,Delivered,5,3
15447,2026-09-06,C00026,Buenos Aires,SMB,Website,Tech,27in monitor,5,242.12,1210.6,857.33,Delivered,2,2
15448,2026-09-07,C00003,Córdoba,Consumer,Website,Office,Toner cartridge,5,63.21,316.05,188.99,Delivered,5,4
15449,2026-09-07,C00011,Buenos Aires,Enterprise,Marketplace,Office,Toner cartridge,4,58.9,235.6,178.45,Delivered,3,2
15450,2026-09-07,C00097,Córdoba,SMB,Marketplace,Cleaning,Disinfectant 5L,6,15.68,94.08,59.14,Delivered,5,5
15451,2026-09-07,C00016,Córdoba,Consumer,Website,Tech,27in monitor,4,255.66,1022.64,661.76,Delivered,2,4
15452,2026-09-07,C00027,Cuyo,SMB,Sales rep,Cleaning,Disinfectant 5L,6,15.75,94.5,53.11,Delivered,2,1
15453,2026-09-07,C00557,Cuyo,SMB,Marketplace,Tech,Wireless mouse,6,23.02,138.12,85.98,Delivered,2,1
15454,2026-09-07,C00058,Buenos Aires,SMB,Sales rep,Cleaning,Paper towels x12,2,20.33,40.66,27.63,Delivered,3,2
15455,2026-09-07,C02155,Cuyo,SMB,Marketplace,Office,Ergonomic chair,7,209.94,1469.58,967.5,Delivered,2,2
15456,2026-09-07,C00004,Cuyo,Consumer,Marketplace,Cleaning,Paper towels x12,6,20.84,125.04,84.32,Delivered,5,1
15457,2026-09-07,C00728,Córdoba,Consumer,Website,Tech,USB-C dock,6,121.47,728.82,413.12,Returned,5,5
15458,2026-09-07,C01230,Córdoba,Consumer,Sales rep,Office,Toner cartridge,6,60.78,364.68,253.53,Delivered,2,2
15459,2026-09-07,C00018,Buenos Aires,SMB,Sales rep,Tech,Wireless mouse,4,20.38,81.52,61.13,Returned,3,2
15460,2026-09-07,C00435,Buenos Aires,Consumer,Sales rep,Office,Toner cartridge,6,65.74,394.44,226.1,Delivered,2,2
15461,2026-09-07,C00090,Buenos Aires,Enterprise,Marketplace,Office,Toner cartridge,3,64.53,193.59,115.15,Delivered,5,4
15462,2026-09-07,C00027,Cuyo,SMB,Marketplace,Tech,27in monitor,6,235.69,1414.14,919.1,Delivered,3,2
15463,2026-09-07,C00079,Cuyo,Enterprise,Marketplace,Office,Paper A4 box,7,16.95,118.65,70.17,Delivered,2,2
15464,2026-09-07,C00085,Buenos Aires,Enterprise,Website,Cleaning,Disinfectant 5L,6,14.93,89.58,54.55,Delivered,5,3
15465,2026-09-07,C00088,Cuyo,SMB,Sales rep,Office,Ergonomic chair,3,205.75,617.25,348.78,Delivered,3,1
15466,2026-09-07,C01436,Cuyo,SMB,Website,Office,Paper A4 box,4,17.32,69.28,44.98,Delivered,5,4
15467,2026-09-07,C00116,Cuyo,Consumer,Sales rep,Office,Paper A4 box,4,16.99,67.96,45.8,Delivered,2,2
15468,2026-09-08,C00118,Cuyo,Consumer,Website,Tech,Wireless mouse,5,21.24,106.2,76.78,Delivered,5,4
15469,2026-09-08,C00433,Buenos Aires,SMB,Website,Tech,27in monitor,1,252.04,252.04,144.08,Delivered,3,4
15470,2026-09-08,C00067,Cuyo,Consumer,Website,Office,Toner cartridge,3,61.49,184.47,114.84,Delivered,5,5
15471,2026-09-08,C00885,Cuyo,SMB,Sales rep,Cleaning,Disinfectant 5L,2,15.19,30.38,16.99,Delivered,2,1
15472,2026-09-08,C00614,Cuyo,SMB,Marketplace,Tech,USB-C dock,4,124.53,498.12,313.46,Delivered,5,5
15473,2026-09-08,C00009,NOA,Consumer,Website,Office,Paper A4 box,1,17.06,17.06,9.94,Delivered,3,1
15474,2026-09-08,C00019,Patagonia,Consumer,Website,Office,Paper A4 box,3,17.16,51.48,30.83,Delivered,5,4
15475,2026-09-08,C01755,Cuyo,SMB,Website,Office,Toner cartridge,1,66.1,66.1,36.54,Delivered,2,1
15476,2026-09-08,C00004,Cuyo,Consumer,Website,Office,Toner cartridge,1,66.29,66.29,39.81,Delivered,3,2
15477,2026-09-08,C00001,Cuyo,SMB,Website,Tech,USB-C dock,1,116.29,116.29,82.86,Delivered,3,2
15478,2026-09-08,C00528,Patagonia,SMB,Marketplace,Tech,USB-C dock,4,127.98,511.92,333.96,Delivered,2,3
15479,2026-09-08,C00236,Cuyo,Consumer,Sales rep,Tech,Wireless mouse,3,20.35,61.05,37.69,Delivered,2,2
15480,2026-09-08,C00010,Córdoba,SMB,Website,Office,Toner cartridge,6,67.51,405.06,221.38,Delivered,3,1
15481,2026-09-08,C00021,NOA,SMB,Marketplace,Office,Paper A4 box,7,19.13,133.91,80.03,Delivered,3,2
15482,2026-09-08,C00002,Buenos Aires,SMB,Marketplace,Tech,27in monitor,1,235.05,235.05,148.13,Delivered,3,1
15483,2026-09-08,C00452,Buenos Aires,SMB,Website,Office,Paper A4 box,4,19.22,76.88,47.86,Delivered,2,2
15484,2026-09-08,C00217,Cuyo,SMB,Marketplace,Tech,Wireless mouse,3,20.25,60.75,43.8,Delivered,2,3
15485,2026-09-08,C01209,Buenos Aires,SMB,Website,Cleaning,Disinfectant 5L,6,14.14,84.84,60.09,Delivered,2,2
15486,2026-09-08,C00011,Buenos Aires,Enterprise,Marketplace,Tech,27in monitor,4,232.29,929.16,603.34,Delivered,2,1
15487,2026-09-08,C00620,Cuyo,Consumer,Website,Tech,Wireless mouse,6,20.26,121.56,84.76,Delivered,3,2
15488,2026-09-08,C00709,Córdoba,Enterprise,Website,Tech,27in monitor,7,257.23,1800.61,1028.69,Delivered,2,3
15489,2026-09-08,C03973,Buenos Aires,SMB,Website,Office,Toner cartridge,4,66.73,266.92,156.3,Delivered,2,2
15490,2026-09-09,C00001,Cuyo,SMB,Sales rep,Tech,27in monitor,3,262.95,788.85,463.23,Delivered,2,1
15491,2026-09-09,C00061,Cuyo,Consumer,Sales rep,Office,Paper A4 box,2,19.41,38.82,24.78,Delivered,2,2
15492,2026-09-09,C00045,NOA,SMB,Website,Office,Ergonomic chair,4,218.16,872.64,551.12,Delivered,5,5
15493,2026-09-09,C02111,Córdoba,SMB,Website,Tech,Wireless mouse,5,22.84,114.2,76.79,Delivered,5,4
15494,2026-09-09,C00001,Cuyo,SMB,Website,Tech,USB-C dock,5,121.63,608.15,409.34,Delivered,3,1
15495,2026-09-09,C00418,Patagonia,SMB,Marketplace,Office,Toner cartridge,3,68.09,204.27,117.48,Delivered,2,3
15496,2026-09-09,C01149,Córdoba,SMB,Sales rep,Office,Paper A4 box,6,16.76,100.56,67.01,Delivered,2,2
15497,2026-09-09,C03211,Córdoba,Consumer,Website,Tech,Wireless mouse,3,21.6,64.8,42.51,Delivered,5,3
15498,2026-09-09,C00001,Cuyo,SMB,Marketplace,Office,Paper A4 box,1,17.94,17.94,11.45,Delivered,2,2
15499,2026-09-09,C00798,Cuyo,SMB,Website,Tech,Wireless mouse,1,20.54,20.54,15.39,Delivered,5,4
15500,2026-09-09,C02059,Córdoba,Consumer,Marketplace,Tech,USB-C dock,6,120.16,720.96,424.8,Delivered,5,3
15501,2026-09-09,C02536,Buenos Aires,Consumer,Website,Tech,Wireless mouse,4,22.63,90.52,54.12,Returned,3,1
15502,2026-09-09,C01565,Buenos Aires,Consumer,Website,Tech,USB-C dock,1,127.11,127.11,82.42,Delivered,3,3
15503,2026-09-09,C00750,Buenos Aires,Consumer,Website,Tech,27in monitor,6,236.26,1417.56,842.35,Delivered,5,6
15504,2026-09-09,C00099,Cuyo,Enterprise,Website,Office,Toner cartridge,7,61.96,433.72,268.1,Delivered,3,3
15505,2026-09-09,C00008,Cuyo,SMB,Sales rep,Cleaning,Disinfectant 5L,3,15.24,45.72,28.3,Delivered,5,3
15506,2026-09-09,C01734,Córdoba,SMB,Sales rep,Office,Toner cartridge,5,65.03,325.15,212.71,Delivered,5,4
15507,2026-09-09,C00075,Cuyo,SMB,Marketplace,Office,Ergonomic chair,7,194.53,1361.71,1001.74,Delivered,3,3
15508,2026-09-09,C00015,Cuyo,Consumer,Website,Office,Toner cartridge,4,67.53,270.12,172.43,Delivered,2,2
15509,2026-09-09,C00154,Cuyo,SMB,Website,Cleaning,Paper towels x12,2,19.87,39.74,26.66,Delivered,3,1
15510,2026-09-09,C00004,Cuyo,Consumer,Marketplace,Office,Paper A4 box,7,17.66,123.62,76.73,Delivered,2,1
15511,2026-09-09,C00019,Patagonia,Consumer,Marketplace,Cleaning,Paper towels x12,5,22.53,112.65,72.6,Delivered,2,2
15512,2026-09-09,C00055,Patagonia,SMB,Marketplace,Tech,27in monitor,1,257.13,257.13,156.78,Delivered,3,1
15513,2026-09-09,C00021,NOA,SMB,Website,Office,Toner cartridge,2,59.72,119.44,87.94,Delivered,5,4
15514,2026-09-09,C01446,Córdoba,Consumer,Website,Cleaning,Paper towels x12,4,21.2,84.8,50.71,Delivered,5,5
15515,2026-09-09,C00004,Cuyo,Consumer,Sales rep,Cleaning,Paper towels x12,5,21.98,109.9,69.71,Cancelled,5,4
15516,2026-09-09,C02022,Córdoba,Consumer,Website,Cleaning,Paper towels x12,3,22.41,67.23,40.27,Delivered,5,6
15517,2026-09-10,C00179,Cuyo,SMB,Sales rep,Tech,USB-C dock,6,115.92,695.52,503.35,Delivered,2,2
15518,2026-09-10,C00352,Córdoba,Enterprise,Sales rep,Tech,27in monitor,7,230.7,1614.9,1016.54,Delivered,3,3
15519,2026-09-10,C00698,Buenos Aires,Consumer,Sales rep,Tech,USB-C dock,5,112.73,563.65,369.81,Cancelled,5,2
15520,2026-09-10,C00009,NOA,Consumer,Sales rep,Cleaning,Disinfectant 5L,6,15.45,92.7,58.87,Delivered,3,3
15521,2026-09-10,C00416,Buenos Aires,Consumer,Website,Cleaning,Disinfectant 5L,4,14.96,59.84,40.33,Delivered,3,1
15522,2026-09-10,C00002,Buenos Aires,SMB,Website,Tech,Wireless mouse,7,20.74,145.18,93.54,Delivered,3,2
15523,2026-09-10,C00108,Cuyo,SMB,Website,Office,Paper A4 box,5,17.22,86.1,62.68,Delivered,5,3
15524,2026-09-10,C00483,Buenos Aires,Consumer,Website,Cleaning,Disinfectant 5L,1,16.14,16.14,8.5,Delivered,2,1
15525,2026-09-10,C00329,Buenos Aires,Consumer,Website,Tech,27in monitor,1,261.61,261.61,162.01,Delivered,3,2
15526,2026-09-10,C01077,Buenos Aires,SMB,Marketplace,Tech,27in monitor,2,236.75,473.5,280.39,Delivered,2,1
15527,2026-09-10,C03448,Buenos Aires,Consumer,Website,Cleaning,Disinfectant 5L,7,14.39,100.73,58.65,Delivered,5,2
15528,2026-09-10,C00109,NOA,Consumer,Website,Office,Paper A4 box,4,18.2,72.8,43.05,Delivered,3,3
15529,2026-09-10,C00002,Buenos Aires,SMB,Marketplace,Office,Toner cartridge,5,62.44,312.2,222.4,Delivered,2,2
15530,2026-09-10,C00580,NOA,SMB,Website,Office,Paper A4 box,6,18.46,110.76,70.64,Returned,3,2
15531,2026-09-10,C00049,Cuyo,SMB,Website,Office,Paper A4 box,5,17.23,86.15,52.23,Delivered,2,4
15532,2026-09-10,C01619,Buenos Aires,Enterprise,Marketplace,Tech,USB-C dock,2,129.06,258.12,138.19,Delivered,2,1
15533,2026-09-10,C00001,Cuyo,SMB,Website,Office,Paper A4 box,1,18.31,18.31,12.04,Delivered,2,2
15534,2026-09-10,C00264,Cuyo,SMB,Sales rep,Tech,Wireless mouse,1,21.1,21.1,14.08,Delivered,5,5
15535,2026-09-10,C00064,Cuyo,SMB,Marketplace,Tech,27in monitor,2,232.59,465.18,280.62,Delivered,2,2
15536,2026-09-10,C00152,Buenos Aires,SMB,Website,Office,Toner cartridge,7,61.01,427.07,302.85,Delivered,5,5
15537,2026-09-11,C00003,Córdoba,Consumer,Website,Cleaning,Disinfectant 5L,6,15.82,94.92,58.84,Delivered,2,1
15538,2026-09-11,C02731,Córdoba,SMB,Marketplace,Cleaning,Disinfectant 5L,5,15.78,78.9,41.69,Delivered,3,3
15539,2026-09-11,C00017,Córdoba,Enterprise,Website,Cleaning,Disinfectant 5L,6,14.96,89.76,53.9,Delivered,2,1
15540,2026-09-11,C00786,Córdoba,SMB,Website,Office,Ergonomic chair,2,198.17,396.34,292.21,Delivered,2,1
15541,2026-09-11,C00428,Buenos Aires,Enterprise,Website,Cleaning,Paper towels x12,2,21.74,43.48,23.14,Delivered,5,4
15542,2026-09-11,C00001,Cuyo,SMB,Website,Office,Toner cartridge,4,67.2,268.8,174.38,Delivered,2,1
15543,2026-09-11,C00054,Cuyo,Consumer,Website,Tech,27in monitor,1,228.3,228.3,156.79,Delivered,3,2
15544,2026-09-11,C00089,Cuyo,SMB,Website,Office,Paper A4 box,3,18.61,55.83,34.48,Delivered,2,1
15545,2026-09-11,C00286,Buenos Aires,SMB,Website,Office,Paper A4 box,4,17.64,70.56,46.76,Delivered,5,4
15546,2026-09-11,C00043,Buenos Aires,Consumer,Marketplace,Tech,Wireless mouse,5,21.21,106.05,64.27,Cancelled,2,1
15547,2026-09-11,C01982,Córdoba,Consumer,Website,Cleaning,Paper towels x12,2,19.69,39.38,26.86,Returned,5,4
15548,2026-09-11,C00219,NOA,SMB,Website,Office,Ergonomic chair,3,210.53,631.59,381.29,Returned,5,4
15549,2026-09-11,C00001,Cuyo,SMB,Sales rep,Cleaning,Disinfectant 5L,3,14.1,42.3,28.6,Delivered,2,1
15550,2026-09-11,C00001,Cuyo,SMB,Marketplace,Office,Ergonomic chair,6,211.28,1267.68,771.55,Delivered,5,3
15551,2026-09-11,C00082,NOA,SMB,Sales rep,Office,Toner cartridge,5,63.08,315.4,182.08,Delivered,5,5
15552,2026-09-11,C00199,Cuyo,Consumer,Sales rep,Tech,27in monitor,1,247.89,247.89,163.1,Delivered,2,1
15553,2026-09-11,C00003,Córdoba,Consumer,Website,Cleaning,Paper towels x12,2,21.29,42.58,29.16,Delivered,3,3
15554,2026-09-11,C00012,Buenos Aires,Consumer,Marketplace,Tech,USB-C dock,6,119.36,716.16,456.93,Delivered,3,4
15555,2026-09-11,C00359,Cuyo,SMB,Website,Cleaning,Paper towels x12,3,22.27,66.81,37.64,Delivered,5,4
15556,2026-09-11,C03412,Córdoba,SMB,Marketplace,Cleaning,Paper towels x12,4,19.74,78.96,55.54,Delivered,5,4
15557,2026-09-11,C00642,Córdoba,SMB,Website,Tech,USB-C dock,5,121.52,607.6,407.75,Delivered,5,4
15558,2026-09-11,C01781,Cuyo,SMB,Marketplace,Tech,USB-C dock,3,119.49,358.47,236.84,Delivered,3,3
15559,2026-09-11,C00011,Buenos Aires,Enterprise,Website,Cleaning,Paper towels x12,6,20.51,123.06,71.9,Delivered,3,1
15560,2026-09-11,C00011,Buenos Aires,Enterprise,Marketplace,Office,Paper A4 box,2,18.05,36.1,23.73,Delivered,3,1
15561,2026-09-11,C00015,Cuyo,Consumer,Sales rep,Cleaning,Paper towels x12,6,19.65,117.9,72.33,Delivered,5,4
15562,2026-09-11,C00899,Buenos Aires,SMB,Sales rep,Cleaning,Paper towels x12,3,20.27,60.81,36.31,Delivered,2,2
15563,2026-09-11,C02720,Cuyo,SMB,Sales rep,Tech,27in monitor,4,244.43,977.72,539.8,Cancelled,2,3
15564,2026-09-12,C02523,Córdoba,Consumer,Website,Office,Ergonomic chair,7,205.43,1438.01,979.54,Delivered,2,1
15565,2026-09-12,C00165,Córdoba,Enterprise,Marketplace,Tech,27in monitor,6,257.01,1542.06,825.53,Delivered,3,2
15566,2026-09-12,C00600,Córdoba,SMB,Sales rep,Office,Paper A4 box,7,19.07,133.49,78.0,Delivered,2,1
15567,2026-09-12,C00126,Córdoba,Consumer,Website,Cleaning,Paper towels x12,6,20.93,125.58,73.2,Delivered,3,1
15568,2026-09-12,C00009,NOA,Consumer,Website,Tech,27in monitor,3,234.74,704.22,427.21,Delivered,5,5
15569,2026-09-12,C00012,Buenos Aires,Consumer,Sales rep,Cleaning,Disinfectant 5L,4,14.34,57.36,40.52,Delivered,3,4
15570,2026-09-12,C00251,Buenos Aires,SMB,Marketplace,Office,Ergonomic chair,1,201.5,201.5,124.14,Delivered,2,1
15571,2026-09-12,C00914,Cuyo,SMB,Marketplace,Office,Toner cartridge,2,61.79,123.58,85.13,Delivered,5,4
15572,2026-09-12,C01012,Córdoba,SMB,Website,Office,Paper A4 box,7,16.88,118.16,85.4,Delivered,5,5
15573,2026-09-12,C00001,Cuyo,SMB,Marketplace,Cleaning,Paper towels x12,7,20.2,141.4,88.88,Delivered,2,1
15574,2026-09-12,C00097,Córdoba,SMB,Website,Cleaning,Paper towels x12,6,19.74,118.44,76.91,Delivered,3,3
15575,2026-09-12,C00597,Córdoba,Consumer,Website,Tech,27in monitor,2,257.39,514.78,271.59,Delivered,3,3
15576,2026-09-12,C00003,Córdoba,Consumer,Marketplace,Office,Toner cartridge,7,67.42,471.94,287.23,Delivered,3,3
15577,2026-09-12,C03018,NOA,Consumer,Sales rep,Office,Ergonomic chair,7,218.59,1530.13,816.99,Delivered,2,2
15578,2026-09-13,C00012,Buenos Aires,Consumer,Website,Cleaning,Disinfectant 5L,1,15.57,15.57,10.16,Cancelled,2,1
15579,2026-09-13,C00113,Cuyo,Consumer,Sales rep,Cleaning,Paper towels x12,4,20.72,82.88,50.85,Delivered,2,1
15580,2026-09-13,C00013,Córdoba,Enterprise,Website,Cleaning,Paper towels x12,2,19.95,39.9,26.44,Delivered,2,2
15581,2026-09-13,C00940,NOA,Consumer,Sales rep,Tech,USB-C dock,7,115.53,808.71,550.78,Delivered,5,4
15582,2026-09-13,C00105,Córdoba,Consumer,Sales rep,Tech,27in monitor,6,232.5,1395.0,908.18,Delivered,5,5
15583,2026-09-13,C00354,Buenos Aires,SMB,Marketplace,Cleaning,Paper towels x12,7,22.38,156.66,97.25,Delivered,3,5
15584,2026-09-13,C01458,Buenos Aires,Consumer,Marketplace,Tech,USB-C dock,7,121.45,850.15,506.2,Delivered,2,1
15585,2026-09-13,C00113,Cuyo,Consumer,Marketplace,Tech,Wireless mouse,3,22.95,68.85,45.63,Returned,5,4
15586,2026-09-13,C00070,Cuyo,Consumer,Marketplace,Office,Toner cartridge,6,68.3,409.8,235.98,Delivered,5,4
15587,2026-09-14,C00003,Córdoba,Consumer,Website,Cleaning,Paper towels x12,3,21.55,64.65,35.92,Delivered,5,2
15588,2026-09-14,C00083,NOA,SMB,Website,Office,Toner cartridge,6,68.86,413.16,251.97,Delivered,3,1
15589,2026-09-14,C01892,Córdoba,Consumer,Sales rep,Office,Ergonomic chair,6,204.08,1224.48,735.33,Delivered,3,1
15590,2026-09-14,C00934,Buenos Aires,Consumer,Website,Tech,USB-C dock,6,111.4,668.4,434.8,Delivered,2,2
15591,2026-09-14,C03649,Córdoba,Consumer,Website,Tech,USB-C dock,1,123.46,123.46,77.98,Delivered,5,5
15592,2026-09-14,C00010,Córdoba,SMB,Marketplace,Office,Paper A4 box,6,17.54,105.24,68.5,Delivered,5,6
15593,2026-09-14,C03260,NOA,SMB,Website,Tech,27in monitor,6,229.28,1375.68,929.53,Delivered,5,3
15594,2026-09-14,C00068,Buenos Aires,Consumer,Marketplace,Cleaning,Disinfectant 5L,7,16.08,112.56,60.05,Delivered,2,1
15595,2026-09-14,C00001,Cuyo,SMB,Website,Tech,Wireless mouse,6,22.84,137.04,83.58,Delivered,3,3
15596,2026-09-14,C03145,Cuyo,Consumer,Website,Office,Paper A4 box,7,16.64,116.48,79.39,Delivered,2,1
15597,2026-09-14,C00502,Buenos Aires,Enterprise,Website,Cleaning,Disinfectant 5L,2,15.15,30.3,20.86,Delivered,3,3
15598,2026-09-14,C01104,Córdoba,SMB,Website,Office,Ergonomic chair,5,223.21,1116.05,732.96,Delivered,3,1
15599,2026-09-14,C00002,Buenos Aires,SMB,Sales rep,Cleaning,Disinfectant 5L,7,13.9,97.3,59.34,Delivered,2,1
15600,2026-09-14,C00274,Buenos Aires,SMB,Website,Tech,Wireless mouse,6,20.56,123.36,84.2,Delivered,2,2
15601,2026-09-14,C00285,Cuyo,Enterprise,Website,Office,Ergonomic chair,5,221.88,1109.4,626.2,Delivered,3,2
15602,2026-09-14,C00003,Córdoba,Consumer,Website,Office,Ergonomic chair,7,204.59,1432.13,866.71,Delivered,3,3
15603,2026-09-14,C00004,Cuyo,Consumer,Website,Office,Toner cartridge,6,59.63,357.78,237.91,Delivered,2,1
15604,2026-09-14,C00953,Buenos Aires,Consumer,Sales rep,Office,Toner cartridge,4,64.79,259.16,159.68,Delivered,2,1
15605,2026-09-14,C00240,Cuyo,SMB,Sales rep,Cleaning,Paper towels x12,3,19.62,58.86,38.29,Delivered,3,3
15606,2026-09-14,C00005,Cuyo,SMB,Marketplace,Cleaning,Disinfectant 5L,3,14.09,42.27,31.41,Delivered,3,1
15607,2026-09-14,C00548,Cuyo,Enterprise,Website,Cleaning,Paper towels x12,2,19.42,38.84,26.09,Delivered,2,1
15608,2026-09-14,C00063,Buenos Aires,SMB,Marketplace,Cleaning,Disinfectant 5L,2,15.87,31.74,17.55,Returned,2,2
15609,2026-09-15,C00001,Cuyo,SMB,Sales rep,Office,Ergonomic chair,2,219.53,439.06,253.87,Delivered,3,2
15610,2026-09-15,C00514,Buenos Aires,SMB,Sales rep,Tech,USB-C dock,2,119.19,238.38,160.5,Delivered,3,3
15611,2026-09-15,C00008,Cuyo,SMB,Website,Tech,27in monitor,5,243.53,1217.65,851.87,Delivered,3,3
15612,2026-09-15,C00141,Cuyo,SMB,Marketplace,Cleaning,Disinfectant 5L,5,16.16,80.8,43.75,Cancelled,3,3
15613,2026-09-15,C00002,Buenos Aires,SMB,Website,Office,Paper A4 box,3,19.36,58.08,32.01,Delivered,2,3
15614,2026-09-15,C00003,Córdoba,Consumer,Website,Tech,Wireless mouse,1,21.08,21.08,13.06,Delivered,5,4
15615,2026-09-15,C00669,Cuyo,SMB,Marketplace,Cleaning,Disinfectant 5L,7,14.66,102.62,62.87,Delivered,3,3
15616,2026-09-15,C00022,Cuyo,SMB,Website,Tech,27in monitor,5,258.64,1293.2,816.48,Delivered,2,1
15617,2026-09-15,C01542,Buenos Aires,SMB,Sales rep,Office,Ergonomic chair,1,203.76,203.76,129.52,Delivered,2,1
15618,2026-09-15,C00016,Córdoba,Consumer,Marketplace,Tech,27in monitor,7,246.55,1725.85,989.34,Delivered,3,1
15619,2026-09-15,C02309,Cuyo,SMB,Marketplace,Tech,27in monitor,7,225.4,1577.8,1138.83,Returned,2,1
15620,2026-09-15,C00010,Córdoba,SMB,Website,Tech,USB-C dock,3,115.11,345.33,201.36,Delivered,5,4
15621,2026-09-15,C00001,Cuyo,SMB,Website,Cleaning,Disinfectant 5L,2,14.58,29.16,16.73,Delivered,3,2
15622,2026-09-15,C00001,Cuyo,SMB,Website,Cleaning,Paper towels x12,1,20.52,20.52,14.33,Delivered,2,1
15623,2026-09-15,C02332,Cuyo,SMB,Marketplace,Tech,USB-C dock,1,128.13,128.13,77.74,Delivered,2,1
15624,2026-09-15,C00011,Buenos Aires,Enterprise,Website,Office,Paper A4 box,4,19.14,76.56,44.27,Delivered,3,1
15625,2026-09-15,C00001,Cuyo,SMB,Website,Tech,USB-C dock,7,118.93,832.51,475.21,Delivered,2,1
15626,2026-09-16,C00731,Patagonia,SMB,Website,Tech,Wireless mouse,5,23.47,117.35,62.27,Delivered,2,1
15627,2026-09-16,C01745,Córdoba,SMB,Marketplace,Office,Ergonomic chair,1,216.8,216.8,118.61,Delivered,5,4
15628,2026-09-16,C00017,Córdoba,Enterprise,Marketplace,Tech,27in monitor,5,229.76,1148.8,814.78,Delivered,3,3
15629,2026-09-16,C01504,Buenos Aires,Consumer,Website,Office,Toner cartridge,3,63.08,189.24,110.66,Delivered,2,2
15630,2026-09-16,C00426,NOA,Enterprise,Marketplace,Office,Ergonomic chair,6,215.02,1290.12,698.27,Returned,3,3
15631,2026-09-16,C00053,Cuyo,Consumer,Marketplace,Office,Toner cartridge,6,68.0,408.0,243.79,Delivered,3,3
15632,2026-09-16,C00142,Buenos Aires,SMB,Website,Office,Paper A4 box,3,18.65,55.95,31.1,Delivered,3,1
15633,2026-09-16,C00001,Cuyo,SMB,Marketplace,Tech,27in monitor,4,255.7,1022.8,543.78,Delivered,5,3
15634,2026-09-16,C00001,Cuyo,SMB,Website,Office,Paper A4 box,6,18.0,108.0,62.97,Delivered,5,6
15635,2026-09-16,C01575,Buenos Aires,Enterprise,Marketplace,Tech,USB-C dock,1,113.0,113.0,74.2,Delivered,3,3
15636,2026-09-16,C00001,Cuyo,SMB,Website,Tech,27in monitor,1,235.26,235.26,136.04,Delivered,5,5
15637,2026-09-16,C00001,Cuyo,SMB,Website,Tech,Wireless mouse,2,20.76,41.52,28.72,Delivered,5,6
15638,2026-09-16,C00030,Cuyo,Consumer,Sales rep,Tech,Wireless mouse,6,20.52,123.12,78.69,Delivered,5,7
15639,2026-09-16,C00068,Buenos Aires,Consumer,Website,Cleaning,Paper towels x12,4,21.14,84.56,54.69,Delivered,5,4
15640,2026-09-16,C00312,Buenos Aires,SMB,Marketplace,Tech,USB-C dock,3,119.41,358.23,216.04,Delivered,5,4
15641,2026-09-16,C00007,Cuyo,SMB,Sales rep,Office,Toner cartridge,5,59.79,298.95,186.62,Delivered,3,3
15642,2026-09-16,C03292,NOA,SMB,Sales rep,Cleaning,Disinfectant 5L,4,15.43,61.72,38.25,Delivered,2,2
15643,2026-09-16,C00333,Buenos Aires,Consumer,Website,Office,Toner cartridge,2,64.83,129.66,87.33,Delivered,5,4
15644,2026-09-16,C00188,Buenos Aires,SMB,Sales rep,Office,Toner cartridge,3,66.14,198.42,128.76,Delivered,5,4
15645,2026-09-16,C01548,Córdoba,Consumer,Sales rep,Cleaning,Disinfectant 5L,7,14.13,98.91,64.67,Delivered,3,2
15646,2026-09-16,C00022,Cuyo,SMB,Sales rep,Tech,27in monitor,5,232.79,1163.95,852.42,Delivered,2,1
15647,2026-09-16,C00066,Cuyo,Enterprise,Website,Office,Ergonomic chair,2,199.96,399.92,255.24,Delivered,3,2
15648,2026-09-16,C01635,Buenos Aires,Consumer,Marketplace,Cleaning,Disinfectant 5L,5,15.84,79.2,42.67,Delivered,5,5
15649,2026-09-17,C00008,Cuyo,SMB,Website,Office,Ergonomic chair,1,215.68,215.68,139.58,Delivered,5,4
15650,2026-09-17,C00133,Cuyo,SMB,Marketplace,Tech,Wireless mouse,4,23.32,93.28,49.56,Delivered,2,1
15651,2026-09-17,C00347,NOA,SMB,Website,Tech,USB-C dock,4,116.39,465.56,313.61,Delivered,5,5
15652,2026-09-17,C00014,Cuyo,SMB,Website,Cleaning,Paper towels x12,1,20.63,20.63,13.96,Delivered,5,5
15653,2026-09-17,C00039,NOA,SMB,Marketplace,Tech,USB-C dock,2,121.0,242.0,138.36,Delivered,3,2
15654,2026-09-17,C00500,Córdoba,SMB,Website,Office,Paper A4 box,4,18.41,73.64,41.38,Delivered,2,4
15655,2026-09-17,C00032,Cuyo,SMB,Marketplace,Tech,USB-C dock,6,123.27,739.62,483.89,Delivered,5,4
15656,2026-09-17,C02207,Buenos Aires,Enterprise,Sales rep,Tech,Wireless mouse,5,20.27,101.35,75.7,Delivered,5,4
15657,2026-09-17,C00001,Cuyo,SMB,Marketplace,Office,Toner cartridge,1,62.78,62.78,43.58,Delivered,5,4
15658,2026-09-17,C00002,Buenos Aires,SMB,Website,Tech,Wireless mouse,2,22.78,45.56,25.72,Delivered,5,3
15659,2026-09-17,C01658,Buenos Aires,SMB,Marketplace,Cleaning,Disinfectant 5L,5,13.87,69.35,47.79,Delivered,3,3
15660,2026-09-17,C00011,Buenos Aires,Enterprise,Marketplace,Tech,Wireless mouse,4,22.35,89.4,61.26,Delivered,2,2
15661,2026-09-17,C00001,Cuyo,SMB,Website,Cleaning,Disinfectant 5L,1,14.25,14.25,9.49,Delivered,3,2
15662,2026-09-17,C00001,Cuyo,SMB,Website,Office,Toner cartridge,3,66.63,199.89,111.72,Delivered,2,1
15663,2026-09-17,C00007,Cuyo,SMB,Website,Office,Paper A4 box,2,17.41,34.82,20.8,Delivered,2,2
15664,2026-09-17,C00030,Cuyo,Consumer,Sales rep,Tech,USB-C dock,5,116.42,582.1,341.85,Delivered,2,2
15665,2026-09-17,C01706,Córdoba,Enterprise,Website,Tech,USB-C dock,3,119.82,359.46,215.08,Delivered,5,3
15666,2026-09-17,C00183,Buenos Aires,SMB,Website,Office,Ergonomic chair,2,214.93,429.86,266.46,Delivered,3,2
15667,2026-09-17,C01618,Buenos Aires,SMB,Sales rep,Cleaning,Paper towels x12,4,20.87,83.48,53.22,Delivered,2,1
15668,2026-09-17,C00746,Buenos Aires,SMB,Website,Cleaning,Paper towels x12,3,21.63,64.89,37.04,Delivered,2,1
15669,2026-09-18,C00770,Buenos Aires,SMB,Marketplace,Cleaning,Disinfectant 5L,3,15.65,46.95,28.56,Delivered,5,2
15670,2026-09-18,C03824,Córdoba,Consumer,Website,Cleaning,Paper towels x12,4,20.62,82.48,47.81,Delivered,3,1
15671,2026-09-18,C00072,Cuyo,Enterprise,Website,Office,Ergonomic chair,2,194.48,388.96,266.98,Delivered,5,5
15672,2026-09-18,C02352,Buenos Aires,SMB,Sales rep,Cleaning,Paper towels x12,2,21.24,42.48,27.92,Delivered,2,1
15673,2026-09-18,C00215,Cuyo,Consumer,Marketplace,Cleaning,Disinfectant 5L,2,15.1,30.2,20.06,Delivered,3,2
15674,2026-09-18,C01024,Patagonia,SMB,Marketplace,Office,Paper A4 box,7,16.81,117.67,84.99,Delivered,3,1
15675,2026-09-18,C00220,Cuyo,Enterprise,Website,Tech,Wireless mouse,3,20.39,61.17,40.65,Delivered,2,1
15676,2026-09-18,C00001,Cuyo,SMB,Sales rep,Tech,USB-C dock,6,113.18,679.08,420.25,Delivered,5,3
15677,2026-09-18,C00001,Cuyo,SMB,Sales rep,Cleaning,Disinfectant 5L,1,15.24,15.24,9.01,Delivered,2,4
15678,2026-09-18,C00046,Córdoba,SMB,Marketplace,Tech,27in monitor,6,238.88,1433.28,904.15,Delivered,2,1
15679,2026-09-18,C00026,Buenos Aires,SMB,Website,Cleaning,Disinfectant 5L,7,15.51,108.57,64.97,Delivered,3,2
15680,2026-09-18,C02851,Cuyo,SMB,Website,Office,Ergonomic chair,4,218.51,874.04,569.57,Delivered,2,2
15681,2026-09-18,C00001,Cuyo,SMB,Marketplace,Tech,Wireless mouse,6,22.26,133.56,90.27,Delivered,2,1
15682,2026-09-18,C01334,Buenos Aires,SMB,Sales rep,Cleaning,Paper towels x12,7,19.76,138.32,84.6,Delivered,5,3
15683,2026-09-18,C00581,Córdoba,Consumer,Marketplace,Office,Paper A4 box,2,18.18,36.36,21.79,Delivered,3,2
15684,2026-09-18,C00126,Córdoba,Consumer,Sales rep,Cleaning,Disinfectant 5L,7,16.14,112.98,63.24,Delivered,2,1
15685,2026-09-18,C00036,Cuyo,Consumer,Website,Office,Ergonomic chair,5,201.53,1007.65,634.93,Delivered,2,1
15686,2026-09-18,C00200,Patagonia,Consumer,Sales rep,Tech,USB-C dock,2,127.29,254.58,137.18,Delivered,2,1
15687,2026-09-18,C01430,Cuyo,Consumer,Marketplace,Tech,USB-C dock,5,117.64,588.2,359.12,Delivered,2,1
15688,2026-09-18,C00368,Cuyo,SMB,Website,Cleaning,Paper towels x12,3,22.53,67.59,43.34,Delivered,5,5
15689,2026-09-18,C00066,Cuyo,Enterprise,Marketplace,Office,Toner cartridge,7,65.48,458.36,300.55,Delivered,2,2
15690,2026-09-18,C00191,Buenos Aires,Enterprise,Website,Tech,27in monitor,1,245.96,245.96,158.85,Delivered,2,1
15691,2026-09-18,C01978,Córdoba,Consumer,Marketplace,Tech,27in monitor,5,260.76,1303.8,737.24,Delivered,5,4
15692,2026-09-18,C02842,NOA,Consumer,Marketplace,Tech,27in monitor,4,257.46,1029.84,636.57,Delivered,5,6
15693,2026-09-19,C00001,Cuyo,SMB,Marketplace,Cleaning,Disinfectant 5L,7,14.15,99.05,70.22,Delivered,2,1
15694,2026-09-19,C00120,Cuyo,SMB,Marketplace,Cleaning,Disinfectant 5L,4,15.69,62.76,35.7,Delivered,2,3
15695,2026-09-19,C00149,Córdoba,SMB,Website,Office,Ergonomic chair,2,201.41,402.82,272.39,Delivered,5,5
15696,2026-09-19,C00647,Patagonia,SMB,Marketplace,Tech,USB-C dock,4,122.18,488.72,322.32,Delivered,3,2
15697,2026-09-19,C00848,Buenos Aires,SMB,Marketplace,Cleaning,Paper towels x12,7,19.38,135.66,102.81,Delivered,2,1
15698,2026-09-19,C00970,Patagonia,Consumer,Website,Tech,27in monitor,3,264.09,792.27,495.52,Delivered,5,3
15699,2026-09-19,C00227,Buenos Aires,Enterprise,Website,Cleaning,Paper towels x12,5,20.23,101.15,61.59,Delivered,5,5
15700,2026-09-19,C01467,Córdoba,Enterprise,Website,Tech,Wireless mouse,6,20.27,121.62,73.42,Delivered,3,2
15701,2026-09-20,C00001,Cuyo,SMB,Website,Cleaning,Disinfectant 5L,3,15.3,45.9,25.44,Delivered,2,1
15702,2026-09-20,C00001,Cuyo,SMB,Website,Cleaning,Paper towels x12,3,21.24,63.72,38.62,Delivered,2,1
15703,2026-09-20,C00003,Córdoba,Consumer,Sales rep,Tech,USB-C dock,6,119.99,719.94,481.78,Delivered,3,3
15704,2026-09-20,C00223,Cuyo,Consumer,Website,Office,Toner cartridge,7,61.05,427.35,285.17,Delivered,5,6
15705,2026-09-20,C00005,Cuyo,SMB,Marketplace,Tech,Wireless mouse,1,22.98,22.98,13.72,Delivered,5,3
15706,2026-09-20,C00021,NOA,SMB,Website,Office,Paper A4 box,4,17.69,70.76,47.31,Delivered,2,3
15707,2026-09-21,C00035,Buenos Aires,SMB,Marketplace,Tech,USB-C dock,3,128.77,386.31,205.59,Delivered,2,1
15708,2026-09-21,C00407,Córdoba,Consumer,Sales rep,Office,Ergonomic chair,7,215.91,1511.37,912.73,Delivered,5,2
15709,2026-09-21,C01188,Buenos Aires,Enterprise,Website,Office,Toner cartridge,5,65.0,325.0,194.02,Delivered,2,1
15710,2026-09-21,C00001,Cuyo,SMB,Marketplace,Office,Ergonomic chair,6,200.97,1205.82,706.6,Delivered,2,2
15711,2026-09-21,C00023,Buenos Aires,Consumer,Sales rep,Tech,Wireless mouse,2,21.82,43.64,26.99,Delivered,3,3
15712,2026-09-21,C00048,Cuyo,Consumer,Website,Cleaning,Paper towels x12,3,20.93,62.79,36.53,Delivered,3,2
15713,2026-09-21,C00007,Cuyo,SMB,Marketplace,Tech,Wireless mouse,2,21.52,43.04,25.56,Delivered,5,5
15714,2026-09-21,C01833,Córdoba,SMB,Website,Office,Ergonomic chair,7,206.67,1446.69,1018.68,Delivered,5,6
15715,2026-09-21,C00035,Buenos Aires,SMB,Marketplace,Tech,USB-C dock,6,110.42,662.52,409.75,Delivered,5,2
15716,2026-09-21,C00010,Córdoba,SMB,Marketplace,Office,Paper A4 box,1,16.92,16.92,10.54,Delivered,2,2
15717,2026-09-21,C03719,Cuyo,Enterprise,Sales rep,Tech,Wireless mouse,3,22.86,68.58,44.4,Delivered,3,3
15718,2026-09-21,C01649,Cuyo,SMB,Marketplace,Tech,USB-C dock,1,120.67,120.67,81.78,Delivered,5,5
15719,2026-09-21,C00001,Cuyo,SMB,Website,Cleaning,Disinfectant 5L,3,15.87,47.61,29.91,Delivered,2,1
15720,2026-09-21,C00523,Buenos Aires,SMB,Marketplace,Tech,Wireless mouse,5,23.57,117.85,69.25,Delivered,2,2
15721,2026-09-21,C00969,Buenos Aires,SMB,Sales rep,Office,Paper A4 box,7,16.74,117.18,79.97,Delivered,3,1
15722,2026-09-21,C00029,Patagonia,Consumer,Marketplace,Office,Toner cartridge,5,61.34,306.7,200.17,Delivered,5,3
15723,2026-09-21,C00059,Cuyo,Consumer,Marketplace,Office,Toner cartridge,7,65.22,456.54,284.95,Delivered,5,4
15724,2026-09-21,C01607,Cuyo,Consumer,Website,Office,Ergonomic chair,7,205.65,1439.55,979.33,Delivered,3,3
15725,2026-09-21,C00002,Buenos Aires,SMB,Marketplace,Office,Paper A4 box,7,16.81,117.67,70.04,Delivered,5,5
15726,2026-09-21,C00071,Patagonia,Consumer,Sales rep,Cleaning,Paper towels x12,5,20.7,103.5,61.61,Delivered,3,1
15727,2026-09-21,C00582,Córdoba,SMB,Website,Cleaning,Disinfectant 5L,6,15.44,92.64,52.36,Delivered,5,4
15728,2026-09-21,C00021,NOA,SMB,Website,Tech,27in monitor,7,263.77,1846.39,1065.48,Delivered,2,1
15729,2026-09-21,C03168,Cuyo,Enterprise,Marketplace,Office,Toner cartridge,6,62.45,374.7,234.21,Delivered,2,1
15730,2026-09-21,C01259,Cuyo,Consumer,Marketplace,Cleaning,Paper towels x12,1,21.15,21.15,11.77,Delivered,3,1
15731,2026-09-21,C00062,Patagonia,Consumer,Marketplace,Office,Toner cartridge,3,60.86,182.58,132.99,Delivered,5,5
15732,2026-09-21,C00317,Cuyo,SMB,Sales rep,Tech,27in monitor,4,238.95,955.8,599.59,Delivered,3,3
15733,2026-09-21,C00501,Cuyo,SMB,Sales rep,Office,Ergonomic chair,3,196.51,589.53,413.38,Delivered,5,3
15734,2026-09-22,C02947,Córdoba,Consumer,Website,Cleaning,Paper towels x12,3,20.2,60.6,38.45,Delivered,3,2
15735,2026-09-22,C00129,Buenos Aires,SMB,Website,Tech,Wireless mouse,4,23.73,94.92,54.38,Delivered,3,1
15736,2026-09-22,C02190,Patagonia,SMB,Marketplace,Office,Paper A4 box,3,18.82,56.46,37.35,Delivered,3,2
15737,2026-09-22,C00022,Cuyo,SMB,Website,Tech,USB-C dock,1,110.58,110.58,72.04,Delivered,5,6
15738,2026-09-22,C01557,Buenos Aires,SMB,Website,Tech,Wireless mouse,6,20.95,125.7,79.9,Delivered,5,4
15739,2026-09-22,C00047,Buenos Aires,SMB,Sales rep,Tech,27in monitor,3,239.12,717.36,405.61,Delivered,3,2
15740,2026-09-22,C00005,Cuyo,SMB,Website,Cleaning,Disinfectant 5L,2,14.86,29.72,17.39,Returned,2,1
15741,2026-09-22,C00011,Buenos Aires,Enterprise,Sales rep,Cleaning,Disinfectant 5L,6,14.18,85.08,57.74,Delivered,5,5
15742,2026-09-22,C00130,Buenos Aires,Consumer,Marketplace,Office,Paper A4 box,4,17.88,71.52,43.94,Delivered,2,3
15743,2026-09-22,C00027,Cuyo,SMB,Website,Tech,Wireless mouse,3,23.02,69.06,42.97,Delivered,5,3
15744,2026-09-22,C01534,Patagonia,SMB,Sales rep,Tech,Wireless mouse,2,22.02,44.04,25.41,Delivered,2,2
15745,2026-09-22,C00078,Patagonia,Enterprise,Website,Tech,Wireless mouse,7,21.22,148.54,97.15,Delivered,5,2
15746,2026-09-22,C00038,Cuyo,Consumer,Marketplace,Office,Ergonomic chair,5,211.36,1056.8,610.06,Delivered,2,3
15747,2026-09-22,C00003,Córdoba,Consumer,Website,Tech,Wireless mouse,6,20.27,121.62,74.61,Delivered,3,1
15748,2026-09-22,C02333,Córdoba,Consumer,Website,Tech,Wireless mouse,7,22.85,159.95,106.62,Delivered,5,6
15749,2026-09-22,C00001,Cuyo,SMB,Sales rep,Tech,Wireless mouse,5,21.93,109.65,61.87,Delivered,3,2
15750,2026-09-23,C00051,Buenos Aires,SMB,Website,Office,Toner cartridge,3,65.32,195.96,130.81,Delivered,2,1
15751,2026-09-23,C00008,Cuyo,SMB,Website,Office,Toner cartridge,2,61.19,122.38,79.45,Delivered,2,1
15752,2026-09-23,C00323,Buenos Aires,Consumer,Website,Tech,USB-C dock,4,124.41,497.64,314.7,Delivered,3,4
15753,2026-09-23,C00079,Cuyo,Enterprise,Marketplace,Tech,Wireless mouse,7,20.54,143.78,85.06,Delivered,3,2
15754,2026-09-23,C00012,Buenos Aires,Consumer,Marketplace,Tech,Wireless mouse,7,23.75,166.25,90.77,Delivered,3,1
15755,2026-09-23,C00358,Cuyo,Consumer,Website,Tech,USB-C dock,1,125.23,125.23,72.52,Delivered,5,6
15756,2026-09-23,C00004,Cuyo,Consumer,Website,Office,Ergonomic chair,4,214.81,859.24,527.47,Delivered,2,3
15757,2026-09-23,C00933,Cuyo,Consumer,Website,Cleaning,Disinfectant 5L,3,14.12,42.36,25.12,Delivered,2,1
15758,2026-09-23,C00120,Cuyo,SMB,Website,Office,Paper A4 box,2,18.93,37.86,25.07,Delivered,3,1
15759,2026-09-23,C00986,Buenos Aires,Consumer,Sales rep,Office,Ergonomic chair,6,207.75,1246.5,766.81,Delivered,2,1
15760,2026-09-23,C00064,Cuyo,SMB,Website,Office,Ergonomic chair,6,195.05,1170.3,813.41,Cancelled,3,1
15761,2026-09-23,C00001,Cuyo,SMB,Marketplace,Tech,27in monitor,5,241.17,1205.85,796.14,Delivered,5,3
15762,2026-09-23,C01070,Cuyo,Consumer,Marketplace,Office,Paper A4 box,3,16.73,50.19,31.09,Delivered,3,1
15763,2026-09-23,C00065,Córdoba,SMB,Sales rep,Tech,USB-C dock,2,123.78,247.56,152.25,Delivered,3,1
15764,2026-09-23,C00205,Buenos Aires,Enterprise,Website,Office,Toner cartridge,5,63.71,318.55,214.07,Delivered,5,4
15765,2026-09-23,C00002,Buenos Aires,SMB,Marketplace,Office,Toner cartridge,4,60.53,242.12,152.52,Delivered,5,4
15766,2026-09-24,C00022,Cuyo,SMB,Sales rep,Office,Ergonomic chair,1,208.57,208.57,138.53,Delivered,2,1
15767,2026-09-24,C00004,Cuyo,Consumer,Website,Tech,Wireless mouse,5,20.48,102.4,68.85,Delivered,3,1
15768,2026-09-24,C01428,Córdoba,Consumer,Website,Office,Toner cartridge,5,65.59,327.95,191.12,Delivered,3,4
15769,2026-09-24,C00015,Cuyo,Consumer,Website,Office,Paper A4 box,3,17.41,52.23,35.78,Delivered,5,3
15770,2026-09-24,C00004,Cuyo,Consumer,Marketplace,Cleaning,Disinfectant 5L,2,15.04,30.08,17.22,Delivered,2,4
15771,2026-09-24,C00468,Cuyo,SMB,Sales rep,Cleaning,Disinfectant 5L,6,15.84,95.04,62.32,Delivered,3,3
15772,2026-09-24,C00016,Córdoba,Consumer,Sales rep,Office,Ergonomic chair,1,208.13,208.13,128.16,Delivered,2,1
15773,2026-09-24,C00153,Buenos Aires,Consumer,Website,Tech,Wireless mouse,1,21.87,21.87,14.28,Delivered,3,2
15774,2026-09-24,C00005,Cuyo,SMB,Website,Cleaning,Disinfectant 5L,7,14.97,104.79,69.9,Delivered,2,1
15775,2026-09-24,C00008,Cuyo,SMB,Sales rep,Cleaning,Disinfectant 5L,3,15.07,45.21,30.74,Delivered,5,2
15776,2026-09-24,C00017,Córdoba,Enterprise,Website,Office,Toner cartridge,6,66.98,401.88,214.92,Delivered,5,4
15777,2026-09-24,C00214,Patagonia,Consumer,Website,Tech,USB-C dock,3,118.4,355.2,243.23,Delivered,5,3
15778,2026-09-24,C02996,Córdoba,Consumer,Website,Office,Ergonomic chair,7,194.33,1360.31,865.59,Delivered,3,3
15779,2026-09-24,C00032,Cuyo,SMB,Sales rep,Office,Paper A4 box,5,18.78,93.9,61.77,Cancelled,2,3
15780,2026-09-24,C00901,Buenos Aires,Consumer,Marketplace,Tech,Wireless mouse,3,22.82,68.46,45.75,Delivered,2,4
15781,2026-09-24,C00259,Cuyo,SMB,Website,Office,Toner cartridge,7,66.48,465.36,299.77,Delivered,2,2
15782,2026-09-24,C00485,Buenos Aires,Enterprise,Website,Tech,Wireless mouse,4,22.06,88.24,51.23,Delivered,2,1
15783,2026-09-24,C00008,Cuyo,SMB,Website,Cleaning,Disinfectant 5L,6,14.34,86.04,54.15,Delivered,5,5
15784,2026-09-24,C00056,Buenos Aires,Consumer,Website,Cleaning,Paper towels x12,5,20.05,100.25,64.81,Delivered,3,1
15785,2026-09-24,C00361,Córdoba,Consumer,Website,Tech,USB-C dock,6,121.8,730.8,466.2,Delivered,2,1
15786,2026-09-24,C00552,Cuyo,Consumer,Marketplace,Office,Toner cartridge,6,68.73,412.38,256.74,Delivered,5,7
15787,2026-09-24,C00535,Cuyo,SMB,Website,Office,Ergonomic chair,3,221.67,665.01,415.21,Delivered,3,1
15788,2026-09-25,C00064,Cuyo,SMB,Sales rep,Tech,27in monitor,2,241.03,482.06,334.6,Delivered,5,5
15789,2026-09-25,C00022,Cuyo,SMB,Website,Tech,USB-C dock,3,113.86,341.58,214.12,Delivered,5,4
15790,2026-09-25,C00452,Buenos Aires,SMB,Website,Cleaning,Paper towels x12,2,22.57,45.14,27.49,Delivered,5,3
15791,2026-09-25,C02920,Buenos Aires,SMB,Website,Tech,USB-C dock,3,111.5,334.5,207.66,Delivered,5,5
15792,2026-09-25,C00059,Cuyo,Consumer,Website,Tech,27in monitor,4,252.99,1011.96,596.08,Delivered,2,1
15793,2026-09-25,C00001,Cuyo,SMB,Website,Office,Ergonomic chair,3,225.07,675.21,383.4,Delivered,2,2
15794,2026-09-25,C00013,Córdoba,Enterprise,Website,Tech,Wireless mouse,6,20.76,124.56,85.53,Delivered,2,2
15795,2026-09-25,C00578,NOA,SMB,Website,Office,Toner cartridge,1,64.28,64.28,36.24,Delivered,3,3
15796,2026-09-25,C00623,Buenos Aires,SMB,Marketplace,Office,Ergonomic chair,7,214.28,1499.96,862.45,Delivered,5,4
15797,2026-09-25,C00002,Buenos Aires,SMB,Sales rep,Cleaning,Disinfectant 5L,3,13.84,41.52,26.16,Delivered,3,2
15798,2026-09-25,C00002,Buenos Aires,SMB,Website,Office,Ergonomic chair,3,198.25,594.75,404.59,Delivered,5,3
15799,2026-09-25,C01072,NOA,Consumer,Sales rep,Office,Ergonomic chair,2,215.4,430.8,246.98,Delivered,5,5
15800,2026-09-25,C00573,Cuyo,Consumer,Sales rep,Tech,USB-C dock,5,126.73,633.65,334.42,Delivered,2,1
15801,2026-09-25,C00321,Cuyo,SMB,Sales rep,Office,Paper A4 box,2,18.95,37.9,21.89,Returned,3,2
15802,2026-09-25,C00350,Cuyo,Enterprise,Marketplace,Tech,Wireless mouse,6,22.48,134.88,91.24,Delivered,3,2
15803,2026-09-25,C00457,Buenos Aires,Consumer,Website,Tech,Wireless mouse,4,20.48,81.92,54.38,Delivered,3,1
15804,2026-09-25,C00002,Buenos Aires,SMB,Marketplace,Tech,27in monitor,1,238.72,238.72,167.24,Delivered,3,1
15805,2026-09-25,C03972,NOA,SMB,Marketplace,Office,Toner cartridge,2,68.38,136.76,88.22,Delivered,3,2
15806,2026-09-25,C00738,Buenos Aires,Consumer,Website,Office,Paper A4 box,2,17.43,34.86,24.89,Delivered,5,4
15807,2026-09-25,C00002,Buenos Aires,SMB,Marketplace,Tech,Wireless mouse,4,20.94,83.76,58.93,Delivered,3,2
15808,2026-09-25,C00001,Cuyo,SMB,Marketplace,Cleaning,Disinfectant 5L,2,15.01,30.02,17.66,Returned,3,2
15809,2026-09-25,C00077,Buenos Aires,Enterprise,Marketplace,Cleaning,Disinfectant 5L,1,14.41,14.41,8.78,Delivered,5,3
15810,2026-09-25,C00003,Córdoba,Consumer,Website,Cleaning,Disinfectant 5L,7,14.44,101.08,65.83,Delivered,5,5
15811,2026-09-26,C00194,Patagonia,Consumer,Marketplace,Cleaning,Paper towels x12,2,21.29,42.58,23.67,Delivered,2,3
15812,2026-09-26,C00948,Córdoba,Enterprise,Marketplace,Office,Toner cartridge,5,61.15,305.75,214.74,Delivered,5,4
15813,2026-09-26,C01818,Cuyo,SMB,Sales rep,Tech,27in monitor,3,261.02,783.06,483.73,Cancelled,3,3
15814,2026-09-26,C02020,Cuyo,SMB,Marketplace,Tech,27in monitor,6,233.3,1399.8,857.38,Delivered,5,4
15815,2026-09-26,C00025,Buenos Aires,SMB,Website,Office,Paper A4 box,5,18.2,91.0,59.68,Delivered,2,1
15816,2026-09-26,C00341,Buenos Aires,SMB,Marketplace,Tech,USB-C dock,7,120.95,846.65,506.13,Delivered,2,3
15817,2026-09-26,C00005,Cuyo,SMB,Marketplace,Tech,USB-C dock,6,124.29,745.74,407.11,Delivered,5,1
15818,2026-09-26,C00001,Cuyo,SMB,Website,Tech,USB-C dock,6,114.18,685.08,446.53,Returned,2,2
15819,2026-09-26,C01255,Buenos Aires,Consumer,Sales rep,Tech,USB-C dock,7,120.94,846.58,483.68,Delivered,2,1
15820,2026-09-26,C00002,Buenos Aires,SMB,Website,Office,Toner cartridge,3,62.79,188.37,118.91,Delivered,2,1
15821,2026-09-26,C00022,Cuyo,SMB,Website,Office,Paper A4 box,7,17.69,123.83,75.27,Delivered,2,1
15822,2026-09-26,C00049,Cuyo,SMB,Website,Cleaning,Disinfectant 5L,4,14.37,57.48,33.62,Delivered,2,1
15823,2026-09-27,C00151,Cuyo,SMB,Website,Cleaning,Disinfectant 5L,7,15.11,105.77,58.71,Delivered,5,2
15824,2026-09-27,C00011,Buenos Aires,Enterprise,Website,Cleaning,Paper towels x12,2,20.12,40.24,28.67,Delivered,2,1
15825,2026-09-27,C00129,Buenos Aires,SMB,Marketplace,Office,Paper A4 box,4,17.32,69.28,44.01,Delivered,3,1
15826,2026-09-27,C00005,Cuyo,SMB,Marketplace,Tech,USB-C dock,6,116.92,701.52,495.57,Delivered,3,3
15827,2026-09-27,C00018,Buenos Aires,SMB,Sales rep,Cleaning,Disinfectant 5L,2,14.89,29.78,20.33,Delivered,3,3
15828,2026-09-27,C00018,Buenos Aires,SMB,Sales rep,Tech,27in monitor,2,263.91,527.82,324.75,Delivered,2,1
15829,2026-09-27,C00029,Patagonia,Consumer,Sales rep,Office,Toner cartridge,6,62.14,372.84,266.27,Delivered,2,2
15830,2026-09-27,C02297,Buenos Aires,SMB,Website,Office,Ergonomic chair,1,197.77,197.77,129.99,Delivered,2,2
15831,2026-09-27,C00001,Cuyo,SMB,Sales rep,Tech,USB-C dock,4,119.26,477.04,290.72,Delivered,5,6
15832,2026-09-27,C00437,Buenos Aires,Enterprise,Marketplace,Cleaning,Paper towels x12,4,19.53,78.12,52.6,Delivered,5,4
15833,2026-09-27,C00001,Cuyo,SMB,Sales rep,Office,Toner cartridge,4,68.79,275.16,176.94,Delivered,3,5
15834,2026-09-28,C00009,NOA,Consumer,Website,Office,Ergonomic chair,3,194.97,584.91,429.27,Delivered,2,1
15835,2026-09-28,C00002,Buenos Aires,SMB,Marketplace,Cleaning,Disinfectant 5L,3,13.85,41.55,29.86,Delivered,2,2
15836,2026-09-28,C01814,Córdoba,SMB,Marketplace,Tech,Wireless mouse,4,22.95,91.8,56.45,Delivered,2,1
15837,2026-09-28,C00001,Cuyo,SMB,Marketplace,Tech,27in monitor,1,240.97,240.97,150.25,Delivered,2,3
15838,2026-09-28,C00013,Córdoba,Enterprise,Website,Office,Paper A4 box,5,18.11,90.55,52.16,Delivered,3,4
15839,2026-09-28,C01712,Cuyo,SMB,Website,Office,Toner cartridge,6,63.05,378.3,261.42,Delivered,2,1
15840,2026-09-28,C02889,NOA,Enterprise,Website,Office,Ergonomic chair,3,201.31,603.93,354.02,Delivered,2,1
15841,2026-09-28,C00036,Cuyo,Consumer,Sales rep,Tech,USB-C dock,4,119.12,476.48,286.07,Delivered,2,1
15842,2026-09-28,C00108,Cuyo,SMB,Marketplace,Tech,Wireless mouse,2,21.12,42.24,30.59,Delivered,5,5
15843,2026-09-28,C00759,Córdoba,Consumer,Marketplace,Tech,USB-C dock,1,122.96,122.96,69.54,Delivered,2,3
15844,2026-09-28,C00002,Buenos Aires,SMB,Sales rep,Office,Ergonomic chair,1,218.37,218.37,123.0,Delivered,5,5
15845,2026-09-28,C00758,Cuyo,SMB,Sales rep,Office,Toner cartridge,5,63.46,317.3,184.47,Delivered,5,2
15846,2026-09-28,C00339,Buenos Aires,SMB,Website,Office,Ergonomic chair,1,201.2,201.2,126.61,Delivered,5,2
15847,2026-09-28,C00375,Buenos Aires,SMB,Marketplace,Office,Toner cartridge,7,63.08,441.56,272.97,Delivered,2,1
15848,2026-09-28,C00006,NOA,Enterprise,Website,Office,Paper A4 box,1,18.37,18.37,10.46,Delivered,3,5
15849,2026-09-28,C00067,Cuyo,Consumer,Sales rep,Office,Paper A4 box,1,17.21,17.21,11.7,Delivered,2,2
15850,2026-09-28,C00039,NOA,SMB,Website,Tech,USB-C dock,6,114.16,684.96,468.25,Delivered,5,4
15851,2026-09-28,C01145,Buenos Aires,SMB,Sales rep,Office,Toner cartridge,7,60.94,426.58,291.86,Delivered,2,5
15852,2026-09-28,C00163,Buenos Aires,Enterprise,Sales rep,Tech,USB-C dock,3,114.44,343.32,242.9,Delivered,5,6
15853,2026-09-28,C00090,Buenos Aires,Enterprise,Website,Cleaning,Paper towels x12,2,20.56,41.12,23.74,Delivered,3,2
15854,2026-09-28,C00014,Cuyo,SMB,Website,Office,Toner cartridge,3,60.43,181.29,107.15,Delivered,2,2
15855,2026-09-28,C00848,Buenos Aires,SMB,Website,Office,Toner cartridge,6,67.5,405.0,229.95,Delivered,3,3
15856,2026-09-28,C00003,Córdoba,Consumer,Website,Cleaning,Disinfectant 5L,6,16.08,96.48,57.97,Returned,3,1
15857,2026-09-29,C00001,Cuyo,SMB,Marketplace,Cleaning,Paper towels x12,2,20.32,40.64,27.14,Cancelled,5,5
15858,2026-09-29,C03305,Cuyo,Enterprise,Website,Office,Ergonomic chair,2,212.11,424.22,265.82,Delivered,3,2
15859,2026-09-29,C00738,Buenos Aires,Consumer,Website,Office,Toner cartridge,4,63.19,252.76,145.96,Delivered,5,6
15860,2026-09-29,C00942,Buenos Aires,Consumer,Sales rep,Tech,Wireless mouse,4,23.47,93.88,49.32,Delivered,3,2
15861,2026-09-29,C03856,Buenos Aires,SMB,Marketplace,Tech,27in monitor,4,236.88,947.52,670.87,Delivered,5,6
15862,2026-09-29,C00771,Cuyo,SMB,Website,Office,Toner cartridge,1,59.98,59.98,37.14,Delivered,5,3
15863,2026-09-29,C00024,Buenos Aires,SMB,Marketplace,Office,Paper A4 box,1,19.26,19.26,11.97,Delivered,2,1
15864,2026-09-29,C00013,Córdoba,Enterprise,Sales rep,Cleaning,Disinfectant 5L,7,16.08,112.56,59.49,Delivered,3,1
15865,2026-09-29,C02702,Cuyo,SMB,Marketplace,Office,Ergonomic chair,5,224.37,1121.85,618.23,Delivered,3,2
15866,2026-09-29,C00002,Buenos Aires,SMB,Website,Office,Toner cartridge,6,65.06,390.36,226.38,Delivered,2,2
15867,2026-09-29,C00444,Buenos Aires,Consumer,Sales rep,Office,Ergonomic chair,7,212.16,1485.12,923.02,Delivered,3,4
15868,2026-09-29,C00422,Córdoba,SMB,Website,Office,Paper A4 box,2,17.82,35.64,21.45,Delivered,3,2
15869,2026-09-29,C01442,Buenos Aires,Enterprise,Website,Office,Paper A4 box,5,18.73,93.65,50.79,Delivered,5,4
15870,2026-09-29,C00670,Cuyo,SMB,Sales rep,Tech,USB-C dock,5,120.87,604.35,407.59,Delivered,3,2
15871,2026-09-29,C00508,Córdoba,Consumer,Marketplace,Cleaning,Disinfectant 5L,7,14.64,102.48,73.32,Delivered,5,3
15872,2026-09-29,C03052,Buenos Aires,SMB,Sales rep,Cleaning,Disinfectant 5L,5,16.15,80.75,41.39,Delivered,2,1
15873,2026-09-29,C00827,Buenos Aires,SMB,Website,Tech,USB-C dock,3,125.85,377.55,227.01,Delivered,3,1
15874,2026-09-29,C00612,Buenos Aires,Consumer,Website,Office,Ergonomic chair,1,194.34,194.34,146.0,Delivered,3,2
15875,2026-09-29,C00168,NOA,Consumer,Sales rep,Cleaning,Paper towels x12,5,21.35,106.75,69.23,Delivered,3,4
15876,2026-09-29,C01880,Buenos Aires,Consumer,Website,Tech,Wireless mouse,5,20.49,102.45,74.47,Delivered,5,5
15877,2026-09-29,C00003,Córdoba,Consumer,Website,Tech,USB-C dock,2,125.42,250.84,153.16,Delivered,3,5
15878,2026-09-29,C00030,Cuyo,Consumer,Website,Cleaning,Paper towels x12,2,21.88,43.76,26.39,Delivered,5,3
15879,2026-09-29,C00001,Cuyo,SMB,Website,Cleaning,Paper towels x12,7,20.04,140.28,98.08,Delivered,3,1
15880,2026-09-29,C00007,Cuyo,SMB,Marketplace,Cleaning,Paper towels x12,3,20.87,62.61,40.68,Delivered,5,6
15881,2026-09-29,C00001,Cuyo,SMB,Website,Tech,27in monitor,5,245.02,1225.1,718.6,Delivered,5,5
15882,2026-09-30,C03666,Buenos Aires,Consumer,Marketplace,Tech,Wireless mouse,6,23.64,141.84,84.63,Delivered,3,3
15883,2026-09-30,C00228,Cuyo,SMB,Marketplace,Office,Toner cartridge,5,60.7,303.5,193.51,Returned,2,1
15884,2026-09-30,C00043,Buenos Aires,Consumer,Website,Tech,Wireless mouse,5,22.33,111.65,65.31,Delivered,5,1
15885,2026-09-30,C00037,Córdoba,Enterprise,Website,Office,Toner cartridge,7,61.72,432.04,259.76,Delivered,5,4
15886,2026-09-30,C00292,Buenos Aires,Consumer,Website,Office,Toner cartridge,5,68.35,341.75,185.02,Delivered,3,3
15887,2026-09-30,C01616,Cuyo,Enterprise,Marketplace,Tech,Wireless mouse,4,23.72,94.88,52.49,Delivered,5,3
15888,2026-09-30,C00010,Córdoba,SMB,Marketplace,Cleaning,Paper towels x12,4,20.34,81.36,51.16,Delivered,5,4
15889,2026-09-30,C00033,Cuyo,SMB,Website,Cleaning,Disinfectant 5L,5,14.72,73.6,43.35,Delivered,5,3
15890,2026-09-30,C00389,Córdoba,SMB,Website,Cleaning,Disinfectant 5L,2,15.0,30.0,20.34,Delivered,5,6
15891,2026-09-30,C03653,Patagonia,Consumer,Marketplace,Cleaning,Disinfectant 5L,1,14.69,14.69,8.68,Delivered,3,2
15892,2026-09-30,C00574,Cuyo,Enterprise,Sales rep,Tech,27in monitor,1,262.83,262.83,168.66,Cancelled,5,6
15893,2026-09-30,C00036,Cuyo,Consumer,Website,Tech,USB-C dock,6,110.58,663.48,476.77,Cancelled,3,2
15894,2026-09-30,C00502,Buenos Aires,Enterprise,Website,Tech,27in monitor,6,251.51,1509.06,820.65,Delivered,3,2
15895,2026-09-30,C00060,Cuyo,Consumer,Website,Cleaning,Paper towels x12,2,20.28,40.56,24.62,Delivered,2,3
15896,2026-09-30,C00019,Patagonia,Consumer,Marketplace,Office,Paper A4 box,2,19.12,38.24,24.3,Delivered,5,4
15897,2026-09-30,C02403,Buenos Aires,Consumer,Website,Cleaning,Disinfectant 5L,2,15.67,31.34,20.46,Delivered,5,5
15898,2026-09-30,C00105,Córdoba,Consumer,Website,Cleaning,Disinfectant 5L,5,14.91,74.55,47.37,Delivered,2,2
15899,2026-09-30,C00035,Buenos Aires,SMB,Website,Tech,USB-C dock,3,117.89,353.67,201.75,Delivered,5,4
15900,2026-09-30,C02039,Córdoba,SMB,Website,Tech,27in monitor,6,240.59,1443.54,820.29,Delivered,2,1
